# This file uses centimeters as units for non-parametric coordinates.

mtllib goblin_oneside.mtl
g default
v 1.756775 0.672689 -0.645989
v 1.711043 0.679472 -0.634497
v 1.646639 0.680113 -0.617215
v 1.569236 0.675842 -0.595823
v 1.487917 0.663110 -0.572331
v 1.412960 0.636336 -0.548823
v 1.352996 0.593897 -0.527423
v 1.313757 0.540554 -0.510264
v 1.298252 0.484609 -0.499184
v 1.307231 0.434002 -0.495361
v 1.339665 0.394114 -0.499184
v 1.392726 0.368372 -0.510311
v 1.461484 0.360053 -0.527820
v 1.538952 0.372239 -0.550206
v 1.616481 0.405823 -0.575249
v 1.685136 0.456961 -0.600064
v 1.738011 0.517107 -0.621738
v 1.771981 0.575566 -0.638107
v 1.786683 0.623101 -0.647934
v 1.781887 0.655256 -0.650608
v 1.924944 0.828112 -0.678450
v 1.852125 0.814998 -0.657203
v 1.738644 0.801846 -0.624989
v 1.591172 0.802691 -0.585340
v 1.433261 0.797271 -0.542103
v 1.292088 0.747739 -0.497937
v 1.183439 0.650768 -0.456686
v 1.111495 0.541558 -0.423820
v 1.082481 0.433905 -0.402719
v 1.099139 0.338564 -0.395448
v 1.160345 0.263759 -0.402719
v 1.260701 0.215513 -0.423820
v 1.390305 0.198726 -0.456686
v 1.535948 0.217956 -0.498319
v 1.682066 0.288826 -0.546451
v 1.807000 0.408660 -0.594912
v 1.891116 0.552816 -0.635370
v 1.938638 0.683862 -0.664347
v 1.961763 0.774320 -0.681739
v 1.959604 0.819639 -0.686748
v 2.057646 0.969643 -0.681771
v 1.961742 0.938758 -0.652108
v 1.812659 0.905914 -0.607868
v 1.611034 0.912753 -0.554360
v 1.393702 0.917655 -0.496379
v 1.205193 0.831560 -0.434942
v 1.056479 0.694462 -0.377941
v 0.957862 0.543263 -0.332705
v 0.917698 0.395596 -0.303661
v 0.940051 0.265625 -0.293654
v 1.023745 0.163863 -0.303661
v 1.161648 0.097951 -0.332705
v 1.340414 0.074010 -0.377941
v 1.541158 0.097411 -0.434942
v 1.740952 0.190195 -0.500246
v 1.910519 0.372571 -0.568454
v 2.010455 0.598881 -0.623312
v 2.063556 0.792914 -0.661562
v 2.098643 0.912334 -0.685753
v 2.102081 0.965861 -0.693283
v 2.154523 1.063917 -0.656624
v 2.038293 1.029559 -0.621054
v 1.863614 0.985890 -0.568579
v 1.628543 0.996151 -0.506477
v 1.376120 1.001584 -0.439102
v 1.157427 0.887194 -0.366038
v 0.982779 0.725643 -0.299029
v 0.867104 0.547338 -0.245850
v 0.819600 0.374374 -0.211708
v 0.845538 0.222327 -0.199943
v 0.943612 0.103385 -0.211708
v 1.105456 0.026494 -0.245850
v 1.315855 -0.002191 -0.299029
v 1.552194 0.024554 -0.366038
v 1.786771 0.125754 -0.441756
v 1.986875 0.346118 -0.522883
v 2.099138 0.625393 -0.587597
v 2.160854 0.855461 -0.632615
v 2.204138 0.994569 -0.661444
v 2.207099 1.059042 -0.670196
v 2.195297 1.099768 -0.621047
v 2.073344 1.065962 -0.584002
v 1.887077 1.023447 -0.528546
v 1.640200 1.035562 -0.463490
v 1.377271 1.035222 -0.392571
v 1.148180 0.909807 -0.315343
v 0.964684 0.739636 -0.244886
v 0.843131 0.551990 -0.188971
v 0.793055 0.370405 -0.153071
v 0.820232 0.210742 -0.140701
v 0.923269 0.085862 -0.153071
v 1.093323 0.005275 -0.188971
v 1.314624 -0.025049 -0.244886
v 1.563262 0.002774 -0.315343
v 1.810260 0.104499 -0.394475
v 2.022244 0.333517 -0.479872
v 2.143812 0.626550 -0.548792
v 2.210897 0.868203 -0.596686
v 2.248322 1.025549 -0.626185
v 2.250527 1.094524 -0.635289
v 2.173109 1.072422 -0.587679
v 2.057029 1.037737 -0.552109
v 1.882370 0.994024 -0.499634
v 1.647382 1.004101 -0.437532
v 1.394946 1.009564 -0.370157
v 1.176013 0.895699 -0.297093
v 1.001322 0.734241 -0.230084
v 0.885671 0.555884 -0.176906
v 0.838185 0.382879 -0.142763
v 0.864123 0.230833 -0.130998
v 0.962197 0.111890 -0.142763
v 1.124058 0.034962 -0.176906
v 1.334480 0.006227 -0.230084
v 1.570779 0.033059 -0.297093
v 1.805267 0.134455 -0.372812
v 2.004665 0.356362 -0.453938
v 2.116810 0.635896 -0.518652
v 2.178954 0.865027 -0.563670
v 2.222723 1.003074 -0.592499
v 2.225684 1.067547 -0.601251
v 1.550399 0.531310 -0.583957
v 2.022687 1.005467 -0.541114
v 2.131257 1.037907 -0.574383
v 1.859328 0.964581 -0.492034
v 1.639542 0.974006 -0.433950
v 1.403438 0.979115 -0.370933
v 1.198669 0.872618 -0.302596
v 1.035280 0.721605 -0.239923
v 0.927111 0.554787 -0.190185
v 0.882698 0.392975 -0.158251
v 0.906957 0.250765 -0.147247
v 0.998686 0.139518 -0.158251
v 1.150076 0.067567 -0.190185
v 1.346884 0.040691 -0.239923
v 1.567896 0.065787 -0.302596
v 1.787213 0.160623 -0.373417
v 1.973710 0.368174 -0.449294
v 2.078600 0.629622 -0.509822
v 2.136724 0.843930 -0.551928
v 2.177661 0.973046 -0.578891
v 2.180431 1.033348 -0.587076
v 1.967718 0.956374 -0.544922
v 1.888149 0.861877 -0.532219
v 1.968841 0.887952 -0.557188
v 2.065429 0.985570 -0.574864
v 1.820698 0.919578 -0.500751
v 1.762753 0.834021 -0.494980
v 1.622895 0.928060 -0.448476
v 1.593260 0.839282 -0.449939
v 1.410405 0.932659 -0.391762
v 1.410333 0.843378 -0.401133
v 1.226116 0.836812 -0.330260
v 1.251384 0.771497 -0.349418
v 1.079069 0.700903 -0.273855
v 1.126120 0.656276 -0.301436
v 0.981719 0.550770 -0.229092
v 1.043117 0.528984 -0.263358
v 0.941747 0.405142 -0.200352
v 1.009319 0.404659 -0.238911
v 0.963581 0.277156 -0.190449
v 1.028135 0.295255 -0.230487
v 1.046135 0.177035 -0.200352
v 1.098586 0.209596 -0.238911
v 1.182383 0.112280 -0.229092
v 1.214677 0.154091 -0.263358
v 1.359508 0.088092 -0.273855
v 1.365163 0.133922 -0.301437
v 1.558414 0.110678 -0.330260
v 1.534122 0.153660 -0.349418
v 1.755796 0.196029 -0.393997
v 1.701915 0.232603 -0.404388
v 1.923640 0.382821 -0.462286
v 1.843846 0.387873 -0.461802
v 2.018039 0.618121 -0.516760
v 1.927920 0.578477 -0.507979
v 2.070350 0.810993 -0.554654
v 1.973107 0.740739 -0.540177
v 2.107193 0.927196 -0.578921
v 2.003043 0.840383 -0.560539
v 2.109685 0.981467 -0.586288
v 2.006188 0.884892 -0.566878
v 1.784255 0.750465 -0.499736
v 1.845456 0.761712 -0.517621
v 1.688896 0.739035 -0.472620
v 1.564988 0.739249 -0.439244
v 1.432167 0.734464 -0.402850
v 1.313232 0.692992 -0.365672
v 1.221683 0.611569 -0.330949
v 1.161123 0.519641 -0.303284
v 1.136701 0.429023 -0.285522
v 1.150723 0.348769 -0.279401
v 1.202243 0.285801 -0.285522
v 1.286719 0.245189 -0.303284
v 1.395816 0.231054 -0.330949
v 1.518308 0.247469 -0.365994
v 1.640782 0.308265 -0.406509
v 1.745426 0.410273 -0.447302
v 1.816136 0.531826 -0.481358
v 1.856388 0.641587 -0.505749
v 1.876145 0.717095 -0.520390
v 1.874522 0.754818 -0.524606
v 1.652592 0.630057 -0.448471
v 1.690967 0.624612 -0.458143
v 1.598512 0.630305 -0.433923
v 1.533487 0.626428 -0.415916
v 1.465132 0.615502 -0.396142
v 1.402082 0.592865 -0.376353
v 1.351623 0.557106 -0.358339
v 1.318607 0.512173 -0.343896
v 1.305570 0.465051 -0.334569
v 1.313157 0.422389 -0.331351
v 1.340459 0.388811 -0.334569
v 1.385066 0.367269 -0.343936
v 1.442811 0.360556 -0.358674
v 1.507827 0.371235 -0.377518
v 1.572860 0.400004 -0.398598
v 1.630459 0.443467 -0.419486
v 1.674872 0.494302 -0.437730
v 1.703478 0.543487 -0.451509
v 1.715930 0.583332 -0.459781
v 1.711995 0.610177 -0.462031
v 1.519824 0.506283 -0.397073
v 1.408656 0.966350 -0.371207
v 1.638272 0.961381 -0.432491
v 1.852017 0.952215 -0.488979
v 2.010887 0.991977 -0.536710
v 2.116473 1.023526 -0.569065
v 2.164296 1.019092 -0.581410
v 2.161602 0.960448 -0.573449
v 2.121790 0.834879 -0.547227
v 2.065263 0.626462 -0.506278
v 1.963256 0.372199 -0.447414
v 1.781884 0.170352 -0.373622
v 1.568594 0.078122 -0.304748
v 1.353657 0.053716 -0.243797
v 1.162257 0.079853 -0.195425
v 1.015028 0.149827 -0.164369
v 0.925820 0.258017 -0.153668
v 0.902227 0.396318 -0.164369
v 0.945420 0.553683 -0.195425
v 1.050617 0.715916 -0.243797
v 1.209515 0.862779 -0.304748
vt 0.000000 0.100000
vt 0.050000 0.100000
vt 0.100000 0.100000
vt 0.150000 0.100000
vt 0.200000 0.100000
vt 0.250000 0.100000
vt 0.300000 0.100000
vt 0.350000 0.100000
vt 0.400000 0.100000
vt 0.450000 0.100000
vt 0.500000 0.100000
vt 0.550000 0.100000
vt 0.600000 0.100000
vt 0.650000 0.100000
vt 0.700000 0.100000
vt 0.750000 0.100000
vt 0.800000 0.100000
vt 0.850000 0.100000
vt 0.900000 0.100000
vt 0.950000 0.100000
vt 1.000000 0.100000
vt 0.000000 0.200000
vt 0.050000 0.200000
vt 0.100000 0.200000
vt 0.150000 0.200000
vt 0.200000 0.200000
vt 0.250000 0.200000
vt 0.300000 0.200000
vt 0.350000 0.200000
vt 0.400000 0.200000
vt 0.450000 0.200000
vt 0.500000 0.200000
vt 0.550000 0.200000
vt 0.600000 0.200000
vt 0.650000 0.200000
vt 0.700000 0.200000
vt 0.750000 0.200000
vt 0.800000 0.200000
vt 0.850000 0.200000
vt 0.900000 0.200000
vt 0.950000 0.200000
vt 1.000000 0.200000
vt 0.000000 0.300000
vt 0.050000 0.300000
vt 0.100000 0.300000
vt 0.150000 0.300000
vt 0.200000 0.300000
vt 0.250000 0.300000
vt 0.300000 0.300000
vt 0.350000 0.300000
vt 0.400000 0.300000
vt 0.450000 0.300000
vt 0.500000 0.300000
vt 0.550000 0.300000
vt 0.600000 0.300000
vt 0.650000 0.300000
vt 0.700000 0.300000
vt 0.750000 0.300000
vt 0.800000 0.300000
vt 0.850000 0.300000
vt 0.900000 0.300000
vt 0.950000 0.300000
vt 1.000000 0.300000
vt 0.000000 0.400000
vt 0.050000 0.400000
vt 0.100000 0.400000
vt 0.150000 0.400000
vt 0.200000 0.400000
vt 0.250000 0.400000
vt 0.300000 0.400000
vt 0.350000 0.400000
vt 0.400000 0.400000
vt 0.450000 0.400000
vt 0.500000 0.400000
vt 0.550000 0.400000
vt 0.600000 0.400000
vt 0.650000 0.400000
vt 0.700000 0.400000
vt 0.750000 0.400000
vt 0.800000 0.400000
vt 0.850000 0.400000
vt 0.900000 0.400000
vt 0.950000 0.400000
vt 1.000000 0.400000
vt 0.000000 0.500000
vt 0.050000 0.500000
vt 0.100000 0.500000
vt 0.150000 0.500000
vt 0.200000 0.500000
vt 0.250000 0.500000
vt 0.300000 0.500000
vt 0.350000 0.500000
vt 0.400000 0.500000
vt 0.450000 0.500000
vt 0.500000 0.500000
vt 0.550000 0.500000
vt 0.600000 0.500000
vt 0.650000 0.500000
vt 0.700000 0.500000
vt 0.750000 0.500000
vt 0.800000 0.500000
vt 0.850000 0.500000
vt 0.900000 0.500000
vt 0.950000 0.500000
vt 1.000000 0.500000
vt 0.000000 0.600000
vt 0.050000 0.600000
vt 0.100000 0.600000
vt 0.150000 0.600000
vt 0.200000 0.600000
vt 0.250000 0.600000
vt 0.300000 0.600000
vt 0.350000 0.600000
vt 0.400000 0.600000
vt 0.450000 0.600000
vt 0.500000 0.600000
vt 0.550000 0.600000
vt 0.600000 0.600000
vt 0.650000 0.600000
vt 0.700000 0.600000
vt 0.750000 0.600000
vt 0.800000 0.600000
vt 0.850000 0.600000
vt 0.900000 0.600000
vt 0.950000 0.600000
vt 1.000000 0.600000
vt 0.000000 0.700000
vt 0.050000 0.700000
vt 0.100000 0.700000
vt 0.150000 0.700000
vt 0.200000 0.700000
vt 0.250000 0.700000
vt 0.300000 0.700000
vt 0.350000 0.700000
vt 0.400000 0.700000
vt 0.450000 0.700000
vt 0.500000 0.700000
vt 0.550000 0.700000
vt 0.600000 0.700000
vt 0.650000 0.700000
vt 0.700000 0.700000
vt 0.750000 0.700000
vt 0.800000 0.700000
vt 0.850000 0.700000
vt 0.900000 0.700000
vt 0.950000 0.700000
vt 1.000000 0.700000
vt 0.000000 0.800000
vt 0.050000 0.800000
vt 0.100000 0.800000
vt 0.150000 0.800000
vt 0.200000 0.800000
vt 0.250000 0.800000
vt 0.300000 0.800000
vt 0.350000 0.800000
vt 0.400000 0.800000
vt 0.450000 0.800000
vt 0.500000 0.800000
vt 0.550000 0.800000
vt 0.600000 0.800000
vt 0.650000 0.800000
vt 0.700000 0.800000
vt 0.750000 0.800000
vt 0.800000 0.800000
vt 0.850000 0.800000
vt 0.900000 0.800000
vt 0.950000 0.800000
vt 1.000000 0.800000
vt 0.000000 0.900000
vt 0.050000 0.900000
vt 0.100000 0.900000
vt 0.150000 0.900000
vt 0.200000 0.900000
vt 0.250000 0.900000
vt 0.300000 0.900000
vt 0.350000 0.900000
vt 0.400000 0.900000
vt 0.450000 0.900000
vt 0.500000 0.900000
vt 0.550000 0.900000
vt 0.600000 0.900000
vt 0.650000 0.900000
vt 0.700000 0.900000
vt 0.750000 0.900000
vt 0.800000 0.900000
vt 0.850000 0.900000
vt 0.900000 0.900000
vt 0.950000 0.900000
vt 1.000000 0.900000
vt 0.025000 0.000000
vt 0.075000 0.000000
vt 0.125000 0.000000
vt 0.175000 0.000000
vt 0.225000 0.000000
vt 0.275000 0.000000
vt 0.325000 0.000000
vt 0.375000 0.000000
vt 0.425000 0.000000
vt 0.475000 0.000000
vt 0.525000 0.000000
vt 0.575000 0.000000
vt 0.625000 0.000000
vt 0.675000 0.000000
vt 0.725000 0.000000
vt 0.775000 0.000000
vt 0.825000 0.000000
vt 0.875000 0.000000
vt 0.925000 0.000000
vt 0.975000 0.000000
vt 0.025000 1.000000
vt 0.075000 1.000000
vt 0.125000 1.000000
vt 0.175000 1.000000
vt 0.225000 1.000000
vt 0.275000 1.000000
vt 0.325000 1.000000
vt 0.375000 1.000000
vt 0.425000 1.000000
vt 0.475000 1.000000
vt 0.525000 1.000000
vt 0.575000 1.000000
vt 0.625000 1.000000
vt 0.675000 1.000000
vt 0.725000 1.000000
vt 0.775000 1.000000
vt 0.825000 1.000000
vt 0.875000 1.000000
vt 0.925000 1.000000
vt 0.975000 1.000000
vt 0.000000 0.600000
vt 0.050000 0.600000
vt 0.100000 0.600000
vt 0.150000 0.600000
vt 0.200000 0.600000
vt 0.250000 0.600000
vt 0.300000 0.600000
vt 0.350000 0.600000
vt 0.400000 0.600000
vt 0.450000 0.600000
vt 0.500000 0.600000
vt 0.550000 0.600000
vt 0.600000 0.600000
vt 0.650000 0.600000
vt 0.700000 0.600000
vt 0.750000 0.600000
vt 0.800000 0.600000
vt 0.850000 0.600000
vt 0.900000 0.600000
vt 0.950000 0.600000
vt 1.000000 0.600000
vt 0.000000 0.600000
vt 0.050000 0.600000
vt 0.100000 0.600000
vt 0.150000 0.600000
vt 0.200000 0.600000
vt 0.250000 0.600000
vt 0.300000 0.600000
vt 0.350000 0.600000
vt 0.400000 0.600000
vt 0.450000 0.600000
vt 0.500000 0.600000
vt 0.550000 0.600000
vt 0.600000 0.600000
vt 0.650000 0.600000
vt 0.700000 0.600000
vt 0.750000 0.600000
vt 0.800000 0.600000
vt 0.850000 0.600000
vt 0.900000 0.600000
vt 0.950000 0.600000
vt 1.000000 0.600000
vt 0.200000 0.600000
vt 0.150000 0.600000
vt 0.100000 0.600000
vt 0.050000 0.600000
vt 1.000000 0.600000
vt 0.000000 0.600000
vt 0.950000 0.600000
vt 0.900000 0.600000
vt 0.850000 0.600000
vt 0.800000 0.600000
vt 0.750000 0.600000
vt 0.700000 0.600000
vt 0.650000 0.600000
vt 0.600000 0.600000
vt 0.550000 0.600000
vt 0.500000 0.600000
vt 0.450000 0.600000
vt 0.400000 0.600000
vt 0.350000 0.600000
vt 0.300000 0.600000
vt 0.250000 0.600000
vn -0.268572 0.074149 -0.960402
vn -0.241934 0.026077 -0.969942
vn -0.257225 -0.121266 -0.958713
vn -0.266091 0.082472 -0.960413
vn -0.268775 0.079444 -0.959921
vn -0.292706 0.066108 -0.953914
vn -0.334400 0.033342 -0.941841
vn -0.363101 -0.009534 -0.931701
vn -0.370556 -0.056456 -0.927093
vn -0.364046 -0.107092 -0.925204
vn -0.346579 -0.158429 -0.924545
vn -0.319867 -0.206018 -0.924793
vn -0.286706 -0.244666 -0.926249
vn -0.248223 -0.271756 -0.929803
vn -0.200375 -0.285250 -0.937274
vn -0.146737 -0.280683 -0.948517
vn -0.104263 -0.257197 -0.960718
vn -0.082170 -0.226123 -0.970627
vn -0.077919 -0.194516 -0.977800
vn -0.098780 -0.153654 -0.983175
vn -0.165288 -0.071939 -0.983618
vn -0.305223 0.242295 -0.920941
vn -0.275849 0.182214 -0.943772
vn -0.269971 0.241555 -0.932077
vn -0.255627 0.226727 -0.939814
vn -0.308009 0.203436 -0.929378
vn -0.402396 0.149803 -0.903126
vn -0.450005 0.075279 -0.889848
vn -0.463586 -0.004116 -0.886042
vn -0.453049 -0.095949 -0.886307
vn -0.420023 -0.192207 -0.886926
vn -0.368654 -0.280058 -0.886376
vn -0.306434 -0.347978 -0.886008
vn -0.238073 -0.391398 -0.888892
vn -0.151948 -0.410707 -0.899017
vn -0.045130 -0.392351 -0.918708
vn 0.048737 -0.340112 -0.939121
vn 0.106181 -0.281926 -0.953543
vn 0.125090 -0.237935 -0.963192
vn 0.081255 -0.186115 -0.979162
vn -0.089514 -0.014638 -0.995878
vn -0.356358 0.464208 -0.810876
vn -0.316626 0.418223 -0.851374
vn -0.270674 0.436850 -0.857845
vn -0.226023 0.414339 -0.881610
vn -0.333837 0.396552 -0.855160
vn -0.495087 0.316895 -0.808991
vn -0.572284 0.210440 -0.792594
vn -0.600279 0.081170 -0.795661
vn -0.589662 -0.075157 -0.804145
vn -0.534941 -0.244812 -0.808644
vn -0.442103 -0.397172 -0.804239
vn -0.330487 -0.507401 -0.795816
vn -0.214114 -0.570540 -0.792868
vn -0.077303 -0.587814 -0.805294
vn 0.095451 -0.537057 -0.838128
vn 0.243040 -0.423678 -0.872599
vn 0.324241 -0.318767 -0.890649
vn 0.348491 -0.278026 -0.895129
vn 0.301026 -0.229613 -0.925560
vn 0.022480 0.089028 -0.995775
vn -0.369936 0.682878 -0.629940
vn -0.308727 0.665593 -0.679465
vn -0.252741 0.643222 -0.722764
vn -0.183275 0.626464 -0.757597
vn -0.356204 0.619173 -0.699817
vn -0.584570 0.522902 -0.620364
vn -0.701828 0.389252 -0.596591
vn -0.767235 0.205581 -0.607526
vn -0.776334 -0.037601 -0.629199
vn -0.697865 -0.319374 -0.641081
vn -0.535643 -0.563046 -0.629338
vn -0.345219 -0.715165 -0.607753
vn -0.163388 -0.785361 -0.597087
vn 0.027145 -0.786034 -0.617587
vn 0.258119 -0.688929 -0.677312
vn 0.440152 -0.502153 -0.744385
vn 0.510671 -0.347489 -0.786426
vn 0.525910 -0.304712 -0.794084
vn 0.522462 -0.251978 -0.814580
vn 0.211907 0.234347 -0.948776
vn -0.265138 0.962972 -0.048853
vn -0.176811 0.980039 -0.090887
vn -0.096411 0.992283 -0.077972
vn -0.005336 0.993232 -0.116027
vn -0.268333 0.960870 -0.068751
vn -0.567408 0.822340 0.042489
vn -0.736782 0.667673 0.106607
vn -0.876468 0.450101 0.170919
vn -0.966653 0.097850 0.236659
vn -0.875026 -0.400444 0.271980
vn -0.557448 -0.795793 0.236570
vn -0.231202 -0.957821 0.170657
vn 0.024724 -0.994019 0.106374
vn 0.266812 -0.963109 0.035105
vn 0.562291 -0.824396 -0.064803
vn 0.806836 -0.573327 -0.142520
vn 0.914106 -0.361366 -0.183916
vn 0.933161 -0.295426 -0.204780
vn 0.944237 -0.219251 -0.245654
vn 0.727176 0.604978 -0.324371
vn 0.120621 0.525314 0.842315
vn 0.136226 0.547717 0.825499
vn 0.212685 0.432665 0.876109
vn 0.243673 0.433544 0.867562
vn 0.147581 0.489003 0.859707
vn 0.026094 0.419928 0.907182
vn -0.014571 0.343314 0.939108
vn -0.023029 0.250883 0.967744
vn -0.006577 0.140330 0.990083
vn 0.037357 0.017144 0.999155
vn 0.102423 -0.096082 0.990090
vn 0.175579 -0.180008 0.967869
vn 0.250810 -0.233141 0.939542
vn 0.342108 -0.256938 0.903850
vn 0.472510 -0.209924 0.855959
vn 0.534926 -0.077061 0.841378
vn 0.528228 0.002575 0.849099
vn 0.539565 0.018561 0.841740
vn 0.577893 0.020915 0.815845
vn 0.476955 0.259104 0.839868
vn 0.353967 -0.329276 0.875377
vn 0.302816 -0.070344 0.950449
vn 0.292081 -0.061942 0.954386
vn 0.317722 -0.309747 0.896164
vn 0.278887 -0.253594 0.926235
vn 0.270513 -0.045599 0.961636
vn 0.242763 -0.236511 0.940813
vn 0.256574 -0.038199 0.965769
vn 0.327972 -0.268650 0.905683
vn 0.292169 -0.050391 0.955038
vn 0.458619 -0.227233 0.859089
vn 0.356376 -0.037954 0.933571
vn 0.530488 -0.163462 0.831783
vn 0.389749 -0.004655 0.920909
vn 0.568971 -0.064770 0.819803
vn 0.404439 0.042359 0.913584
vn 0.575086 0.072087 0.814911
vn 0.403391 0.105131 0.908968
vn 0.534299 0.238982 0.810810
vn 0.383607 0.178722 0.906038
vn 0.445041 0.397042 0.802681
vn 0.346036 0.249156 0.904533
vn 0.331371 0.506159 0.796239
vn 0.298158 0.301756 0.905563
vn 0.217124 0.556541 0.801947
vn 0.247236 0.329853 0.911082
vn 0.099320 0.545930 0.831923
vn 0.188924 0.332079 0.924138
vn -0.028096 0.461569 0.886659
vn 0.126275 0.291072 0.948331
vn -0.094602 0.329847 0.939282
vn 0.092441 0.230064 0.968775
vn -0.103740 0.242755 0.964525
vn 0.079446 0.189504 0.978660
vn -0.109520 0.226568 0.967818
vn 0.074077 0.175234 0.981736
vn -0.091593 0.199353 0.975638
vn 0.085382 0.164421 0.982688
vn 0.074001 -0.031965 0.996746
vn 0.171555 0.061280 0.983267
vn 0.269819 0.066250 0.960629
vn 0.267666 0.069701 0.960987
vn 0.261921 0.069818 0.962561
vn 0.259040 0.070176 0.963314
vn 0.267301 0.067483 0.961247
vn 0.286436 0.071988 0.955391
vn 0.294084 0.085928 0.951909
vn 0.296316 0.099167 0.949928
vn 0.294431 0.115032 0.948724
vn 0.288617 0.132265 0.948265
vn 0.279556 0.148209 0.948621
vn 0.268720 0.160386 0.949772
vn 0.256976 0.167970 0.951709
vn 0.241371 0.171801 0.955104
vn 0.223250 0.164895 0.960713
vn 0.211581 0.152549 0.965382
vn 0.206544 0.143062 0.967922
vn 0.204213 0.137175 0.969268
vn 0.208567 0.133145 0.968902
vn 0.232834 0.105575 0.966769
vn 0.257919 0.124640 0.958093
vn 0.258856 0.123029 0.958049
vn 0.258004 0.124849 0.958043
vn 0.257903 0.124741 0.958084
vn 0.257097 0.124410 0.958344
vn 0.255619 0.123509 0.958856
vn 0.254518 0.122145 0.959323
vn 0.254207 0.120490 0.959615
vn 0.254436 0.118640 0.959785
vn 0.255080 0.116733 0.959848
vn 0.256069 0.114957 0.959799
vn 0.257291 0.113535 0.959641
vn 0.258689 0.112598 0.959376
vn 0.260365 0.112260 0.958962
vn 0.262112 0.112621 0.958443
vn 0.263363 0.113555 0.957990
vn 0.263969 0.114642 0.957694
vn 0.264061 0.115711 0.957540
vn 0.263419 0.117051 0.957554
vn 0.261369 0.119737 0.957784
vn 0.258498 0.118165 0.958757
vn 0.279229 0.039718 0.959403
vn 0.275143 0.043347 0.960426
vn 0.263305 0.055454 0.963117
vn 0.257973 0.058392 0.964386
vn 0.271455 0.058990 0.960642
vn 0.290577 0.070479 0.954252
vn 0.297201 0.082908 0.951208
vn 0.299153 0.097230 0.949239
vn 0.297130 0.114214 0.947982
vn 0.290860 0.132934 0.947486
vn 0.281060 0.150357 0.947838
vn 0.269448 0.163711 0.948998
vn 0.257003 0.172202 0.950945
vn 0.241731 0.175669 0.954309
vn 0.220699 0.168253 0.960720
vn 0.208168 0.150224 0.966488
vn 0.206694 0.138194 0.968597
vn 0.206637 0.135050 0.969052
vn 0.207653 0.133406 0.969063
vn 0.231368 0.099437 0.967771
vn 0.371241 -0.458352 0.807523
vn 0.301172 -0.341497 0.890323
vn 0.283104 -0.420096 0.862190
vn 0.228794 -0.361898 0.903705
vn 0.340346 -0.294814 0.892888
vn 0.472064 -0.247167 0.846206
vn 0.534510 -0.165919 0.828716
vn 0.561847 -0.056772 0.825291
vn 0.553345 0.080724 0.829031
vn 0.504148 0.232435 0.831750
vn 0.420552 0.367516 0.829499
vn 0.322195 0.461997 0.826287
vn 0.222604 0.511620 0.829875
vn 0.115164 0.515343 0.849211
vn -0.009536 0.454726 0.890580
vn -0.115634 0.350500 0.929397
vn -0.149700 0.257060 0.954730
vn -0.142853 0.235721 0.961264
vn -0.105314 0.196268 0.974878
vn 0.076998 -0.020293 0.996825
s 1
g pSphere11 group1
usemtl initialShadingGroup
f 2/2/1 1/1/2 121/190/3
f 3/3/4 2/2/1 121/191/3
f 4/4/5 3/3/4 121/192/3
f 5/5/6 4/4/5 121/193/3
f 6/6/7 5/5/6 121/194/3
f 7/7/8 6/6/7 121/195/3
f 8/8/9 7/7/8 121/196/3
f 9/9/10 8/8/9 121/197/3
f 10/10/11 9/9/10 121/198/3
f 11/11/12 10/10/11 121/199/3
f 12/12/13 11/11/12 121/200/3
f 13/13/14 12/12/13 121/201/3
f 14/14/15 13/13/14 121/202/3
f 15/15/16 14/14/15 121/203/3
f 16/16/17 15/15/16 121/204/3
f 17/17/18 16/16/17 121/205/3
f 18/18/19 17/17/18 121/206/3
f 19/19/20 18/18/19 121/207/3
f 20/20/21 19/19/20 121/208/3
f 1/21/2 20/20/21 121/209/3
f 2/2/1 22/23/22 21/22/23 1/1/2
f 3/3/4 23/24/24 22/23/22 2/2/1
f 4/4/5 24/25/25 23/24/24 3/3/4
f 5/5/6 25/26/26 24/25/25 4/4/5
f 6/6/7 26/27/27 25/26/26 5/5/6
f 7/7/8 27/28/28 26/27/27 6/6/7
f 8/8/9 28/29/29 27/28/28 7/7/8
f 9/9/10 29/30/30 28/29/29 8/8/9
f 10/10/11 30/31/31 29/30/30 9/9/10
f 11/11/12 31/32/32 30/31/31 10/10/11
f 12/12/13 32/33/33 31/32/32 11/11/12
f 13/13/14 33/34/34 32/33/33 12/12/13
f 14/14/15 34/35/35 33/34/34 13/13/14
f 15/15/16 35/36/36 34/35/35 14/14/15
f 16/16/17 36/37/37 35/36/36 15/15/16
f 17/17/18 37/38/38 36/37/37 16/16/17
f 18/18/19 38/39/39 37/38/38 17/17/18
f 19/19/20 39/40/40 38/39/39 18/18/19
f 20/20/21 40/41/41 39/40/40 19/19/20
f 1/21/2 21/42/23 40/41/41 20/20/21
f 22/23/22 42/44/42 41/43/43 21/22/23
f 23/24/24 43/45/44 42/44/42 22/23/22
f 24/25/25 44/46/45 43/45/44 23/24/24
f 25/26/26 45/47/46 44/46/45 24/25/25
f 26/27/27 46/48/47 45/47/46 25/26/26
f 27/28/28 47/49/48 46/48/47 26/27/27
f 28/29/29 48/50/49 47/49/48 27/28/28
f 29/30/30 49/51/50 48/50/49 28/29/29
f 30/31/31 50/52/51 49/51/50 29/30/30
f 31/32/32 51/53/52 50/52/51 30/31/31
f 32/33/33 52/54/53 51/53/52 31/32/32
f 33/34/34 53/55/54 52/54/53 32/33/33
f 34/35/35 54/56/55 53/55/54 33/34/34
f 35/36/36 55/57/56 54/56/55 34/35/35
f 36/37/37 56/58/57 55/57/56 35/36/36
f 37/38/38 57/59/58 56/58/57 36/37/37
f 38/39/39 58/60/59 57/59/58 37/38/38
f 39/40/40 59/61/60 58/60/59 38/39/39
f 40/41/41 60/62/61 59/61/60 39/40/40
f 21/42/23 41/63/43 60/62/61 40/41/41
f 42/44/42 62/65/62 61/64/63 41/43/43
f 43/45/44 63/66/64 62/65/62 42/44/42
f 44/46/45 64/67/65 63/66/64 43/45/44
f 45/47/46 65/68/66 64/67/65 44/46/45
f 46/48/47 66/69/67 65/68/66 45/47/46
f 47/49/48 67/70/68 66/69/67 46/48/47
f 48/50/49 68/71/69 67/70/68 47/49/48
f 49/51/50 69/72/70 68/71/69 48/50/49
f 50/52/51 70/73/71 69/72/70 49/51/50
f 51/53/52 71/74/72 70/73/71 50/52/51
f 52/54/53 72/75/73 71/74/72 51/53/52
f 53/55/54 73/76/74 72/75/73 52/54/53
f 54/56/55 74/77/75 73/76/74 53/55/54
f 55/57/56 75/78/76 74/77/75 54/56/55
f 56/58/57 76/79/77 75/78/76 55/57/56
f 57/59/58 77/80/78 76/79/77 56/58/57
f 58/60/59 78/81/79 77/80/78 57/59/58
f 59/61/60 79/82/80 78/81/79 58/60/59
f 60/62/61 80/83/81 79/82/80 59/61/60
f 41/63/43 61/84/63 80/83/81 60/62/61
f 62/65/62 82/86/82 81/85/83 61/64/63
f 63/66/64 83/87/84 82/86/82 62/65/62
f 64/67/65 84/88/85 83/87/84 63/66/64
f 65/68/66 85/89/86 84/88/85 64/67/65
f 66/69/67 86/90/87 85/89/86 65/68/66
f 67/70/68 87/91/88 86/90/87 66/69/67
f 68/71/69 88/92/89 87/91/88 67/70/68
f 69/72/70 89/93/90 88/92/89 68/71/69
f 70/73/71 90/94/91 89/93/90 69/72/70
f 71/74/72 91/95/92 90/94/91 70/73/71
f 72/75/73 92/96/93 91/95/92 71/74/72
f 73/76/74 93/97/94 92/96/93 72/75/73
f 74/77/75 94/98/95 93/97/94 73/76/74
f 75/78/76 95/99/96 94/98/95 74/77/75
f 76/79/77 96/100/97 95/99/96 75/78/76
f 77/80/78 97/101/98 96/100/97 76/79/77
f 78/81/79 98/102/99 97/101/98 77/80/78
f 79/82/80 99/103/100 98/102/99 78/81/79
f 80/83/81 100/104/101 99/103/100 79/82/80
f 61/84/63 81/105/83 100/104/101 80/83/81
f 82/86/82 102/107/102 101/106/103 81/85/83
f 83/87/84 103/108/104 102/107/102 82/86/82
f 84/88/85 104/109/105 103/108/104 83/87/84
f 85/89/86 105/110/106 104/109/105 84/88/85
f 86/90/87 106/111/107 105/110/106 85/89/86
f 87/91/88 107/112/108 106/111/107 86/90/87
f 88/92/89 108/113/109 107/112/108 87/91/88
f 89/93/90 109/114/110 108/113/109 88/92/89
f 90/94/91 110/115/111 109/114/110 89/93/90
f 91/95/92 111/116/112 110/115/111 90/94/91
f 92/96/93 112/117/113 111/116/112 91/95/92
f 93/97/94 113/118/114 112/117/113 92/96/93
f 94/98/95 114/119/115 113/118/114 93/97/94
f 95/99/96 115/120/116 114/119/115 94/98/95
f 96/100/97 116/121/117 115/120/116 95/99/96
f 97/101/98 117/122/118 116/121/117 96/100/97
f 98/102/99 118/123/119 117/122/118 97/101/98
f 99/103/100 119/124/120 118/123/119 98/102/99
f 100/104/101 120/125/121 119/124/120 99/103/100
f 81/105/83 101/126/103 120/125/121 100/104/101
f 142/252/122 143/128/123 144/127/124 145/251/125
f 146/253/126 147/129/127 143/128/123 142/252/122
f 148/254/128 149/130/129 147/129/127 146/253/126
f 150/255/130 151/131/131 149/130/129 148/254/128
f 152/256/132 153/132/133 151/131/131 150/255/130
f 154/257/134 155/133/135 153/132/133 152/256/132
f 156/258/136 157/134/137 155/133/135 154/257/134
f 158/259/138 159/135/139 157/134/137 156/258/136
f 160/260/140 161/136/141 159/135/139 158/259/138
f 162/261/142 163/137/143 161/136/141 160/260/140
f 164/262/144 165/138/145 163/137/143 162/261/142
f 166/263/146 167/139/147 165/138/145 164/262/144
f 168/264/148 169/140/149 167/139/147 166/263/146
f 170/265/150 171/141/151 169/140/149 168/264/148
f 172/266/152 173/142/153 171/141/151 170/265/150
f 174/267/154 175/143/155 173/142/153 172/266/152
f 176/268/156 177/144/157 175/143/155 174/267/154
f 178/269/158 179/145/159 177/144/157 176/268/156
f 180/270/160 181/146/161 179/145/159 178/269/158
f 145/271/125 144/147/124 181/146/161 180/270/160
f 143/128/123 182/149/162 183/148/163 144/127/124
f 147/129/127 184/150/164 182/149/162 143/128/123
f 149/130/129 185/151/165 184/150/164 147/129/127
f 151/131/131 186/152/166 185/151/165 149/130/129
f 153/132/133 187/153/167 186/152/166 151/131/131
f 155/133/135 188/154/168 187/153/167 153/132/133
f 157/134/137 189/155/169 188/154/168 155/133/135
f 159/135/139 190/156/170 189/155/169 157/134/137
f 161/136/141 191/157/171 190/156/170 159/135/139
f 163/137/143 192/158/172 191/157/171 161/136/141
f 165/138/145 193/159/173 192/158/172 163/137/143
f 167/139/147 194/160/174 193/159/173 165/138/145
f 169/140/149 195/161/175 194/160/174 167/139/147
f 171/141/151 196/162/176 195/161/175 169/140/149
f 173/142/153 197/163/177 196/162/176 171/141/151
f 175/143/155 198/164/178 197/163/177 173/142/153
f 177/144/157 199/165/179 198/164/178 175/143/155
f 179/145/159 200/166/180 199/165/179 177/144/157
f 181/146/161 201/167/181 200/166/180 179/145/159
f 144/147/124 183/168/163 201/167/181 181/146/161
f 182/149/162 202/170/182 203/169/183 183/148/163
f 184/150/164 204/171/184 202/170/182 182/149/162
f 185/151/165 205/172/185 204/171/184 184/150/164
f 186/152/166 206/173/186 205/172/185 185/151/165
f 187/153/167 207/174/187 206/173/186 186/152/166
f 188/154/168 208/175/188 207/174/187 187/153/167
f 189/155/169 209/176/189 208/175/188 188/154/168
f 190/156/170 210/177/190 209/176/189 189/155/169
f 191/157/171 211/178/191 210/177/190 190/156/170
f 192/158/172 212/179/192 211/178/191 191/157/171
f 193/159/173 213/180/193 212/179/192 192/158/172
f 194/160/174 214/181/194 213/180/193 193/159/173
f 195/161/175 215/182/195 214/181/194 194/160/174
f 196/162/176 216/183/196 215/182/195 195/161/175
f 197/163/177 217/184/197 216/183/196 196/162/176
f 198/164/178 218/185/198 217/184/197 197/163/177
f 199/165/179 219/186/199 218/185/198 198/164/178
f 200/166/180 220/187/200 219/186/199 199/165/179
f 201/167/181 221/188/201 220/187/200 200/166/180
f 183/168/163 203/189/183 221/188/201 201/167/181
f 202/170/182 222/210/202 203/169/183
f 204/171/184 222/211/202 202/170/182
f 205/172/185 222/212/202 204/171/184
f 206/173/186 222/213/202 205/172/185
f 207/174/187 222/214/202 206/173/186
f 208/175/188 222/215/202 207/174/187
f 209/176/189 222/216/202 208/175/188
f 210/177/190 222/217/202 209/176/189
f 211/178/191 222/218/202 210/177/190
f 212/179/192 222/219/202 211/178/191
f 213/180/193 222/220/202 212/179/192
f 214/181/194 222/221/202 213/180/193
f 215/182/195 222/222/202 214/181/194
f 216/183/196 222/223/202 215/182/195
f 217/184/197 222/224/202 216/183/196
f 218/185/198 222/225/202 217/184/197
f 219/186/199 222/226/202 218/185/198
f 220/187/200 222/227/202 219/186/199
f 221/188/201 222/228/202 220/187/200
f 203/189/183 222/229/202 221/188/201
f 101/106/103 102/107/102 122/231/203 123/230/204
f 102/107/102 103/108/104 124/232/205 122/231/203
f 103/108/104 104/109/105 125/233/206 124/232/205
f 104/109/105 105/110/106 126/234/207 125/233/206
f 105/110/106 106/111/107 127/235/208 126/234/207
f 106/111/107 107/112/108 128/236/209 127/235/208
f 107/112/108 108/113/109 129/237/210 128/236/209
f 108/113/109 109/114/110 130/238/211 129/237/210
f 109/114/110 110/115/111 131/239/212 130/238/211
f 110/115/111 111/116/112 132/240/213 131/239/212
f 111/116/112 112/117/113 133/241/214 132/240/213
f 112/117/113 113/118/114 134/242/215 133/241/214
f 113/118/114 114/119/115 135/243/216 134/242/215
f 114/119/115 115/120/116 136/244/217 135/243/216
f 115/120/116 116/121/117 137/245/218 136/244/217
f 116/121/117 117/122/118 138/246/219 137/245/218
f 117/122/118 118/123/119 139/247/220 138/246/219
f 118/123/119 119/124/120 140/248/221 139/247/220
f 119/124/120 120/125/121 141/249/222 140/248/221
f 120/125/121 101/126/103 123/250/204 141/249/222
f 123/230/204 122/231/203 226/275/223 227/277/224
f 122/231/203 124/232/205 225/274/225 226/275/223
f 124/232/205 125/233/206 224/273/226 225/274/225
f 125/233/206 126/234/207 223/272/227 224/273/226
f 126/234/207 127/235/208 242/292/228 223/272/227
f 127/235/208 128/236/209 241/291/229 242/292/228
f 128/236/209 129/237/210 240/290/230 241/291/229
f 129/237/210 130/238/211 239/289/231 240/290/230
f 130/238/211 131/239/212 238/288/232 239/289/231
f 131/239/212 132/240/213 237/287/233 238/288/232
f 132/240/213 133/241/214 236/286/234 237/287/233
f 133/241/214 134/242/215 235/285/235 236/286/234
f 134/242/215 135/243/216 234/284/236 235/285/235
f 135/243/216 136/244/217 233/283/237 234/284/236
f 136/244/217 137/245/218 232/282/238 233/283/237
f 137/245/218 138/246/219 231/281/239 232/282/238
f 138/246/219 139/247/220 230/280/240 231/281/239
f 139/247/220 140/248/221 229/279/241 230/280/240
f 140/248/221 141/249/222 228/278/242 229/279/241
f 141/249/222 123/250/204 227/276/224 228/278/242
f 224/273/226 223/272/227 150/255/130 148/254/128
f 225/274/225 224/273/226 148/254/128 146/253/126
f 226/275/223 225/274/225 146/253/126 142/252/122
f 227/277/224 226/275/223 142/252/122 145/251/125
f 228/278/242 227/276/224 145/271/125 180/270/160
f 229/279/241 228/278/242 180/270/160 178/269/158
f 230/280/240 229/279/241 178/269/158 176/268/156
f 231/281/239 230/280/240 176/268/156 174/267/154
f 232/282/238 231/281/239 174/267/154 172/266/152
f 233/283/237 232/282/238 172/266/152 170/265/150
f 234/284/236 233/283/237 170/265/150 168/264/148
f 235/285/235 234/284/236 168/264/148 166/263/146
f 236/286/234 235/285/235 166/263/146 164/262/144
f 237/287/233 236/286/234 164/262/144 162/261/142
f 238/288/232 237/287/233 162/261/142 160/260/140
f 239/289/231 238/288/232 160/260/140 158/259/138
f 240/290/230 239/289/231 158/259/138 156/258/136
f 241/291/229 240/290/230 156/258/136 154/257/134
f 242/292/228 241/291/229 154/257/134 152/256/132
f 223/272/227 242/292/228 152/256/132 150/255/130
g default
v 1.104446 0.214384 -0.312159
v 0.939498 0.154890 -0.595955
v 0.682585 0.115835 -0.823929
v 0.358856 0.090761 -0.970297
v 0.000000 0.082121 -1.020732
v -0.358856 0.090761 -0.970297
v -0.682585 0.115835 -0.823929
v -0.939497 0.154890 -0.595955
v -1.104445 0.214384 -0.312159
v -1.161283 0.263898 0.003592
v -1.104445 0.274391 0.323832
v -0.973555 0.284304 0.609505
v -0.769039 0.343888 0.822835
v -0.439650 0.422070 0.941792
v -0.000000 0.458392 0.976670
v 0.439650 0.422070 0.941792
v 0.769039 0.343888 0.822835
v 0.973554 0.284304 0.609505
v 1.104445 0.274391 0.323832
v 1.161282 0.263898 0.003592
v 1.063484 0.341960 -0.318160
v 0.904653 0.285925 -0.595008
v 0.657269 0.249333 -0.814698
v 0.345547 0.225839 -0.955748
v 0.000000 0.217744 -1.004350
v -0.345547 0.225839 -0.955748
v -0.657269 0.249333 -0.814698
v -0.904653 0.285925 -0.595008
v -1.063483 0.341960 -0.318160
v -1.118212 0.389440 -0.006472
v -1.064049 0.400453 0.308728
v -0.939240 0.410674 0.582827
v -0.740196 0.466090 0.780054
v -0.421609 0.537257 0.886798
v -0.000000 0.569961 0.917389
v 0.421609 0.537257 0.886798
v 0.740196 0.466090 0.780054
v 0.939240 0.410674 0.582827
v 1.064049 0.400453 0.308728
v 1.118212 0.389440 -0.006472
v 0.996335 0.467277 -0.313892
v 0.847533 0.418923 -0.576757
v 0.615769 0.387462 -0.783026
v 0.323729 0.367262 -0.915458
v 0.000000 0.360302 -0.961091
v -0.323729 0.367262 -0.915458
v -0.615769 0.387462 -0.783025
v -0.847533 0.418923 -0.576757
v -0.996335 0.467277 -0.313892
v -1.047608 0.509046 -0.015160
v -0.997449 0.519701 0.285967
v -0.879936 0.529464 0.541939
v -0.689055 0.576914 0.720692
v -0.389480 0.636489 0.816254
v -0.000000 0.663600 0.843667
v 0.389480 0.636489 0.816253
v 0.689055 0.576914 0.720692
v 0.879936 0.529464 0.541939
v 0.997448 0.519701 0.285967
v 1.047608 0.509046 -0.015160
v 0.904653 0.586652 -0.296956
v 0.769544 0.548966 -0.538443
v 0.559106 0.524472 -0.726307
v 0.293940 0.508746 -0.846923
v 0.000000 0.503327 -0.888484
v -0.293940 0.508746 -0.846923
v -0.559106 0.524472 -0.726307
v -0.769544 0.548966 -0.538443
v -0.904653 0.586652 -0.296956
v -0.951208 0.619857 -0.020845
v -0.906297 0.629314 0.256487
v -0.797440 0.637929 0.488346
v -0.617957 0.674673 0.647657
v -0.345439 0.720023 0.733458
v -0.000000 0.740488 0.758699
v 0.345439 0.720023 0.733458
v 0.617957 0.674673 0.647657
v 0.797440 0.637929 0.488346
v 0.906296 0.629314 0.256487
v 0.951208 0.619857 -0.020845
v 0.790696 0.695831 -0.266310
v 0.672606 0.669914 -0.479085
v 0.488677 0.653039 -0.643812
v 0.256913 0.642204 -0.749573
v 0.000000 0.638471 -0.786015
v -0.256913 0.642204 -0.749572
v -0.488677 0.653039 -0.643811
v -0.672606 0.669914 -0.479085
v -0.790696 0.695831 -0.266309
v -0.831387 0.719126 -0.022444
v -0.792604 0.726558 0.221680
v -0.693941 0.733376 0.424161
v -0.530621 0.758622 0.563356
v -0.292636 0.789351 0.640191
v -0.000000 0.803114 0.663700
v 0.292635 0.789351 0.640191
v 0.530621 0.758621 0.563356
v 0.693941 0.733376 0.424161
v 0.792604 0.726558 0.221680
v 0.831386 0.719126 -0.022444
v 0.657269 0.790386 -0.222902
v 0.559106 0.775261 -0.400330
v 0.406215 0.765368 -0.537621
v 0.213560 0.759017 -0.625766
v 0.000000 0.756829 -0.656139
v -0.213560 0.759017 -0.625766
v -0.406215 0.765368 -0.537620
v -0.559106 0.775261 -0.400330
v -0.657269 0.790386 -0.222902
v -0.691093 0.804259 -0.019833
v -0.659001 0.809248 0.182877
v -0.572993 0.813868 0.351474
v -0.431703 0.828699 0.469305
v -0.234658 0.846528 0.536627
v -0.000000 0.854455 0.558074
v 0.234658 0.846528 0.536627
v 0.431703 0.828699 0.469305
v 0.572993 0.813868 0.351474
v 0.659001 0.809248 0.182877
v 0.691093 0.804259 -0.019833
v 0.507658 0.866403 -0.169844
v 0.431840 0.859432 -0.306626
v 0.313750 0.854849 -0.412841
v 0.164948 0.851907 -0.481036
v 0.000000 0.850894 -0.504534
v -0.164948 0.851907 -0.481036
v -0.313750 0.854849 -0.412841
v -0.431840 0.859432 -0.306625
v -0.507658 0.866403 -0.169844
v -0.533783 0.872944 -0.014070
v -0.508883 0.875627 0.141067
v -0.438972 0.878082 0.272032
v -0.326002 0.885047 0.366026
v -0.174801 0.893271 0.421760
v -0.000000 0.896897 0.440108
v 0.174801 0.893271 0.421760
v 0.326002 0.885047 0.366026
v 0.438972 0.878082 0.272032
v 0.508883 0.875627 0.141067
v 0.533783 0.872944 -0.014070
v 0.345547 0.921206 -0.111829
v 0.293940 0.919044 -0.204392
v 0.213560 0.917623 -0.276743
v 0.112275 0.916711 -0.323195
v 0.000000 0.916397 -0.339201
v -0.112275 0.916711 -0.323195
v -0.213560 0.917623 -0.276743
v -0.293940 0.919044 -0.204392
v -0.345547 0.921206 -0.111829
v -0.363329 0.923299 -0.007244
v -0.346031 0.924284 0.096938
v -0.296374 0.925213 0.186591
v -0.217498 0.927407 0.253352
v -0.115355 0.929961 0.294227
v -0.000000 0.931076 0.307994
v 0.115355 0.929961 0.294227
v 0.217498 0.927407 0.253352
v 0.296374 0.925213 0.186591
v 0.346031 0.924284 0.096938
v 0.363329 0.923299 -0.007244
v 0.174927 0.953723 -0.053897
v 0.148802 0.953453 -0.100393
v 0.108111 0.953281 -0.137026
v 0.056837 0.953171 -0.160546
v 0.000000 0.953132 -0.168650
v -0.056837 0.953171 -0.160546
v -0.108111 0.953281 -0.137026
v -0.148802 0.953453 -0.100393
v -0.174927 0.953723 -0.053897
v -0.183929 0.954004 -0.001871
v -0.174996 0.954164 0.050046
v -0.149116 0.954310 0.095830
v -0.108601 0.954591 0.131111
v -0.057213 0.954904 0.153320
v -0.000000 0.955040 0.160910
v 0.057213 0.954904 0.153320
v 0.108601 0.954591 0.131111
v 0.149116 0.954310 0.095830
v 0.174996 0.954164 0.050046
v 0.183929 0.954004 -0.001871
v 0.000000 0.964306 0.000000
v -0.973555 0.252694 0.704811
v -0.769039 0.312279 0.918141
v -0.439650 0.390460 1.037098
v -0.000000 0.426782 1.071976
v 0.439650 0.390460 1.037098
v 0.769039 0.312279 0.918141
v 0.973554 0.252694 0.704811
v -0.973555 0.185697 1.033404
v -0.769039 0.245282 1.440855
v -0.439650 0.323463 1.668060
v -0.000000 0.359785 1.734674
v 0.439650 0.323463 1.668060
v 0.769039 0.245282 1.440855
v 0.973554 0.185697 1.033404
v 1.308172 -0.590090 -0.513237
v -1.308172 -0.590090 -0.513237
v -1.375493 -0.540576 -0.197486
v -1.308172 -0.530083 0.122754
v -1.153136 -0.520170 0.408427
v 1.153136 -0.520170 0.408427
v 1.308171 -0.530083 0.122754
v 1.375493 -0.540576 -0.197486
v -1.308172 -0.913256 -0.523106
v -1.375493 -0.863742 -0.261275
v -1.308172 -0.853249 0.004278
v -1.153136 -0.843336 0.241167
v 1.153136 -0.843336 0.241167
v 1.308171 -0.853249 0.004278
v 1.375493 -0.863742 -0.261275
v 1.308172 -0.913256 -0.523106
v -1.308172 -1.055161 -0.353186
v -1.375493 -1.005647 -0.212234
v -1.308172 -0.995155 -0.069279
v -1.153136 -0.985242 0.058246
v 1.153136 -0.985242 0.058246
v 1.308171 -0.995155 -0.069279
v 1.375493 -1.005647 -0.212234
v 1.308172 -1.055161 -0.353186
v -0.973555 0.281874 0.616833
v -0.769039 0.341458 0.830162
v -0.439650 0.419639 0.949120
v -0.000000 0.455961 0.983997
v 0.439650 0.419639 0.949120
v 0.769039 0.341458 0.830162
v 0.973554 0.281874 0.616833
v 1.123206 -0.386091 0.441940
v 1.274217 -0.396004 0.156267
v 1.339791 -0.406497 -0.163973
v 1.274218 -0.456011 -0.479724
v -1.274217 -0.456011 -0.479724
v -1.339791 -0.406497 -0.163973
v -1.274217 -0.396004 0.156267
v -1.123206 -0.386091 0.441940
v 1.093276 -0.252012 0.475453
v 1.240263 -0.261925 0.189780
v 1.304089 -0.272418 -0.130460
v 1.240263 -0.321932 -0.446211
v 1.055031 -0.381426 -0.730007
v 0.766525 -0.420481 -0.957981
v 0.402986 -0.445555 -1.104349
v 0.000000 -0.454195 -1.154784
v -0.402986 -0.445555 -1.104349
v -0.766525 -0.420481 -0.957981
v -1.055031 -0.381426 -0.730007
v -1.240263 -0.321932 -0.446211
v -1.304090 -0.272418 -0.130460
v -1.240263 -0.261925 0.189780
v -1.093276 -0.252012 0.475453
v 1.063345 -0.117933 0.508966
v 1.206308 -0.127846 0.223293
v 1.268388 -0.138339 -0.096947
v 1.206309 -0.187853 -0.412698
v 1.026148 -0.247347 -0.696494
v 0.745540 -0.286402 -0.924468
v 0.391954 -0.311476 -1.070836
v 0.000000 -0.320116 -1.121271
v -0.391953 -0.311476 -1.070836
v -0.745540 -0.286402 -0.924468
v -1.026147 -0.247347 -0.696494
v -1.206309 -0.187853 -0.412698
v -1.268388 -0.138339 -0.096947
v -1.206309 -0.127846 0.223293
v -1.063345 -0.117933 0.508966
v 1.033415 0.016146 0.542479
v 1.172354 0.006233 0.256806
v 1.232686 -0.004260 -0.063434
v 1.172355 -0.053774 -0.379185
v 0.997264 -0.113268 -0.662981
v 0.724555 -0.152323 -0.890955
v 0.380921 -0.177397 -1.037323
v 0.000000 -0.186037 -1.087758
v -0.380921 -0.177397 -1.037323
v -0.724555 -0.152323 -0.890955
v -0.997264 -0.113268 -0.662981
v -1.172354 -0.053774 -0.379185
v -1.232686 -0.004260 -0.063434
v -1.172354 0.006233 0.256806
v -1.033415 0.016146 0.542479
v 1.003485 0.150225 0.575992
v 1.138400 0.140312 0.290319
v 1.196984 0.129819 -0.029921
v 1.138400 0.080305 -0.345672
v 0.968381 0.020811 -0.629468
v 0.703570 -0.018244 -0.857442
v 0.369889 -0.043318 -1.003810
v 0.000000 -0.051958 -1.054245
v -0.369889 -0.043318 -1.003810
v -0.703570 -0.018244 -0.857442
v -0.968381 0.020811 -0.629468
v -1.138400 0.080305 -0.345672
v -1.196984 0.129819 -0.029921
v -1.138400 0.140312 0.290319
v -1.003485 0.150225 0.575992
v -0.946312 0.239788 0.584923
v -0.946312 0.237426 0.592045
v 0.946311 0.239788 0.584923
v 0.946311 0.237426 0.592045
v -0.973555 0.226920 0.704811
v -0.973555 0.159922 1.033404
v -0.769039 0.219507 1.440855
v -0.439650 0.297688 1.668060
v -0.000000 0.334010 1.734674
v 0.439650 0.297688 1.668060
v 0.769039 0.219507 1.440855
v 0.973554 0.226920 0.704811
v 0.973554 0.159922 1.033404
v -0.975404 0.109461 0.552348
v 0.975404 0.109461 0.552348
v -1.271565 -0.610137 -0.506401
v -1.271565 -0.924260 -0.515995
v -1.120868 -0.542174 0.389472
v -1.120868 -0.856297 0.226892
v 1.120868 -0.542174 0.389472
v 1.120868 -0.856297 0.226892
v 1.271566 -0.610137 -0.506401
v 1.271566 -0.924260 -0.515995
v -1.271565 -1.062195 -0.350829
v -1.337003 -1.014067 -0.213822
v -1.271565 -1.003868 -0.074867
v -1.120868 -0.994232 0.049090
v 1.120868 -0.994232 0.049089
v 1.271565 -1.003868 -0.074867
v 1.337002 -1.014067 -0.213822
v 1.271566 -1.062195 -0.350829
v 1.091776 -0.411847 0.422047
v 1.238561 -0.479810 -0.473826
v -1.238561 -0.479810 -0.473826
v -1.091776 -0.411847 0.422047
v 1.062683 -0.281520 0.454622
v 1.205557 -0.349483 -0.441251
v 1.025508 -0.407312 -0.717106
v 0.745075 -0.445274 -0.938700
v 0.391709 -0.469647 -1.080973
v 0.000000 -0.478046 -1.129997
v -0.391709 -0.469647 -1.080973
v -0.745075 -0.445274 -0.938700
v -1.025508 -0.407312 -0.717106
v -1.205557 -0.349483 -0.441251
v -1.062683 -0.281520 0.454622
v 1.033590 -0.151193 0.487197
v -1.033590 -0.151193 0.487197
v 1.004497 -0.020866 0.519772
v -1.004497 -0.020866 0.519773
v -0.000000 0.313944 0.704811
v -0.000000 0.339769 1.033404
v -0.000000 0.360893 1.440855
v -0.000000 0.346251 1.668060
v -0.486777 0.310987 0.704811
v -0.486777 0.290402 1.033404
v -0.384520 0.317811 1.440855
v -0.219825 0.321970 1.668060
v 0.486777 0.310987 0.704811
v 0.486777 0.290402 1.033404
v 0.384520 0.317811 1.440855
v 0.219825 0.321970 1.668060
vt 0.000000 0.550000
vt 0.050000 0.550000
vt 0.100000 0.550000
vt 0.150000 0.550000
vt 0.200000 0.550000
vt 0.250000 0.550000
vt 0.300000 0.550000
vt 0.350000 0.550000
vt 0.400000 0.550000
vt 0.450000 0.550000
vt 0.500000 0.550000
vt 0.550000 0.550000
vt 0.600000 0.550000
vt 0.650000 0.550000
vt 0.700000 0.550000
vt 0.750000 0.550000
vt 0.800000 0.550000
vt 0.850000 0.550000
vt 0.900000 0.550000
vt 0.950000 0.550000
vt 1.000000 0.550000
vt 0.000000 0.600000
vt 0.050000 0.600000
vt 0.100000 0.600000
vt 0.150000 0.600000
vt 0.200000 0.600000
vt 0.250000 0.600000
vt 0.300000 0.600000
vt 0.350000 0.600000
vt 0.400000 0.600000
vt 0.450000 0.600000
vt 0.500000 0.600000
vt 0.550000 0.600000
vt 0.600000 0.600000
vt 0.650000 0.600000
vt 0.700000 0.600000
vt 0.750000 0.600000
vt 0.800000 0.600000
vt 0.850000 0.600000
vt 0.900000 0.600000
vt 0.950000 0.600000
vt 1.000000 0.600000
vt 0.000000 0.650000
vt 0.050000 0.650000
vt 0.100000 0.650000
vt 0.150000 0.650000
vt 0.200000 0.650000
vt 0.250000 0.650000
vt 0.300000 0.650000
vt 0.350000 0.650000
vt 0.400000 0.650000
vt 0.450000 0.650000
vt 0.500000 0.650000
vt 0.550000 0.650000
vt 0.600000 0.650000
vt 0.650000 0.650000
vt 0.700000 0.650000
vt 0.750000 0.650000
vt 0.800000 0.650000
vt 0.850000 0.650000
vt 0.900000 0.650000
vt 0.950000 0.650000
vt 1.000000 0.650000
vt 0.000000 0.700000
vt 0.050000 0.700000
vt 0.100000 0.700000
vt 0.150000 0.700000
vt 0.200000 0.700000
vt 0.250000 0.700000
vt 0.300000 0.700000
vt 0.350000 0.700000
vt 0.400000 0.700000
vt 0.450000 0.700000
vt 0.500000 0.700000
vt 0.550000 0.700000
vt 0.600000 0.700000
vt 0.650000 0.700000
vt 0.700000 0.700000
vt 0.750000 0.700000
vt 0.800000 0.700000
vt 0.850000 0.700000
vt 0.900000 0.700000
vt 0.950000 0.700000
vt 1.000000 0.700000
vt 0.000000 0.750000
vt 0.050000 0.750000
vt 0.100000 0.750000
vt 0.150000 0.750000
vt 0.200000 0.750000
vt 0.250000 0.750000
vt 0.300000 0.750000
vt 0.350000 0.750000
vt 0.400000 0.750000
vt 0.450000 0.750000
vt 0.500000 0.750000
vt 0.550000 0.750000
vt 0.600000 0.750000
vt 0.650000 0.750000
vt 0.700000 0.750000
vt 0.750000 0.750000
vt 0.800000 0.750000
vt 0.850000 0.750000
vt 0.900000 0.750000
vt 0.950000 0.750000
vt 1.000000 0.750000
vt 0.000000 0.800000
vt 0.050000 0.800000
vt 0.100000 0.800000
vt 0.150000 0.800000
vt 0.200000 0.800000
vt 0.250000 0.800000
vt 0.300000 0.800000
vt 0.350000 0.800000
vt 0.400000 0.800000
vt 0.450000 0.800000
vt 0.500000 0.800000
vt 0.550000 0.800000
vt 0.600000 0.800000
vt 0.650000 0.800000
vt 0.700000 0.800000
vt 0.750000 0.800000
vt 0.800000 0.800000
vt 0.850000 0.800000
vt 0.900000 0.800000
vt 0.950000 0.800000
vt 1.000000 0.800000
vt 0.000000 0.850000
vt 0.050000 0.850000
vt 0.100000 0.850000
vt 0.150000 0.850000
vt 0.200000 0.850000
vt 0.250000 0.850000
vt 0.300000 0.850000
vt 0.350000 0.850000
vt 0.400000 0.850000
vt 0.450000 0.850000
vt 0.500000 0.850000
vt 0.550000 0.850000
vt 0.600000 0.850000
vt 0.650000 0.850000
vt 0.700000 0.850000
vt 0.750000 0.850000
vt 0.800000 0.850000
vt 0.850000 0.850000
vt 0.900000 0.850000
vt 0.950000 0.850000
vt 1.000000 0.850000
vt 0.000000 0.900000
vt 0.050000 0.900000
vt 0.100000 0.900000
vt 0.150000 0.900000
vt 0.200000 0.900000
vt 0.250000 0.900000
vt 0.300000 0.900000
vt 0.350000 0.900000
vt 0.400000 0.900000
vt 0.450000 0.900000
vt 0.500000 0.900000
vt 0.550000 0.900000
vt 0.600000 0.900000
vt 0.650000 0.900000
vt 0.700000 0.900000
vt 0.750000 0.900000
vt 0.800000 0.900000
vt 0.850000 0.900000
vt 0.900000 0.900000
vt 0.950000 0.900000
vt 1.000000 0.900000
vt 0.000000 0.950000
vt 0.050000 0.950000
vt 0.100000 0.950000
vt 0.150000 0.950000
vt 0.200000 0.950000
vt 0.250000 0.950000
vt 0.300000 0.950000
vt 0.350000 0.950000
vt 0.400000 0.950000
vt 0.450000 0.950000
vt 0.500000 0.950000
vt 0.550000 0.950000
vt 0.600000 0.950000
vt 0.650000 0.950000
vt 0.700000 0.950000
vt 0.750000 0.950000
vt 0.800000 0.950000
vt 0.850000 0.950000
vt 0.900000 0.950000
vt 0.950000 0.950000
vt 1.000000 0.950000
vt 0.025000 1.000000
vt 0.075000 1.000000
vt 0.125000 1.000000
vt 0.175000 1.000000
vt 0.225000 1.000000
vt 0.275000 1.000000
vt 0.325000 1.000000
vt 0.375000 1.000000
vt 0.425000 1.000000
vt 0.475000 1.000000
vt 0.525000 1.000000
vt 0.575000 1.000000
vt 0.625000 1.000000
vt 0.675000 1.000000
vt 0.725000 1.000000
vt 0.775000 1.000000
vt 0.825000 1.000000
vt 0.875000 1.000000
vt 0.925000 1.000000
vt 0.975000 1.000000
vt 0.000000 0.000000
vt 1.000000 0.000000
vt 1.000000 1.000000
vt 0.000000 1.000000
vt 0.000000 0.000000
vt 1.000000 0.000000
vt 1.000000 1.000000
vt 0.000000 1.000000
vt 0.000000 0.000000
vt 1.000000 0.000000
vt 1.000000 1.000000
vt 0.000000 1.000000
vt 0.000000 0.000000
vt 1.000000 0.000000
vt 1.000000 1.000000
vt 0.000000 1.000000
vt 0.000000 0.000000
vt 1.000000 0.000000
vt 1.000000 1.000000
vt 0.000000 1.000000
vt 0.000000 0.000000
vt 1.000000 0.000000
vt 1.000000 1.000000
vt 0.000000 1.000000
vt 0.000000 0.000000
vt 1.000000 0.000000
vt 1.000000 1.000000
vt 0.000000 1.000000
vt 0.000000 0.000000
vt 1.000000 0.000000
vt 1.000000 1.000000
vt 0.000000 1.000000
vt 0.000000 0.000000
vt 1.000000 0.000000
vt 1.000000 1.000000
vt 0.000000 1.000000
vt 0.000000 0.000000
vt 1.000000 0.000000
vt 1.000000 1.000000
vt 0.000000 1.000000
vt 0.000000 0.000000
vt 1.000000 0.000000
vt 1.000000 1.000000
vt 0.000000 1.000000
vt 0.000000 0.000000
vt 1.000000 0.000000
vt 1.000000 1.000000
vt 0.000000 1.000000
vt 0.000000 0.000000
vt 1.000000 0.000000
vt 0.000000 0.000000
vt 1.000000 0.000000
vt 0.000000 0.000000
vt 1.000000 0.000000
vt 0.000000 0.000000
vt 1.000000 0.000000
vt 0.000000 0.000000
vt 1.000000 0.000000
vt 0.000000 0.000000
vt 1.000000 0.000000
vt 0.000000 0.000000
vt 1.000000 0.000000
vt 0.000000 0.000000
vt 1.000000 0.000000
vt 0.000000 0.000000
vt 1.000000 0.000000
vt 1.000000 1.000000
vt 0.000000 1.000000
vt 0.000000 0.000000
vt 1.000000 0.000000
vt 1.000000 1.000000
vt 0.000000 1.000000
vt 0.000000 0.000000
vt 1.000000 0.000000
vt 1.000000 1.000000
vt 0.000000 1.000000
vt 0.000000 0.000000
vt 1.000000 0.000000
vt 1.000000 1.000000
vt 0.000000 1.000000
vt 0.000000 0.000000
vt 1.000000 0.000000
vt 1.000000 1.000000
vt 0.000000 1.000000
vt 0.000000 0.000000
vt 1.000000 0.000000
vt 1.000000 1.000000
vt 0.000000 1.000000
vt 0.000000 0.000000
vt 1.000000 0.000000
vt 1.000000 1.000000
vt 0.000000 1.000000
vt 0.000000 0.000000
vt 1.000000 0.000000
vt 1.000000 1.000000
vt 0.000000 1.000000
vt 0.000000 0.000000
vt 1.000000 0.000000
vt 1.000000 1.000000
vt 0.000000 1.000000
vt 0.000000 0.000000
vt 1.000000 0.000000
vt 1.000000 1.000000
vt 0.000000 1.000000
vt 0.000000 0.000000
vt 1.000000 0.000000
vt 1.000000 1.000000
vt 0.000000 1.000000
vt 0.000000 0.000000
vt 1.000000 0.000000
vt 1.000000 1.000000
vt 0.000000 1.000000
vt 0.000000 0.000000
vt 1.000000 0.000000
vt 1.000000 1.000000
vt 0.000000 1.000000
vt 0.000000 0.000000
vt 1.000000 0.000000
vt 1.000000 1.000000
vt 0.000000 1.000000
vt 0.000000 0.000000
vt 1.000000 0.000000
vt 1.000000 1.000000
vt 0.000000 1.000000
vt 0.000000 0.000000
vt 1.000000 0.000000
vt 1.000000 1.000000
vt 0.000000 1.000000
vt 0.000000 0.000000
vt 1.000000 0.000000
vt 1.000000 1.000000
vt 0.000000 1.000000
vt 0.000000 0.000000
vt 1.000000 0.000000
vt 1.000000 1.000000
vt 0.000000 1.000000
vt 1.000000 0.076883
vt 1.000000 0.076883
vt 0.000000 0.076883
vt 1.000000 0.076883
vt 0.000000 0.076883
vt 1.000000 0.076883
vt 0.000000 0.076883
vt 1.000000 0.076883
vt 0.000000 0.076883
vt 1.000000 0.076883
vt 0.000000 0.076883
vt 0.000000 0.076883
vt 1.000000 0.833333
vt 1.000000 0.833333
vt 0.000000 0.833333
vt 1.000000 0.833333
vt 0.000000 0.833333
vt 0.000000 0.833333
vt 1.000000 0.833333
vt 1.000000 0.833333
vt 0.000000 0.833333
vt 1.000000 0.833333
vt 0.000000 0.833333
vt 0.000000 0.833333
vt 1.000000 0.666667
vt 1.000000 0.666667
vt 0.000000 0.666667
vt 1.000000 0.666667
vt 0.000000 0.666667
vt 1.000000 0.666667
vt 0.000000 0.666667
vt 1.000000 0.666667
vt 0.000000 0.666667
vt 1.000000 0.666667
vt 0.000000 0.666667
vt 1.000000 0.666667
vt 0.000000 0.666667
vt 1.000000 0.666667
vt 0.000000 0.666667
vt 1.000000 0.666667
vt 0.000000 0.666667
vt 1.000000 0.666667
vt 0.000000 0.666667
vt 1.000000 0.666667
vt 0.000000 0.666667
vt 1.000000 0.666667
vt 0.000000 0.666667
vt 1.000000 0.666667
vt 0.000000 0.666667
vt 1.000000 0.666667
vt 0.000000 0.666667
vt 0.000000 0.666667
vt 1.000000 0.500000
vt 1.000000 0.500000
vt 0.000000 0.500000
vt 1.000000 0.500000
vt 0.000000 0.500000
vt 1.000000 0.500000
vt 0.000000 0.500000
vt 1.000000 0.500000
vt 0.000000 0.500000
vt 1.000000 0.500000
vt 0.000000 0.500000
vt 1.000000 0.500000
vt 0.000000 0.500000
vt 1.000000 0.500000
vt 0.000000 0.500000
vt 1.000000 0.500000
vt 0.000000 0.500000
vt 1.000000 0.500000
vt 0.000000 0.500000
vt 1.000000 0.500000
vt 0.000000 0.500000
vt 1.000000 0.500000
vt 0.000000 0.500000
vt 1.000000 0.500000
vt 0.000000 0.500000
vt 1.000000 0.500000
vt 0.000000 0.500000
vt 0.000000 0.500000
vt 1.000000 0.333333
vt 1.000000 0.333333
vt 0.000000 0.333333
vt 1.000000 0.333333
vt 0.000000 0.333333
vt 1.000000 0.333333
vt 0.000000 0.333333
vt 1.000000 0.333333
vt 0.000000 0.333333
vt 1.000000 0.333333
vt 0.000000 0.333333
vt 1.000000 0.333333
vt 0.000000 0.333333
vt 1.000000 0.333333
vt 0.000000 0.333333
vt 1.000000 0.333333
vt 0.000000 0.333333
vt 1.000000 0.333333
vt 0.000000 0.333333
vt 1.000000 0.333333
vt 0.000000 0.333333
vt 1.000000 0.333333
vt 0.000000 0.333333
vt 1.000000 0.333333
vt 0.000000 0.333333
vt 1.000000 0.333333
vt 0.000000 0.333333
vt 0.000000 0.333333
vt 1.000000 0.166667
vt 1.000000 0.166667
vt 0.000000 0.166667
vt 1.000000 0.166667
vt 0.000000 0.166667
vt 1.000000 0.166667
vt 0.000000 0.166667
vt 1.000000 0.166667
vt 0.000000 0.166667
vt 1.000000 0.166667
vt 0.000000 0.166667
vt 1.000000 0.166667
vt 0.000000 0.166667
vt 1.000000 0.166667
vt 0.000000 0.166667
vt 1.000000 0.166667
vt 0.000000 0.166667
vt 1.000000 0.166667
vt 0.000000 0.166667
vt 1.000000 0.166667
vt 0.000000 0.166667
vt 1.000000 0.166667
vt 0.000000 0.166667
vt 1.000000 0.166667
vt 0.000000 0.166667
vt 1.000000 0.166667
vt 0.000000 0.166667
vt 0.000000 0.166667
vt 0.000000 0.000000
vt 1.000000 0.000000
vt 1.000000 1.000000
vt 0.000000 1.000000
vt 0.000000 0.000000
vt 1.000000 0.000000
vt 1.000000 1.000000
vt 0.000000 1.000000
vt 0.000000 0.000000
vt 1.000000 0.000000
vt 1.000000 1.000000
vt 0.500000 1.000000
vt 0.000000 0.000000
vt 1.000000 0.000000
vt 0.500000 1.000000
vt 0.000000 0.000000
vt 1.000000 0.000000
vt 0.500000 1.000000
vt 0.000000 0.000000
vt 1.000000 0.000000
vt 0.500000 1.000000
vt 0.000000 0.000000
vt 1.000000 0.000000
vt 0.500000 1.000000
vt 0.000000 0.000000
vt 1.000000 0.000000
vt 0.500000 1.000000
vt 0.000000 0.000000
vt 1.000000 0.000000
vt 0.500000 1.000000
vt 0.000000 1.000000
vt 0.000000 0.000000
vt 1.000000 0.000000
vt 0.000000 0.000000
vt 1.000000 0.000000
vt 1.000000 1.000000
vt 0.000000 1.000000
vt 0.000000 0.000000
vt 1.000000 0.000000
vt 1.000000 1.000000
vt 0.000000 1.000000
vt 0.000000 0.000000
vt 1.000000 0.000000
vt 1.000000 1.000000
vt 0.000000 1.000000
vt 0.000000 0.000000
vt 1.000000 0.000000
vt 1.000000 1.000000
vt 0.000000 1.000000
vt 0.000000 0.000000
vt 1.000000 0.000000
vt 1.000000 1.000000
vt 0.000000 1.000000
vt 0.000000 0.000000
vt 1.000000 0.000000
vt 1.000000 1.000000
vt 0.000000 1.000000
vt 0.000000 0.000000
vt 1.000000 0.000000
vt 1.000000 1.000000
vt 0.000000 1.000000
vt 0.000000 0.000000
vt 1.000000 0.000000
vt 1.000000 1.000000
vt 0.000000 1.000000
vt 0.000000 0.000000
vt 1.000000 0.000000
vt 1.000000 1.000000
vt 0.000000 1.000000
vt 0.000000 0.000000
vt 1.000000 0.000000
vt 1.000000 1.000000
vt 0.000000 1.000000
vt 0.000000 0.000000
vt 1.000000 0.000000
vt 1.000000 1.000000
vt 0.000000 1.000000
vt 0.000000 0.000000
vt 1.000000 0.000000
vt 1.000000 1.000000
vt 0.000000 1.000000
vt 0.000000 0.000000
vt 1.000000 0.000000
vt 1.000000 1.000000
vt 0.000000 1.000000
vt 0.000000 0.000000
vt 1.000000 0.000000
vt 1.000000 1.000000
vt 0.000000 1.000000
vt 0.000000 0.000000
vt 1.000000 0.000000
vt 1.000000 1.000000
vt 0.000000 1.000000
vt 0.000000 0.000000
vt 1.000000 0.000000
vt 1.000000 1.000000
vt 0.000000 1.000000
vt 0.000000 0.000000
vt 1.000000 0.000000
vt 1.000000 1.000000
vt 0.000000 1.000000
vt 0.000000 0.000000
vt 1.000000 0.000000
vt 1.000000 1.000000
vt 0.000000 1.000000
vt 0.000000 0.000000
vt 1.000000 0.000000
vt 1.000000 1.000000
vt 0.000000 1.000000
vt 0.000000 0.000000
vt 1.000000 0.000000
vt 1.000000 1.000000
vt 0.000000 1.000000
vt 0.000000 0.000000
vt 1.000000 0.000000
vt 1.000000 1.000000
vt 0.000000 1.000000
vt 0.000000 0.000000
vt 1.000000 0.000000
vt 1.000000 1.000000
vt 0.000000 1.000000
vt 0.000000 0.000000
vt 1.000000 0.000000
vt 1.000000 1.000000
vt 0.000000 1.000000
vt 0.000000 0.000000
vt 1.000000 0.000000
vt 1.000000 1.000000
vt 0.000000 1.000000
vt 0.000000 0.000000
vt 1.000000 0.000000
vt 1.000000 1.000000
vt 0.000000 1.000000
vt 0.000000 0.000000
vt 1.000000 0.000000
vt 1.000000 1.000000
vt 0.000000 1.000000
vt 0.000000 0.000000
vt 1.000000 0.000000
vt 1.000000 1.000000
vt 0.000000 1.000000
vt 0.000000 0.000000
vt 1.000000 0.000000
vt 1.000000 1.000000
vt 0.000000 1.000000
vt 0.000000 0.000000
vt 1.000000 0.000000
vt 1.000000 1.000000
vt 0.000000 1.000000
vt 0.000000 0.000000
vt 1.000000 0.000000
vt 1.000000 1.000000
vt 0.000000 1.000000
vt 0.000000 0.000000
vt 1.000000 0.000000
vt 1.000000 1.000000
vt 0.000000 1.000000
vt 0.000000 0.000000
vt 1.000000 0.000000
vt 1.000000 1.000000
vt 0.000000 1.000000
vt 0.000000 0.000000
vt 1.000000 0.000000
vt 1.000000 1.000000
vt 0.000000 1.000000
vt 0.000000 0.000000
vt 1.000000 0.000000
vt 1.000000 1.000000
vt 0.000000 1.000000
vt 0.000000 0.000000
vt 1.000000 0.000000
vt 1.000000 1.000000
vt 0.000000 1.000000
vt 0.000000 0.000000
vt 1.000000 0.000000
vt 1.000000 1.000000
vt 0.000000 1.000000
vt 0.000000 0.000000
vt 1.000000 0.000000
vt 1.000000 1.000000
vt 0.000000 1.000000
vt 0.000000 0.000000
vt 1.000000 0.000000
vt 1.000000 1.000000
vt 0.000000 1.000000
vt 0.000000 0.000000
vt 1.000000 0.000000
vt 1.000000 1.000000
vt 0.000000 1.000000
vt 0.000000 0.000000
vt 1.000000 0.000000
vt 1.000000 1.000000
vt 0.000000 1.000000
vt 0.500000 1.000000
vt 0.500000 1.000000
vt 0.500000 1.000000
vt 0.500000 1.000000
vt 0.750000 1.000000
vt 0.500000 1.000000
vt 0.500000 1.000000
vt 0.250000 1.000000
vt 0.250000 1.000000
vt 0.500000 1.000000
vt 0.500000 1.000000
vt 0.750000 1.000000
vn 0.884824 0.287056 -0.366995
vn 0.722600 0.260711 -0.640218
vn 0.712406 0.291258 -0.638472
vn 0.855353 0.358035 -0.374409
vn 0.510959 0.225514 -0.829497
vn 0.506713 0.243869 -0.826904
vn 0.262294 0.198275 -0.944399
vn 0.260975 0.214724 -0.941162
vn -0.000000 0.187981 -0.982173
vn -0.000000 0.204827 -0.978798
vn -0.262294 0.198275 -0.944399
vn -0.260975 0.214724 -0.941162
vn -0.510959 0.225514 -0.829497
vn -0.506713 0.243869 -0.826904
vn -0.722600 0.260711 -0.640218
vn -0.712406 0.291258 -0.638472
vn -0.884824 0.287056 -0.366995
vn -0.855353 0.358035 -0.374409
vn -0.959236 0.282372 -0.011517
vn -0.910714 0.411164 -0.039286
vn -0.926465 0.238469 0.291195
vn -0.872947 0.417867 0.251696
vn -0.836663 0.263044 0.480420
vn -0.772399 0.425453 0.471582
vn -0.574988 0.421381 0.701304
vn -0.531456 0.479055 0.698614
vn -0.251652 0.475741 0.842818
vn -0.228195 0.522022 0.821839
vn -0.000000 0.492521 0.870300
vn -0.000000 0.534104 0.845419
vn 0.251652 0.475741 0.842818
vn 0.228195 0.522022 0.821839
vn 0.574988 0.421381 0.701303
vn 0.531456 0.479055 0.698613
vn 0.836663 0.263044 0.480420
vn 0.772399 0.425453 0.471582
vn 0.926465 0.238469 0.291195
vn 0.872947 0.417867 0.251697
vn 0.959236 0.282372 -0.011516
vn 0.910714 0.411164 -0.039285
vn 0.648924 0.458224 -0.607394
vn 0.771771 0.523089 -0.361590
vn 0.465198 0.410488 -0.784277
vn 0.240814 0.380336 -0.892947
vn 0.000000 0.369968 -0.929045
vn -0.240814 0.380336 -0.892947
vn -0.465198 0.410488 -0.784277
vn -0.648924 0.458224 -0.607394
vn -0.771771 0.523089 -0.361591
vn -0.816860 0.574439 -0.052533
vn -0.781887 0.585117 0.215153
vn -0.689693 0.598289 0.407889
vn -0.480208 0.642540 0.597112
vn -0.214055 0.667880 0.712823
vn -0.000000 0.672143 0.740421
vn 0.214055 0.667881 0.712822
vn 0.480208 0.642540 0.597112
vn 0.689693 0.598289 0.407889
vn 0.781887 0.585117 0.215153
vn 0.816860 0.574439 -0.052533
vn 0.572714 0.605174 -0.552958
vn 0.673560 0.660909 -0.330934
vn 0.414281 0.562654 -0.715396
vn 0.215750 0.535104 -0.816772
vn -0.000000 0.525510 -0.850788
vn -0.215750 0.535104 -0.816771
vn -0.414281 0.562654 -0.715396
vn -0.572714 0.605174 -0.552958
vn -0.673560 0.660908 -0.330935
vn -0.707163 0.704687 -0.057762
vn -0.673948 0.716814 0.178809
vn -0.589125 0.731176 0.343967
vn -0.414004 0.764668 0.493845
vn -0.192467 0.780430 0.594883
vn 0.000000 0.781627 0.623746
vn 0.192467 0.780430 0.594883
vn 0.414005 0.764668 0.493845
vn 0.589126 0.731176 0.343967
vn 0.673948 0.716814 0.178809
vn 0.707163 0.704687 -0.057762
vn 0.487446 0.730513 -0.478275
vn 0.567286 0.772437 -0.285531
vn 0.355660 0.697284 -0.622336
vn 0.186346 0.675173 -0.713734
vn -0.000000 0.667369 -0.744727
vn -0.186346 0.675173 -0.713734
vn -0.355660 0.697284 -0.622335
vn -0.487447 0.730512 -0.478275
vn -0.567286 0.772437 -0.285532
vn -0.590590 0.805099 -0.054944
vn -0.559288 0.816067 0.145709
vn -0.483012 0.827871 0.285183
vn -0.341942 0.850072 0.400566
vn -0.165222 0.860685 0.481584
vn 0.000000 0.861639 0.507522
vn 0.165222 0.860685 0.481584
vn 0.341942 0.850072 0.400566
vn 0.483012 0.827871 0.285183
vn 0.559288 0.816067 0.145709
vn 0.590590 0.805099 -0.054943
vn 0.395873 0.832151 -0.388342
vn 0.457142 0.859161 -0.229920
vn 0.290833 0.809858 -0.509456
vn 0.153179 0.794600 -0.587491
vn -0.000000 0.789141 -0.614212
vn -0.153180 0.794600 -0.587491
vn -0.290834 0.809858 -0.509456
vn -0.395873 0.832151 -0.388342
vn -0.457141 0.859161 -0.229920
vn -0.472783 0.879998 -0.045607
vn -0.445036 0.887853 0.116876
vn -0.380053 0.895291 0.232407
vn -0.270713 0.907766 0.320431
vn -0.134888 0.914653 0.381070
vn -0.000000 0.915826 0.401576
vn 0.134888 0.914653 0.381071
vn 0.270713 0.907765 0.320432
vn 0.380054 0.895291 0.232408
vn 0.445036 0.887853 0.116876
vn 0.472784 0.879997 -0.045607
vn 0.300917 0.908336 -0.290473
vn 0.346237 0.922642 -0.169857
vn 0.221941 0.896021 -0.384564
vn 0.117316 0.887341 -0.445941
vn -0.000000 0.884194 -0.467120
vn -0.117316 0.887341 -0.445941
vn -0.221941 0.896021 -0.384564
vn -0.300917 0.908336 -0.290473
vn -0.346237 0.922642 -0.169857
vn -0.356928 0.933563 -0.032605
vn -0.334776 0.937884 0.091100
vn -0.283808 0.941272 0.182919
vn -0.203392 0.946793 0.249428
vn -0.103686 0.950446 0.293089
vn 0.000000 0.951362 0.308076
vn 0.103686 0.950446 0.293089
vn 0.203392 0.946793 0.249429
vn 0.283808 0.941272 0.182919
vn 0.334776 0.937884 0.091100
vn 0.356928 0.933563 -0.032604
vn 0.206455 0.959076 -0.193776
vn 0.237841 0.964855 -0.111740
vn 0.152306 0.953881 -0.258677
vn 0.080610 0.950109 -0.301321
vn -0.000000 0.948726 -0.316100
vn -0.080610 0.950109 -0.301321
vn -0.152306 0.953881 -0.258677
vn -0.206455 0.959076 -0.193777
vn -0.237841 0.964855 -0.111741
vn -0.245454 0.969213 -0.019440
vn -0.230220 0.970885 0.066195
vn -0.194770 0.971807 0.132871
vn -0.140593 0.973432 0.180731
vn -0.072928 0.974750 0.211054
vn 0.000000 0.975162 0.221494
vn 0.072928 0.974750 0.211054
vn 0.140593 0.973432 0.180731
vn 0.194770 0.971808 0.132871
vn 0.230220 0.970885 0.066195
vn 0.245454 0.969213 -0.019439
vn 0.120179 0.986671 -0.109712
vn 0.139259 0.988266 -0.062742
vn 0.088351 0.985179 -0.147028
vn 0.046688 0.984067 -0.171558
vn -0.000000 0.983656 -0.180059
vn -0.046688 0.984067 -0.171558
vn -0.088351 0.985179 -0.147028
vn -0.120179 0.986671 -0.109712
vn -0.139259 0.988266 -0.062742
vn -0.144595 0.989444 -0.009648
vn -0.136149 0.989835 0.041102
vn -0.115507 0.989898 0.082217
vn -0.084301 0.990090 0.112322
vn -0.044483 0.990313 0.131536
vn 0.000000 0.990396 0.138259
vn 0.044483 0.990313 0.131536
vn 0.084301 0.990090 0.112321
vn 0.115507 0.989898 0.082217
vn 0.136149 0.989835 0.041102
vn 0.144595 0.989444 -0.009648
vn -0.000000 0.999989 -0.004753
vn -0.715188 0.669164 0.201806
vn -0.423192 0.859974 0.285224
vn -0.207067 0.928586 0.307980
vn 0.000000 0.949157 0.314803
vn 0.207067 0.928586 0.307980
vn 0.423193 0.859974 0.285224
vn 0.715188 0.669164 0.201806
vn -0.373106 0.915915 0.147957
vn -0.588146 0.791804 0.164715
vn -0.556342 0.815000 0.162042
vn -0.349547 0.923505 0.157974
vn -0.184742 0.973982 0.131262
vn -0.162782 0.975503 0.147972
vn 0.000000 0.991742 0.128252
vn 0.000000 0.989739 0.142888
vn 0.184742 0.973982 0.131262
vn 0.162782 0.975503 0.147972
vn 0.373106 0.915915 0.147957
vn 0.349547 0.923505 0.157974
vn 0.588146 0.791804 0.164715
vn 0.556342 0.815000 0.162042
vn 0.867851 0.311752 -0.386841
vn 0.693997 0.310011 -0.649817
vn 0.486177 0.284297 -0.826322
vn 0.248643 0.258051 -0.933588
vn -0.000000 0.247376 -0.968920
vn -0.248643 0.258051 -0.933588
vn -0.486177 0.284297 -0.826321
vn -0.693997 0.310011 -0.649817
vn -0.867850 0.311753 -0.386841
vn -0.966148 0.256895 -0.023727
vn -0.941612 0.161146 0.295632
vn -0.845709 0.069865 0.529051
vn 0.845709 0.069865 0.529051
vn 0.941612 0.161145 0.295632
vn 0.966148 0.256894 -0.023726
vn -0.997464 0.070916 0.006116
vn -0.937528 0.103339 -0.332208
vn -0.912870 -0.065250 -0.403003
vn -0.998477 -0.041026 -0.036891
vn -0.924534 -0.063597 0.375755
vn -0.898625 -0.196271 0.392365
vn -0.809753 -0.131055 0.571949
vn -0.737851 -0.320958 0.593769
vn 0.924534 -0.063597 0.375755
vn 0.809753 -0.131055 0.571948
vn 0.737852 -0.320958 0.593768
vn 0.898626 -0.196270 0.392365
vn 0.997464 0.070916 0.006117
vn 0.998477 -0.041026 -0.036889
vn 0.937529 0.103339 -0.332205
vn 0.912871 -0.065250 -0.403001
vn -0.843129 -0.441195 -0.307375
vn -0.972221 -0.232901 0.023288
vn -0.815767 -0.369738 0.444768
vn -0.529504 -0.627167 0.571216
vn 0.529504 -0.627166 0.571217
vn 0.815767 -0.369737 0.444768
vn 0.972222 -0.232901 0.023290
vn 0.843131 -0.441194 -0.307373
vn 0.932394 0.150613 0.328567
vn 0.823646 0.055768 0.564356
vn 0.966148 0.256895 -0.023728
vn 0.877072 0.318036 -0.359996
vn -0.966148 0.256895 -0.023729
vn -0.877071 0.318036 -0.359999
vn -0.932394 0.150612 0.328567
vn -0.823645 0.055768 0.564357
vn 0.934794 0.153245 0.320432
vn 0.829201 0.059234 0.555803
vn 0.966148 0.256895 -0.023727
vn 0.883938 0.252934 -0.393290
vn -0.966148 0.256896 -0.023728
vn -0.883938 0.252935 -0.393291
vn -0.934794 0.153245 0.320432
vn -0.829201 0.059233 0.555803
vn 0.937131 0.155878 0.312231
vn 0.834733 0.062739 0.547069
vn 0.966148 0.256895 -0.023727
vn 0.859428 0.313851 -0.403585
vn 0.675589 0.310785 -0.668575
vn 0.717473 0.084074 -0.691494
vn 0.465792 0.283978 -0.838090
vn 0.489452 0.079483 -0.868401
vn 0.235598 0.257628 -0.937081
vn 0.246044 0.066160 -0.966998
vn -0.000000 0.247102 -0.968990
vn -0.000000 0.060361 -0.998177
vn -0.235598 0.257628 -0.937081
vn -0.246045 0.066160 -0.966998
vn -0.465793 0.283978 -0.838089
vn -0.489452 0.079483 -0.868400
vn -0.675589 0.310785 -0.668575
vn -0.717473 0.084074 -0.691494
vn -0.859428 0.313850 -0.403586
vn -0.966148 0.256895 -0.023728
vn -0.937131 0.155878 0.312231
vn -0.834733 0.062738 0.547069
vn 0.939404 0.158512 0.303963
vn 0.840237 0.066283 0.538152
vn 0.966148 0.256895 -0.023726
vn 0.863657 0.312821 -0.395271
vn 0.684728 0.310430 -0.659379
vn 0.475799 0.284153 -0.832389
vn 0.241950 0.257840 -0.935403
vn -0.000000 0.247235 -0.968956
vn -0.241950 0.257839 -0.935403
vn -0.475799 0.284154 -0.832389
vn -0.684728 0.310430 -0.659379
vn -0.863657 0.312820 -0.395272
vn -0.966148 0.256895 -0.023727
vn -0.939404 0.158512 0.303963
vn -0.840237 0.066283 0.538152
vn 0.286262 -0.322960 0.902081
vn -0.930749 -0.317201 -0.181909
vn 0.930748 -0.317202 -0.181909
vn -0.286257 -0.322961 0.902083
vn 0.136569 -0.981525 -0.134008
vn 0.177059 -0.982873 -0.051086
vn 0.188073 -0.980767 0.052193
vn 0.123137 -0.982385 0.140562
vn 0.000000 -0.809705 0.586838
vn -0.123137 -0.982385 0.140562
vn -0.188073 -0.980767 0.052193
vn -0.177059 -0.982874 -0.051086
vn -0.136569 -0.981525 -0.134008
vn 0.324954 -0.296968 0.897895
vn -0.324957 -0.296967 0.897894
vn 0.213718 0.057758 -0.975186
vn 0.041173 -0.442075 -0.896033
vn 0.058373 -0.669887 0.740165
vn 0.222890 -0.427765 0.875978
vn -0.222889 -0.427765 0.875978
vn -0.058374 -0.669886 0.740165
vn -0.041173 -0.442075 -0.896033
vn -0.213718 0.057758 -0.975186
vn -0.156021 -0.926623 -0.342092
vn -0.201111 -0.957986 0.204495
vn -0.189225 -0.951242 0.243585
vn -0.106867 -0.871339 0.478903
vn 0.106867 -0.871338 0.478904
vn 0.189225 -0.951241 0.243586
vn 0.201111 -0.957985 0.204495
vn 0.156021 -0.926623 -0.342091
vn -0.324956 -0.296967 0.897894
vn -0.269445 0.168746 -0.948116
vn 0.269446 0.168746 -0.948116
vn 0.324957 -0.296967 0.897894
vn -0.324954 -0.296967 0.897895
vn 0.429737 -0.653494 -0.623114
vn 0.519364 -0.773426 -0.363419
vn 0.371364 -0.748499 -0.549398
vn 0.192431 -0.728256 -0.657734
vn 0.000000 -0.720595 -0.693356
vn -0.192431 -0.728256 -0.657734
vn -0.371364 -0.748499 -0.549398
vn -0.519363 -0.773427 -0.363418
vn -0.429736 -0.653495 -0.623114
vn 0.324955 -0.296968 0.897894
vn -0.324954 -0.296968 0.897895
vn 0.324955 -0.296967 0.897895
vn -0.324955 -0.296968 0.897895
vn 0.324955 -0.296968 0.897894
vn 0.135020 -0.988932 -0.061511
vn 0.166141 -0.985952 -0.017212
vn 0.170364 -0.985345 0.008444
vn 0.133569 -0.988015 -0.077368
vn -0.000000 -0.999601 0.028237
vn 0.000000 -0.999968 0.007973
vn -0.135020 -0.988932 -0.061511
vn -0.166141 -0.985952 -0.017212
vn -0.000000 -0.999877 0.015677
vn -0.170364 -0.985345 0.008444
vn -0.000000 -0.996484 -0.083784
vn -0.133569 -0.988015 -0.077368
s 1
g group1 pSphere6
usemtl initialShadingGroup
f 243/293/243 244/294/244 264/315/245 263/314/246
f 244/294/244 245/295/247 265/316/248 264/315/245
f 245/295/247 246/296/249 266/317/250 265/316/248
f 246/296/249 247/297/251 267/318/252 266/317/250
f 247/297/251 248/298/253 268/319/254 267/318/252
f 248/298/253 249/299/255 269/320/256 268/319/254
f 249/299/255 250/300/257 270/321/258 269/320/256
f 250/300/257 251/301/259 271/322/260 270/321/258
f 251/301/259 252/302/261 272/323/262 271/322/260
f 252/302/261 253/303/263 273/324/264 272/323/262
f 253/303/263 254/304/265 274/325/266 273/324/264
f 254/304/265 255/305/267 275/326/268 274/325/266
f 255/305/267 256/306/269 276/327/270 275/326/268
f 256/306/269 257/307/271 277/328/272 276/327/270
f 257/307/271 258/308/273 278/329/274 277/328/272
f 258/308/273 259/309/275 279/330/276 278/329/274
f 259/309/275 260/310/277 280/331/278 279/330/276
f 260/310/277 261/311/279 281/332/280 280/331/278
f 261/311/279 262/312/281 282/333/282 281/332/280
f 262/312/281 243/313/243 263/334/246 282/333/282
f 263/314/246 264/315/245 284/336/283 283/335/284
f 264/315/245 265/316/248 285/337/285 284/336/283
f 265/316/248 266/317/250 286/338/286 285/337/285
f 266/317/250 267/318/252 287/339/287 286/338/286
f 267/318/252 268/319/254 288/340/288 287/339/287
f 268/319/254 269/320/256 289/341/289 288/340/288
f 269/320/256 270/321/258 290/342/290 289/341/289
f 270/321/258 271/322/260 291/343/291 290/342/290
f 271/322/260 272/323/262 292/344/292 291/343/291
f 272/323/262 273/324/264 293/345/293 292/344/292
f 273/324/264 274/325/266 294/346/294 293/345/293
f 274/325/266 275/326/268 295/347/295 294/346/294
f 275/326/268 276/327/270 296/348/296 295/347/295
f 276/327/270 277/328/272 297/349/297 296/348/296
f 277/328/272 278/329/274 298/350/298 297/349/297
f 278/329/274 279/330/276 299/351/299 298/350/298
f 279/330/276 280/331/278 300/352/300 299/351/299
f 280/331/278 281/332/280 301/353/301 300/352/300
f 281/332/280 282/333/282 302/354/302 301/353/301
f 282/333/282 263/334/246 283/355/284 302/354/302
f 283/335/284 284/336/283 304/357/303 303/356/304
f 284/336/283 285/337/285 305/358/305 304/357/303
f 285/337/285 286/338/286 306/359/306 305/358/305
f 286/338/286 287/339/287 307/360/307 306/359/306
f 287/339/287 288/340/288 308/361/308 307/360/307
f 288/340/288 289/341/289 309/362/309 308/361/308
f 289/341/289 290/342/290 310/363/310 309/362/309
f 290/342/290 291/343/291 311/364/311 310/363/310
f 291/343/291 292/344/292 312/365/312 311/364/311
f 292/344/292 293/345/293 313/366/313 312/365/312
f 293/345/293 294/346/294 314/367/314 313/366/313
f 294/346/294 295/347/295 315/368/315 314/367/314
f 295/347/295 296/348/296 316/369/316 315/368/315
f 296/348/296 297/349/297 317/370/317 316/369/316
f 297/349/297 298/350/298 318/371/318 317/370/317
f 298/350/298 299/351/299 319/372/319 318/371/318
f 299/351/299 300/352/300 320/373/320 319/372/319
f 300/352/300 301/353/301 321/374/321 320/373/320
f 301/353/301 302/354/302 322/375/322 321/374/321
f 302/354/302 283/355/284 303/376/304 322/375/322
f 303/356/304 304/357/303 324/378/323 323/377/324
f 304/357/303 305/358/305 325/379/325 324/378/323
f 305/358/305 306/359/306 326/380/326 325/379/325
f 306/359/306 307/360/307 327/381/327 326/380/326
f 307/360/307 308/361/308 328/382/328 327/381/327
f 308/361/308 309/362/309 329/383/329 328/382/328
f 309/362/309 310/363/310 330/384/330 329/383/329
f 310/363/310 311/364/311 331/385/331 330/384/330
f 311/364/311 312/365/312 332/386/332 331/385/331
f 312/365/312 313/366/313 333/387/333 332/386/332
f 313/366/313 314/367/314 334/388/334 333/387/333
f 314/367/314 315/368/315 335/389/335 334/388/334
f 315/368/315 316/369/316 336/390/336 335/389/335
f 316/369/316 317/370/317 337/391/337 336/390/336
f 317/370/317 318/371/318 338/392/338 337/391/337
f 318/371/318 319/372/319 339/393/339 338/392/338
f 319/372/319 320/373/320 340/394/340 339/393/339
f 320/373/320 321/374/321 341/395/341 340/394/340
f 321/374/321 322/375/322 342/396/342 341/395/341
f 322/375/322 303/376/304 323/397/324 342/396/342
f 323/377/324 324/378/323 344/399/343 343/398/344
f 324/378/323 325/379/325 345/400/345 344/399/343
f 325/379/325 326/380/326 346/401/346 345/400/345
f 326/380/326 327/381/327 347/402/347 346/401/346
f 327/381/327 328/382/328 348/403/348 347/402/347
f 328/382/328 329/383/329 349/404/349 348/403/348
f 329/383/329 330/384/330 350/405/350 349/404/349
f 330/384/330 331/385/331 351/406/351 350/405/350
f 331/385/331 332/386/332 352/407/352 351/406/351
f 332/386/332 333/387/333 353/408/353 352/407/352
f 333/387/333 334/388/334 354/409/354 353/408/353
f 334/388/334 335/389/335 355/410/355 354/409/354
f 335/389/335 336/390/336 356/411/356 355/410/355
f 336/390/336 337/391/337 357/412/357 356/411/356
f 337/391/337 338/392/338 358/413/358 357/412/357
f 338/392/338 339/393/339 359/414/359 358/413/358
f 339/393/339 340/394/340 360/415/360 359/414/359
f 340/394/340 341/395/341 361/416/361 360/415/360
f 341/395/341 342/396/342 362/417/362 361/416/361
f 342/396/342 323/397/324 343/418/344 362/417/362
f 343/398/344 344/399/343 364/420/363 363/419/364
f 344/399/343 345/400/345 365/421/365 364/420/363
f 345/400/345 346/401/346 366/422/366 365/421/365
f 346/401/346 347/402/347 367/423/367 366/422/366
f 347/402/347 348/403/348 368/424/368 367/423/367
f 348/403/348 349/404/349 369/425/369 368/424/368
f 349/404/349 350/405/350 370/426/370 369/425/369
f 350/405/350 351/406/351 371/427/371 370/426/370
f 351/406/351 352/407/352 372/428/372 371/427/371
f 352/407/352 353/408/353 373/429/373 372/428/372
f 353/408/353 354/409/354 374/430/374 373/429/373
f 354/409/354 355/410/355 375/431/375 374/430/374
f 355/410/355 356/411/356 376/432/376 375/431/375
f 356/411/356 357/412/357 377/433/377 376/432/376
f 357/412/357 358/413/358 378/434/378 377/433/377
f 358/413/358 359/414/359 379/435/379 378/434/378
f 359/414/359 360/415/360 380/436/380 379/435/379
f 360/415/360 361/416/361 381/437/381 380/436/380
f 361/416/361 362/417/362 382/438/382 381/437/381
f 362/417/362 343/418/344 363/439/364 382/438/382
f 363/419/364 364/420/363 384/441/383 383/440/384
f 364/420/363 365/421/365 385/442/385 384/441/383
f 365/421/365 366/422/366 386/443/386 385/442/385
f 366/422/366 367/423/367 387/444/387 386/443/386
f 367/423/367 368/424/368 388/445/388 387/444/387
f 368/424/368 369/425/369 389/446/389 388/445/388
f 369/425/369 370/426/370 390/447/390 389/446/389
f 370/426/370 371/427/371 391/448/391 390/447/390
f 371/427/371 372/428/372 392/449/392 391/448/391
f 372/428/372 373/429/373 393/450/393 392/449/392
f 373/429/373 374/430/374 394/451/394 393/450/393
f 374/430/374 375/431/375 395/452/395 394/451/394
f 375/431/375 376/432/376 396/453/396 395/452/395
f 376/432/376 377/433/377 397/454/397 396/453/396
f 377/433/377 378/434/378 398/455/398 397/454/397
f 378/434/378 379/435/379 399/456/399 398/455/398
f 379/435/379 380/436/380 400/457/400 399/456/399
f 380/436/380 381/437/381 401/458/401 400/457/400
f 381/437/381 382/438/382 402/459/402 401/458/401
f 382/438/382 363/439/364 383/460/384 402/459/402
f 383/440/384 384/441/383 404/462/403 403/461/404
f 384/441/383 385/442/385 405/463/405 404/462/403
f 385/442/385 386/443/386 406/464/406 405/463/405
f 386/443/386 387/444/387 407/465/407 406/464/406
f 387/444/387 388/445/388 408/466/408 407/465/407
f 388/445/388 389/446/389 409/467/409 408/466/408
f 389/446/389 390/447/390 410/468/410 409/467/409
f 390/447/390 391/448/391 411/469/411 410/468/410
f 391/448/391 392/449/392 412/470/412 411/469/411
f 392/449/392 393/450/393 413/471/413 412/470/412
f 393/450/393 394/451/394 414/472/414 413/471/413
f 394/451/394 395/452/395 415/473/415 414/472/414
f 395/452/395 396/453/396 416/474/416 415/473/415
f 396/453/396 397/454/397 417/475/417 416/474/416
f 397/454/397 398/455/398 418/476/418 417/475/417
f 398/455/398 399/456/399 419/477/419 418/476/418
f 399/456/399 400/457/400 420/478/420 419/477/419
f 400/457/400 401/458/401 421/479/421 420/478/420
f 401/458/401 402/459/402 422/480/422 421/479/421
f 402/459/402 383/460/384 403/481/404 422/480/422
f 403/461/404 404/462/403 423/482/423
f 404/462/403 405/463/405 423/483/423
f 405/463/405 406/464/406 423/484/423
f 406/464/406 407/465/407 423/485/423
f 407/465/407 408/466/408 423/486/423
f 408/466/408 409/467/409 423/487/423
f 409/467/409 410/468/410 423/488/423
f 410/468/410 411/469/411 423/489/423
f 411/469/411 412/470/412 423/490/423
f 412/470/412 413/471/413 423/491/423
f 413/471/413 414/472/414 423/492/423
f 414/472/414 415/473/415 423/493/423
f 415/473/415 416/474/416 423/494/423
f 416/474/416 417/475/417 423/495/423
f 417/475/417 418/476/418 423/496/423
f 418/476/418 419/477/419 423/497/423
f 419/477/419 420/478/420 423/498/423
f 420/478/420 421/479/421 423/499/423
f 421/479/421 422/480/422 423/500/423
f 422/480/422 403/481/404 423/501/423
f 255/502/267 254/503/265 462/638/424 463/640/425
f 256/506/269 255/507/267 463/639/425 464/642/426
f 257/510/271 256/511/269 464/641/426 465/644/427
f 258/514/273 257/515/271 465/643/427 466/646/428
f 259/518/275 258/519/273 466/645/428 467/648/429
f 260/522/277 259/523/275 467/647/429 468/649/430
f 425/526/431 424/527/432 431/528/433 432/529/434
f 426/530/435 425/531/431 432/532/434 433/533/436
f 427/534/437 426/535/435 433/536/436 434/537/438
f 428/538/439 427/539/437 434/540/438 435/541/440
f 429/542/441 428/543/439 435/544/440 436/545/442
f 430/546/443 429/547/441 436/548/442 437/549/444
f 244/550/244 243/551/243 525/751/445 526/754/446
f 245/552/247 244/553/244 526/753/446 527/756/447
f 246/554/249 245/555/247 527/755/447 528/758/448
f 247/556/251 246/557/249 528/757/448 529/760/449
f 248/558/253 247/559/251 529/759/449 530/762/450
f 249/560/255 248/561/253 530/761/450 531/764/451
f 250/562/257 249/563/255 531/763/451 532/766/452
f 251/564/259 250/565/257 532/765/452 533/768/453
f 252/566/261 251/567/259 533/767/453 534/770/454
f 253/570/263 252/571/261 534/769/454 535/772/455
f 254/574/265 253/575/263 535/771/455 536/773/456
f 261/578/279 260/579/277 522/746/457 523/748/458
f 262/582/281 261/583/279 523/747/458 524/750/459
f 243/586/243 262/587/281 524/749/459 525/752/445
f 440/590/460 439/591/461 446/592/462 447/593/463
f 441/594/464 440/595/460 447/596/463 448/597/465
f 442/598/466 441/599/464 448/600/465 449/601/467
f 444/602/468 443/603/469 450/604/470 451/605/471
f 445/606/472 444/607/468 451/608/471 452/609/473
f 438/610/474 445/611/472 452/612/473 453/613/475
f 447/614/463 446/615/462 454/616/476 455/617/477
f 448/618/465 447/619/463 455/620/477 456/621/478
f 449/622/467 448/623/465 456/624/478 457/625/479
f 451/626/471 450/627/470 458/628/480 459/629/481
f 452/630/473 451/631/471 459/632/481 460/633/482
f 453/634/475 452/635/473 460/636/482 461/637/483
f 463/640/425 462/638/424 424/504/432 425/505/431
f 464/642/426 463/639/425 425/508/431 426/509/435
f 465/644/427 464/641/426 426/512/435 427/513/437
f 466/646/428 465/643/427 427/516/437 428/517/439
f 467/648/429 466/645/428 428/520/439 429/521/441
f 468/649/430 467/647/429 429/524/441 430/525/443
f 470/652/484 469/650/485 443/580/469 444/581/468
f 471/654/486 470/651/484 444/584/468 445/585/472
f 472/655/487 471/653/486 445/588/472 438/589/474
f 474/658/488 473/656/489 439/568/461 440/569/460
f 475/660/490 474/657/488 440/572/460 441/573/464
f 476/661/491 475/659/490 441/576/464 442/577/466
f 478/664/492 477/662/493 469/650/485 470/652/484
f 479/666/494 478/663/492 470/651/484 471/654/486
f 480/668/495 479/665/494 471/653/486 472/655/487
f 489/686/496 488/683/497 473/656/489 474/658/488
f 490/688/498 489/685/496 474/657/488 475/660/490
f 491/689/499 490/687/498 475/659/490 476/661/491
f 493/692/500 492/690/501 477/662/493 478/664/492
f 494/694/502 493/691/500 478/663/492 479/666/494
f 495/696/503 494/693/502 479/665/494 480/668/495
f 496/698/504 495/695/503 480/667/495 481/670/505
f 497/700/506 496/697/504 481/669/505 482/672/507
f 498/702/508 497/699/506 482/671/507 483/674/509
f 499/704/510 498/701/508 483/673/509 484/676/511
f 500/706/512 499/703/510 484/675/511 485/678/513
f 501/708/514 500/705/512 485/677/513 486/680/515
f 502/710/516 501/707/514 486/679/515 487/682/517
f 503/712/518 502/709/516 487/681/517 488/684/497
f 504/714/519 503/711/518 488/683/497 489/686/496
f 505/716/520 504/713/519 489/685/496 490/688/498
f 506/717/521 505/715/520 490/687/498 491/689/499
f 508/720/522 507/718/523 492/690/501 493/692/500
f 509/722/524 508/719/522 493/691/500 494/694/502
f 510/724/525 509/721/524 494/693/502 495/696/503
f 511/726/526 510/723/525 495/695/503 496/698/504
f 512/728/527 511/725/526 496/697/504 497/700/506
f 513/730/528 512/727/527 497/699/506 498/702/508
f 514/732/529 513/729/528 498/701/508 499/704/510
f 515/734/530 514/731/529 499/703/510 500/706/512
f 516/736/531 515/733/530 500/705/512 501/708/514
f 517/738/532 516/735/531 501/707/514 502/710/516
f 518/740/533 517/737/532 502/709/516 503/712/518
f 519/742/534 518/739/533 503/711/518 504/714/519
f 520/744/535 519/741/534 504/713/519 505/716/520
f 521/745/536 520/743/535 505/715/520 506/717/521
f 523/748/458 522/746/457 507/718/523 508/720/522
f 524/750/459 523/747/458 508/719/522 509/722/524
f 525/752/445 524/749/459 509/721/524 510/724/525
f 526/754/446 525/751/445 510/723/525 511/726/526
f 527/756/447 526/753/446 511/725/526 512/728/527
f 528/758/448 527/755/447 512/727/527 513/730/528
f 529/760/449 528/757/448 513/729/528 514/732/529
f 530/762/450 529/759/449 514/731/529 515/734/530
f 531/764/451 530/761/450 515/733/530 516/736/531
f 532/766/452 531/763/451 516/735/531 517/738/532
f 533/768/453 532/765/452 517/737/532 518/740/533
f 534/770/454 533/767/453 518/739/533 519/742/534
f 535/772/455 534/769/454 519/741/534 520/744/535
f 536/773/456 535/771/455 520/743/535 521/745/536
f 462/774/424 254/775/265 537/776/537 538/777/538
f 260/778/277 468/779/430 540/780/539 539/781/540
f 431/782/433 424/783/432 541/784/541 542/785/542
f 432/786/434 431/787/433 542/785/542 543/788/543
f 433/789/436 432/790/434 543/788/543 544/791/544
f 434/792/438 433/793/436 544/791/544 545/794/545
f 435/795/440 434/796/438 545/794/545 546/797/546
f 436/798/442 435/799/440 546/797/546 547/800/547
f 430/801/443 437/802/444 549/803/548 548/804/549
f 437/805/444 436/806/442 547/800/547 549/803/548
f 254/807/265 536/808/456 550/809/550 537/810/537
f 522/811/457 260/812/277 539/813/540 551/814/551
f 446/815/462 439/816/461 552/817/552 553/818/553
f 442/819/466 449/820/467 555/821/554 554/822/555
f 450/823/470 443/824/469 556/825/556 557/826/557
f 438/827/474 453/828/475 559/829/558 558/830/559
f 454/831/476 446/832/462 553/833/553 560/834/560
f 455/835/477 454/836/476 560/837/560 561/838/561
f 456/839/478 455/840/477 561/841/561 562/842/562
f 449/843/467 457/844/479 563/845/563 555/846/554
f 457/847/479 456/848/478 562/849/562 563/850/563
f 458/851/480 450/852/470 557/853/557 564/854/564
f 459/855/481 458/856/480 564/857/564 565/858/565
f 460/859/482 459/860/481 565/861/565 566/862/566
f 453/863/475 461/864/483 567/865/567 559/866/558
f 461/867/483 460/868/482 566/869/566 567/870/567
f 424/871/432 462/872/424 538/873/538 541/874/541
f 468/875/430 430/876/443 548/877/549 540/878/539
f 443/879/469 469/880/485 568/881/568 556/882/556
f 472/883/487 438/884/474 558/885/559 569/886/569
f 439/887/461 473/888/489 570/889/570 552/890/552
f 476/891/491 442/892/466 554/893/555 571/894/571
f 469/895/485 477/896/493 572/897/572 568/898/568
f 480/899/495 472/900/487 569/901/569 573/902/573
f 481/903/505 480/904/495 573/905/573 574/906/574
f 482/907/507 481/908/505 574/909/574 575/910/575
f 483/911/509 482/912/507 575/913/575 576/914/576
f 484/915/511 483/916/509 576/917/576 577/918/577
f 485/919/513 484/920/511 577/921/577 578/922/578
f 486/923/515 485/924/513 578/925/578 579/926/579
f 487/927/517 486/928/515 579/929/579 580/930/580
f 473/931/489 488/932/497 581/933/581 570/934/570
f 488/935/497 487/936/517 580/937/580 581/938/581
f 491/939/499 476/940/491 571/941/571 582/942/582
f 477/943/493 492/944/501 583/945/583 572/946/572
f 506/947/521 491/948/499 582/949/582 584/950/584
f 492/951/501 507/952/523 585/953/585 583/954/583
f 521/955/536 506/956/521 584/957/584 586/958/586
f 507/959/523 522/960/457 551/961/551 585/962/585
f 536/963/456 521/964/536 586/965/586 550/966/550
f 542/785/542 541/784/541 591/971/587 592/972/588
f 543/788/543 542/785/542 592/972/588 593/973/589
f 544/791/544 543/788/543 593/973/589 594/974/590
f 588/968/591 587/967/592 595/975/593 596/976/594
f 589/969/595 588/968/591 596/976/594 597/977/596
f 590/970/597 589/969/595 597/977/596 598/978/598
f 592/972/588 591/971/587 587/967/592 588/968/591
f 593/973/589 592/972/588 588/968/591 589/969/595
f 594/974/590 593/973/589 589/969/595 590/970/597
f 596/976/594 595/975/593 548/804/549 549/803/548
f 597/977/596 596/976/594 549/803/548 547/800/547
f 598/978/598 597/977/596 547/800/547 546/797/546
f 545/794/545 544/791/544 594/974/590 590/970/597
f 546/797/546 545/794/545 590/970/597 598/978/598
g default
v 0.156961 -3.848996 0.775195
v 0.908581 -3.848996 0.775195
v 0.156961 -3.659160 0.775195
v 0.908581 -3.659160 0.775195
v 0.156961 -3.659160 -0.384819
v 0.908581 -3.659160 -0.384819
v 0.156961 -3.848996 -0.384819
v 0.908581 -3.848996 -0.384819
vt 0.375000 0.000000
vt 0.625000 0.000000
vt 0.375000 0.250000
vt 0.625000 0.250000
vt 0.375000 0.500000
vt 0.625000 0.500000
vt 0.375000 0.750000
vt 0.625000 0.750000
vt 0.375000 1.000000
vt 0.625000 1.000000
vt 0.875000 0.000000
vt 0.875000 0.250000
vt 0.125000 0.000000
vt 0.125000 0.250000
vn 0.000000 0.000000 1.000000
vn 0.000000 0.000000 1.000000
vn 0.000000 0.000000 1.000000
vn 0.000000 0.000000 1.000000
vn 0.000000 1.000000 0.000000
vn 0.000000 1.000000 0.000000
vn 0.000000 1.000000 0.000000
vn 0.000000 1.000000 0.000000
vn 0.000000 0.000000 -1.000000
vn 0.000000 0.000000 -1.000000
vn 0.000000 0.000000 -1.000000
vn 0.000000 0.000000 -1.000000
vn 0.000000 -1.000000 0.000000
vn 0.000000 -1.000000 0.000000
vn 0.000000 -1.000000 0.000000
vn 0.000000 -1.000000 0.000000
vn 1.000000 0.000000 0.000000
vn 1.000000 0.000000 0.000000
vn 1.000000 0.000000 0.000000
vn 1.000000 0.000000 0.000000
vn -1.000000 0.000000 0.000000
vn -1.000000 0.000000 0.000000
vn -1.000000 0.000000 0.000000
vn -1.000000 0.000000 0.000000
s off
g group1 pCube2
usemtl initialShadingGroup
f 599/979/599 600/980/600 602/982/601 601/981/602
f 601/981/603 602/982/604 604/984/605 603/983/606
f 603/983/607 604/984/608 606/986/609 605/985/610
f 605/985/611 606/986/612 600/988/613 599/987/614
f 600/980/615 606/989/616 604/990/617 602/982/618
f 605/991/619 599/979/620 601/981/621 603/992/622
g default
v 1.350556 -1.234053 -0.041109
v 1.386417 -1.232055 -0.041504
v 1.112340 -0.093015 0.101755
v 1.117418 -0.057671 0.105645
v 1.109256 -0.072949 -0.076523
v 1.114334 -0.037605 -0.072633
v 1.347473 -1.213986 -0.219387
v 1.383333 -1.211989 -0.219783
v 1.318801 -0.197276 -0.102612
v 1.321884 -0.217342 0.075666
v 1.363502 -0.212172 0.075561
v 1.360418 -0.192105 -0.102717
v 1.175953 -0.059728 0.103830
v 1.166696 -0.094579 0.100062
v 1.163612 -0.074513 -0.078217
v 1.172869 -0.039662 -0.074449
v 1.263080 -0.068377 0.099818
v 1.240540 -0.100707 0.096536
v 1.237456 -0.080640 -0.081743
v 1.259996 -0.048310 -0.078461
v 1.336928 -0.095922 0.093309
v 1.300406 -0.121586 0.090995
v 1.297322 -0.101520 -0.087283
v 1.333844 -0.075856 -0.084969
v 1.364055 -0.135163 0.086241
v 1.321253 -0.151127 0.085129
v 1.318170 -0.131060 -0.093150
v 1.360971 -0.115096 -0.092037
v 1.361662 -0.173534 0.080404
v 1.317017 -0.181580 0.080219
v 1.313934 -0.161513 -0.098059
v 1.358578 -0.153468 -0.097874
v 1.385587 -1.041656 -0.200431
v 1.348733 -1.043857 -0.200046
v 1.351817 -1.063923 -0.021768
v 1.388670 -1.061722 -0.022152
v 1.389449 -0.871245 -0.180994
v 1.351623 -0.873961 -0.180657
v 1.354706 -0.894028 -0.002379
v 1.392532 -0.891311 -0.002716
v 1.390034 -0.700986 -0.161457
v 1.351248 -0.704425 -0.161191
v 1.354332 -0.724491 0.017088
v 1.393118 -0.721053 0.016821
v 1.384652 -0.531120 -0.141858
v 1.344939 -0.535325 -0.141667
v 1.348023 -0.555391 0.036611
v 1.387736 -0.551187 0.036420
v 1.373713 -0.361622 -0.122259
v 1.333072 -0.366454 -0.122129
v 1.336156 -0.386521 0.056150
v 1.376797 -0.381689 0.056019
v 1.348142 -1.308277 -0.190038
v 1.384002 -1.306280 -0.190433
v 1.385748 -1.317640 -0.089506
v 1.349887 -1.319637 -0.089110
vt 0.375000 0.000000
vt 0.625000 0.000000
vt 0.375000 0.250000
vt 0.625000 0.250000
vt 0.375000 0.500000
vt 0.625000 0.500000
vt 0.375000 0.750000
vt 0.625000 0.750000
vt 0.375000 1.000000
vt 0.625000 1.000000
vt 0.875000 0.000000
vt 0.875000 0.250000
vt 0.125000 0.000000
vt 0.125000 0.250000
vt 0.125000 0.201578
vt 0.375000 0.548422
vt 0.375000 0.201578
vt 0.625000 0.201578
vt 0.625000 0.548422
vt 0.875000 0.201578
vt 0.625000 0.241930
vt 0.375000 0.241930
vt 0.125000 0.241930
vt 0.375000 0.508070
vt 0.625000 0.508070
vt 0.875000 0.241930
vt 0.625000 0.233859
vt 0.375000 0.233859
vt 0.125000 0.233859
vt 0.375000 0.516141
vt 0.625000 0.516141
vt 0.875000 0.233859
vt 0.625000 0.225789
vt 0.375000 0.225789
vt 0.125000 0.225789
vt 0.375000 0.524211
vt 0.625000 0.524211
vt 0.875000 0.225789
vt 0.625000 0.217719
vt 0.375000 0.217719
vt 0.125000 0.217719
vt 0.375000 0.532281
vt 0.625000 0.532281
vt 0.875000 0.217719
vt 0.625000 0.209648
vt 0.375000 0.209648
vt 0.125000 0.209648
vt 0.375000 0.540352
vt 0.625000 0.540352
vt 0.875000 0.209648
vt 0.625000 0.716404
vt 0.875000 0.033596
vt 0.125000 0.033596
vt 0.375000 0.716404
vt 0.375000 0.033596
vt 0.625000 0.033596
vt 0.625000 0.682807
vt 0.875000 0.067193
vt 0.125000 0.067193
vt 0.375000 0.682807
vt 0.375000 0.067193
vt 0.625000 0.067193
vt 0.625000 0.649211
vt 0.875000 0.100789
vt 0.125000 0.100789
vt 0.375000 0.649211
vt 0.375000 0.100789
vt 0.625000 0.100789
vt 0.625000 0.615615
vt 0.875000 0.134385
vt 0.125000 0.134385
vt 0.375000 0.615615
vt 0.375000 0.134385
vt 0.625000 0.134385
vt 0.625000 0.582018
vt 0.875000 0.167981
vt 0.125000 0.167981
vt 0.375000 0.582018
vt 0.375000 0.167981
vt 0.625000 0.167981
vt 0.375000 0.750000
vt 0.625000 0.750000
vt 0.625000 1.000000
vt 0.375000 1.000000
vn 0.016820 -0.114730 0.993254
vn 0.017391 -0.118966 0.992746
vn 0.027261 -0.153160 0.987825
vn 0.018778 -0.126074 0.991843
vn -0.018778 0.126074 -0.991843
vn -0.027261 0.153160 -0.987825
vn -0.017391 0.118966 -0.992746
vn -0.016819 0.114730 -0.993254
vn 0.054030 -0.992169 -0.112610
vn 0.054030 -0.992169 -0.112610
vn 0.054030 -0.992169 -0.112610
vn 0.054030 -0.992169 -0.112610
vn 0.997257 0.073465 -0.008980
vn 0.997243 0.073657 -0.008958
vn 0.999838 -0.003483 -0.017686
vn 0.999821 -0.005916 -0.017959
vn -0.995611 -0.093348 0.006713
vn -0.995535 -0.094159 0.006621
vn -0.999841 -0.006563 0.016554
vn -0.999739 -0.016872 0.015392
vn -0.996915 -0.078036 0.008460
vn -0.996911 -0.078086 0.008454
vn 0.016742 -0.113666 0.993378
vn 0.016636 -0.113289 0.993423
vn 0.997337 0.072367 -0.009104
vn 0.997340 0.072322 -0.009110
vn -0.016636 0.113289 -0.993423
vn -0.016741 0.113666 -0.993378
vn 0.027489 -0.114142 0.993084
vn 0.035226 -0.120725 0.992061
vn 0.027214 -0.113909 0.993118
vn 0.027214 -0.113909 0.993118
vn -0.064062 -0.991806 -0.110527
vn -0.063952 -0.991813 -0.110529
vn -0.032045 -0.993276 -0.111246
vn -0.032045 -0.993276 -0.111246
vn -0.027214 0.113908 -0.993118
vn -0.027214 0.113908 -0.993118
vn -0.035226 0.120726 -0.992061
vn -0.027489 0.114142 -0.993084
vn 0.077182 0.990908 0.110199
vn 0.077291 0.990900 0.110196
vn 0.038343 0.993068 0.111114
vn 0.038343 0.993068 0.111114
vn 0.035425 -0.121052 0.992014
vn 0.039833 -0.135948 0.989915
vn -0.204243 -0.973164 -0.106003
vn -0.203304 -0.973356 -0.106041
vn -0.039833 0.135948 -0.989915
vn -0.035425 0.121053 -0.992014
vn 0.224295 0.968830 0.105169
vn 0.225074 0.968653 0.105136
vn 0.039894 -0.136494 0.989837
vn 0.040084 -0.157304 0.986736
vn -0.539120 -0.837930 -0.084989
vn -0.533883 -0.841229 -0.085451
vn -0.040084 0.157303 -0.986737
vn -0.039894 0.136494 -0.989837
vn 0.555505 0.827309 0.083511
vn 0.559510 0.824643 0.083142
vn 0.034995 -0.157292 0.986932
vn 0.032606 -0.157145 0.987037
vn -0.966302 -0.257122 -0.012227
vn -0.962145 -0.272180 -0.013994
vn -0.032606 0.157145 -0.987037
vn -0.034995 0.157292 -0.986932
vn 0.951427 0.307340 0.018137
vn 0.955462 0.294646 0.016639
vn -0.017174 0.113118 -0.993433
vn -0.017091 0.113637 -0.993375
vn -0.017181 0.113080 -0.993437
vn -0.017181 0.113080 -0.993437
vn -0.999825 0.005374 0.017898
vn -0.999825 0.005374 0.017898
vn -0.999779 0.010109 0.018430
vn -0.999779 0.010096 0.018429
vn 0.017181 -0.113080 0.993437
vn 0.017181 -0.113080 0.993437
vn 0.017092 -0.113637 0.993375
vn 0.017175 -0.113118 0.993433
vn 0.999766 -0.011123 -0.018545
vn 0.999766 -0.011123 -0.018545
vn 0.999694 -0.015765 -0.019065
vn 0.999694 -0.015778 -0.019067
vn -0.017079 0.113699 -0.993368
vn -0.017001 0.114008 -0.993334
vn -0.999826 0.005340 0.017895
vn -0.999825 0.005377 0.017899
vn 0.017001 -0.114008 0.993334
vn 0.017079 -0.113699 0.993368
vn 0.999768 -0.010951 -0.018524
vn 0.999769 -0.010915 -0.018520
vn -0.016986 0.114033 -0.993332
vn -0.016901 0.114063 -0.993330
vn -0.999659 -0.021488 0.014872
vn -0.999660 -0.021397 0.014882
vn 0.016901 -0.114062 0.993330
vn 0.016986 -0.114033 0.993332
vn 0.999754 0.015838 -0.015509
vn 0.999753 0.015926 -0.015499
vn -0.016876 0.114022 -0.993335
vn -0.016782 0.113796 -0.993362
vn -0.998423 -0.055030 0.011075
vn -0.998429 -0.054918 0.011088
vn 0.016782 -0.113796 0.993362
vn 0.016877 -0.114022 0.993335
vn 0.998714 0.049332 -0.011721
vn 0.998709 0.049438 -0.011709
vn 0.006026 -0.297157 -0.954810
vn 0.006026 -0.297157 -0.954810
vn 0.006026 -0.297157 -0.954810
vn 0.006026 -0.297157 -0.954810
vn 0.999852 0.001773 -0.017095
vn 0.999852 0.001773 -0.017095
vn 0.999852 0.001773 -0.017095
vn 0.999852 0.001773 -0.017095
vn 0.036853 -0.489064 0.871469
vn 0.036853 -0.489064 0.871469
vn 0.036853 -0.489064 0.871469
vn 0.036853 -0.489064 0.871469
vn -0.999852 -0.001773 0.017095
vn -0.999852 -0.001773 0.017095
vn -0.999852 -0.001773 0.017095
vn -0.999852 -0.001773 0.017095
s 1
g group1 pCube4
usemtl initialShadingGroup
f 616/1009/623 617/1010/624 635/1037/625 636/1038/626
s 2
f 637/1040/627 638/1041/628 618/1011/629 615/1008/630
s off
f 659/1073/631 660/1074/632 661/1075/633 662/1076/634
s 3
f 617/1010/635 618/1012/636 638/1042/637 635/1037/638
s 4
f 615/1007/639 616/1009/640 636/1038/641 637/1039/642
f 656/1069/643 657/1071/644 616/1009/640 615/1007/639
s 1
f 657/1071/645 658/1072/646 617/1010/624 616/1009/623
s 3
f 658/1072/647 655/1068/648 618/1012/636 617/1010/635
s 2
f 615/1008/630 618/1011/629 655/1067/649 656/1070/650
s 1
f 620/1014/651 619/1013/652 610/996/653 609/995/654
s 4
f 621/1015/655 620/1014/656 609/995/657 611/1006/658
s 2
f 611/997/659 612/998/660 622/1017/661 621/1016/662
s 3
f 619/1013/663 622/1018/664 612/1004/665 610/996/666
s 1
f 624/1020/667 623/1019/668 619/1013/652 620/1014/651
s 4
f 625/1021/669 624/1020/670 620/1014/656 621/1015/655
s 2
f 621/1016/662 622/1017/661 626/1023/671 625/1022/672
s 3
f 623/1019/673 626/1024/674 622/1018/664 619/1013/663
s 1
f 628/1026/675 627/1025/676 623/1019/668 624/1020/667
s 4
f 629/1027/677 628/1026/678 624/1020/670 625/1021/669
s 2
f 625/1022/672 626/1023/671 630/1029/679 629/1028/680
s 3
f 627/1025/681 630/1030/682 626/1024/674 623/1019/673
s 1
f 632/1032/683 631/1031/684 627/1025/676 628/1026/675
s 4
f 633/1033/685 632/1032/686 628/1026/678 629/1027/677
s 2
f 629/1028/680 630/1029/679 634/1035/687 633/1034/688
s 3
f 631/1031/689 634/1036/690 630/1030/682 627/1025/681
s 1
f 636/1038/626 635/1037/625 631/1031/684 632/1032/683
s 4
f 637/1039/642 636/1038/641 632/1032/686 633/1033/685
s 2
f 633/1034/688 634/1035/687 638/1041/628 637/1040/627
s 3
f 635/1037/638 638/1042/637 634/1036/690 631/1031/689
s 2
f 640/1046/691 639/1043/692 614/1000/693 613/999/694
s 4
f 613/1005/695 607/993/696 641/1047/697 640/1045/698
s 1
f 607/993/699 608/994/700 642/1048/701 641/1047/702
s 3
f 608/994/703 614/1003/704 639/1044/705 642/1048/706
s 2
f 644/1052/707 643/1049/708 639/1043/692 640/1046/691
s 4
f 640/1045/698 641/1047/697 645/1053/709 644/1051/710
s 1
f 641/1047/702 642/1048/701 646/1054/711 645/1053/712
s 3
f 642/1048/706 639/1044/705 643/1050/713 646/1054/714
s 2
f 648/1058/715 647/1055/716 643/1049/708 644/1052/707
s 4
f 644/1051/710 645/1053/709 649/1059/717 648/1057/718
s 1
f 645/1053/712 646/1054/711 650/1060/719 649/1059/720
s 3
f 646/1054/714 643/1050/713 647/1056/721 650/1060/722
s 2
f 652/1064/723 651/1061/724 647/1055/716 648/1058/715
s 4
f 648/1057/718 649/1059/717 653/1065/725 652/1063/726
s 1
f 649/1059/720 650/1060/719 654/1066/727 653/1065/728
s 3
f 650/1060/722 647/1056/721 651/1062/729 654/1066/730
s 2
f 656/1070/650 655/1067/649 651/1061/724 652/1064/723
s 4
f 652/1063/726 653/1065/725 657/1071/644 656/1069/643
s 1
f 653/1065/728 654/1066/727 658/1072/646 657/1071/645
s 3
f 654/1066/730 651/1062/729 655/1068/648 658/1072/647
s off
f 613/999/731 614/1000/732 660/1074/733 659/1073/734
f 614/1000/735 608/1002/736 661/1075/737 660/1074/738
f 608/1002/739 607/1001/740 662/1076/741 661/1075/742
f 607/1001/743 613/999/744 659/1073/745 662/1076/746
g default
v 1.210786 -0.229636 0.122514
v 1.315909 -0.200626 0.130031
v 1.158417 -0.048519 0.155911
v 1.263540 -0.019509 0.163429
v 1.163879 0.005788 -0.130031
v 1.269002 0.034797 -0.122514
v 1.216247 -0.175329 -0.163429
v 1.321371 -0.146320 -0.155911
v 1.331435 -0.128573 -0.133624
v 1.326663 -0.176017 0.116186
v 1.288870 0.018638 -0.106478
v 1.284098 -0.028806 0.143331
v 1.325108 -0.113469 -0.103431
v 1.321348 -0.150855 0.093418
v 1.294185 -0.006523 -0.083711
v 1.290425 -0.043909 0.113139
v 1.209307 -0.145425 -0.111712
v 1.205547 -0.182811 0.085137
v 1.178385 -0.038479 -0.091992
v 1.174625 -0.075865 0.104858
vt 0.375000 0.000000
vt 0.625000 0.000000
vt 0.375000 0.250000
vt 0.625000 0.250000
vt 0.375000 0.500000
vt 0.625000 0.500000
vt 0.375000 0.750000
vt 0.625000 0.750000
vt 0.375000 1.000000
vt 0.625000 1.000000
vt 0.875000 0.000000
vt 0.875000 0.250000
vt 0.625000 0.000000
vt 0.875000 0.000000
vt 0.875000 0.250000
vt 0.625000 0.250000
vt 0.625000 0.000000
vt 0.875000 0.000000
vt 0.875000 0.250000
vt 0.625000 0.250000
vt 0.625000 0.000000
vt 0.875000 0.000000
vt 0.875000 0.250000
vt 0.625000 0.250000
vn 0.218198 -0.892812 0.394050
vn 0.351586 -0.849827 0.392659
vn -0.103277 0.723320 0.682746
vn -0.238818 0.687780 0.685510
vn -0.083103 0.923916 -0.373460
vn -0.218198 0.892812 -0.394050
vn 0.371760 -0.649230 -0.663547
vn 0.238818 -0.687780 -0.685510
vn 0.974252 -0.029504 -0.223523
vn 0.965534 -0.116189 0.232905
vn 0.791900 0.601163 -0.107229
vn 0.783181 0.514477 0.349199
vn 0.173481 0.776330 0.605984
vn 0.190260 0.943167 -0.272467
vn 0.607042 -0.723147 0.329482
vn 0.623821 -0.556310 -0.548968
vn -0.247431 0.732192 0.634566
vn -0.228993 0.915522 -0.330729
vn 0.228993 -0.915522 0.330729
vn 0.247431 -0.732192 -0.634566
s 1
g group1 pCube3
usemtl initialShadingGroup
f 663/1077/747 664/1078/748 666/1080/749 665/1079/750
f 665/1079/750 666/1080/749 668/1082/751 667/1081/752
f 667/1081/752 668/1082/751 670/1084/753 669/1083/754
f 669/1083/754 670/1084/753 664/1086/748 663/1085/747
f 664/1078/748 670/1087/753 671/1090/755 672/1089/756
f 670/1087/753 668/1088/751 673/1091/757 671/1090/755
f 668/1088/751 666/1080/749 674/1092/758 673/1091/757
f 666/1080/749 664/1078/748 672/1089/756 674/1092/758
f 672/1089/756 671/1090/755 675/1094/759 676/1093/760
f 671/1090/755 673/1091/757 677/1095/761 675/1094/759
f 673/1091/757 674/1092/758 678/1096/762 677/1095/761
f 674/1092/758 672/1089/756 676/1093/760 678/1096/762
f 676/1093/760 675/1094/759 679/1098/763 680/1097/764
f 675/1094/759 677/1095/761 681/1099/765 679/1098/763
f 677/1095/761 678/1096/762 682/1100/766 681/1099/765
f 678/1096/762 676/1093/760 680/1097/764 682/1100/766
g default
v -0.038098 0.677970 0.770255
v -0.083384 0.781147 0.657468
v -0.230584 0.845208 0.526427
v -0.396732 0.862929 0.425916
v -0.577797 0.830723 0.361110
v -0.767480 0.752606 0.331752
v -0.876345 0.642998 0.371144
v -0.919128 0.517279 0.458381
v -0.951341 0.392001 0.550651
v -0.906056 0.288825 0.663438
v -0.758855 0.224763 0.794479
v -0.592707 0.207042 0.894990
v -0.411642 0.239249 0.959796
v -0.221959 0.317365 0.989154
v -0.113095 0.426973 0.949762
v -0.070312 0.552692 0.862525
v -0.106008 0.793054 0.902800
v -0.151293 0.896231 0.790013
v -0.298494 0.960293 0.658973
v -0.464642 0.978013 0.558461
v -0.645707 0.945807 0.493655
v -0.835390 0.867691 0.464297
v -0.944254 0.758083 0.503689
v -0.987037 0.632364 0.590926
v -1.019251 0.507086 0.683196
v -0.973965 0.403909 0.795983
v -0.826764 0.339847 0.927024
v -0.660617 0.322127 1.027535
v -0.479551 0.354333 1.092341
v -0.289869 0.432449 1.121699
v -0.181004 0.542057 1.082307
v -0.138221 0.667776 0.995070
v -0.180689 0.764011 0.889755
v -0.220334 0.845442 0.798738
v -0.345117 0.895752 0.691123
v -0.485141 0.909405 0.607528
v -0.636962 0.883577 0.552168
v -0.795340 0.821453 0.524963
v -0.885263 0.734616 0.554288
v -0.919359 0.635187 0.623150
v -0.944570 0.536129 0.696242
v -0.904925 0.454697 0.787258
v -0.780141 0.404387 0.894873
v -0.640117 0.390734 0.978469
v -0.488297 0.416563 1.033828
v -0.329918 0.478686 1.061034
v -0.239995 0.565524 1.031708
v -0.205900 0.664953 0.962846
v -0.231464 0.850058 0.988858
v -0.271109 0.931490 0.897842
v -0.395893 0.981800 0.790226
v -0.535917 0.995453 0.706631
v -0.687737 0.969625 0.651272
v -0.846116 0.907501 0.624066
v -0.936039 0.820664 0.653392
v -0.970134 0.721235 0.722253
v -0.995346 0.622177 0.795345
v -0.955700 0.540745 0.886361
v -0.830917 0.490435 0.993977
v -0.690893 0.476782 1.077572
v -0.539072 0.502611 1.132931
v -0.380694 0.564734 1.160137
v -0.290771 0.651572 1.130811
v -0.256676 0.751001 1.061950
v -0.294739 0.831184 0.972830
v -0.327816 0.899125 0.896892
v -0.431928 0.941100 0.807105
v -0.548754 0.952492 0.737358
v -0.675424 0.930942 0.691170
v -0.807564 0.879110 0.668471
v -0.882590 0.806659 0.692939
v -0.911037 0.723702 0.750392
v -0.932072 0.641054 0.811375
v -0.898995 0.573112 0.887313
v -0.794883 0.531137 0.977101
v -0.678056 0.519746 1.046848
v -0.551387 0.541296 1.093036
v -0.419247 0.593128 1.115734
v -0.344221 0.665579 1.091267
v -0.315774 0.748536 1.033813
v -0.249373 0.746610 0.889989
v -0.282451 0.814551 0.814051
v -0.386562 0.856527 0.724263
v -0.503389 0.867918 0.654517
v -0.630058 0.846368 0.608328
v -0.762199 0.794536 0.585630
v -0.837225 0.722085 0.610097
v -0.865672 0.639128 0.667551
v -0.886707 0.556480 0.728534
v -0.853629 0.488539 0.804472
v -0.749518 0.446563 0.894260
v -0.632691 0.435172 0.964006
v -0.506022 0.456722 1.010194
v -0.373881 0.508554 1.032893
v -0.298855 0.581005 1.008425
v -0.270408 0.663962 0.950972
v -0.679385 0.515298 1.050029
v -0.798614 0.526923 0.978848
v -0.904866 0.569761 0.887215
v -0.938623 0.639099 0.809715
v -0.917156 0.723446 0.747479
v -0.888124 0.808108 0.688844
v -0.811556 0.882049 0.663874
v -0.676699 0.934947 0.687039
v -0.547425 0.956940 0.734176
v -0.428197 0.945314 0.805357
v -0.321945 0.902476 0.896990
v -0.288188 0.833138 0.974490
v -0.309655 0.748791 1.036726
v -0.338687 0.664129 1.095361
v -0.415255 0.590188 1.120331
v -0.550112 0.537290 1.097166
v -0.689431 0.481675 1.074073
v -0.826813 0.495070 0.992055
v -0.949242 0.544431 0.886470
v -0.988140 0.624327 0.797171
v -0.963404 0.721516 0.725458
v -0.929952 0.819069 0.657896
v -0.841725 0.904268 0.629123
v -0.686335 0.965219 0.655815
v -0.537379 0.990561 0.710130
v -0.399997 0.977165 0.792149
v -0.277567 0.927804 0.897734
v -0.238670 0.847909 0.987033
v -0.263406 0.750720 1.058745
v -0.296858 0.653167 1.126308
v -0.385085 0.567968 1.155080
v -0.540475 0.507016 1.128388
v -0.641589 0.385807 0.981992
v -0.783489 0.399752 0.897182
v -0.909883 0.451050 0.787885
v -0.949933 0.534043 0.695305
v -0.924219 0.634984 0.620836
v -0.889499 0.736301 0.550655
v -0.798216 0.824774 0.520606
v -0.637590 0.888046 0.547966
v -0.483669 0.914332 0.604004
v -0.341769 0.900387 0.688814
v -0.215376 0.849090 0.798112
v -0.175326 0.766096 0.890692
v -0.201040 0.665155 0.965160
v -0.235759 0.563839 1.035341
v -0.327042 0.475366 1.065390
v -0.487669 0.412094 1.038030
v -0.658846 0.328054 1.023296
v -0.822737 0.345423 0.924246
v -0.968001 0.408297 0.795229
v -1.012799 0.509595 0.684323
v -0.981190 0.632608 0.593710
v -0.939158 0.756055 0.508061
v -0.831930 0.863696 0.469538
v -0.644951 0.940431 0.498711
v -0.466413 0.972086 0.562700
v -0.302522 0.954717 0.661750
v -0.157258 0.891843 0.790767
v -0.112460 0.790545 0.901673
v -0.144068 0.667532 0.992286
v -0.186101 0.544085 1.077936
v -0.293329 0.436444 1.116458
v -0.480307 0.359709 1.087286
v -0.258331 0.743938 0.887720
v -0.290479 0.809969 0.813916
v -0.568040 0.651545 0.809261
v -0.391663 0.850765 0.726653
v -0.505206 0.861836 0.658867
v -0.628315 0.840892 0.613977
v -0.756741 0.790517 0.591916
v -0.829658 0.720102 0.615696
v -0.857305 0.639477 0.671535
v -0.877749 0.559152 0.730803
v -0.845601 0.493121 0.804607
v -0.744416 0.452325 0.891870
v -0.630874 0.441254 0.959656
v -0.507765 0.462198 1.004546
v -0.379339 0.512573 1.026607
v -0.306422 0.582988 1.002827
v -0.278774 0.663613 0.946988
vt 0.375000 0.312500
vt 0.390625 0.312500
vt 0.406250 0.312500
vt 0.421875 0.312500
vt 0.437500 0.312500
vt 0.453125 0.312500
vt 0.468750 0.312500
vt 0.484375 0.312500
vt 0.500000 0.312500
vt 0.515625 0.312500
vt 0.531250 0.312500
vt 0.546875 0.312500
vt 0.562500 0.312500
vt 0.578125 0.312500
vt 0.593750 0.312500
vt 0.609375 0.312500
vt 0.625000 0.312500
vt 0.375000 0.687500
vt 0.390625 0.687500
vt 0.406250 0.687500
vt 0.421875 0.687500
vt 0.437500 0.687500
vt 0.453125 0.687500
vt 0.468750 0.687500
vt 0.484375 0.687500
vt 0.500000 0.687500
vt 0.515625 0.687500
vt 0.531250 0.687500
vt 0.546875 0.687500
vt 0.562500 0.687500
vt 0.578125 0.687500
vt 0.593750 0.687500
vt 0.609375 0.687500
vt 0.625000 0.687500
vt 0.644356 0.783956
vt 0.610485 0.733265
vt 0.559794 0.699394
vt 0.500000 0.687500
vt 0.440206 0.699394
vt 0.389515 0.733265
vt 0.355644 0.783956
vt 0.343750 0.843750
vt 0.355644 0.903544
vt 0.389515 0.954235
vt 0.440206 0.988106
vt 0.500000 1.000000
vt 0.559794 0.988106
vt 0.610485 0.954235
vt 0.644356 0.903544
vt 0.656250 0.843750
vt 0.500000 0.843750
vt 0.644356 0.903544
vt 0.610485 0.954235
vt 0.559794 0.988106
vt 0.500000 1.000000
vt 0.440206 0.988106
vt 0.389515 0.954235
vt 0.355644 0.903544
vt 0.343750 0.843750
vt 0.355644 0.783956
vt 0.389515 0.733265
vt 0.440206 0.699394
vt 0.500000 0.687500
vt 0.559794 0.699394
vt 0.610485 0.733265
vt 0.644356 0.783956
vt 0.656250 0.843750
vt 0.644356 0.903544
vt 0.610485 0.954235
vt 0.559794 0.988106
vt 0.500000 1.000000
vt 0.440206 0.988106
vt 0.389515 0.954235
vt 0.355644 0.903544
vt 0.343750 0.843750
vt 0.355644 0.783956
vt 0.389515 0.733265
vt 0.440206 0.699394
vt 0.500000 0.687500
vt 0.559794 0.699394
vt 0.610485 0.733265
vt 0.644356 0.783956
vt 0.656250 0.843750
vt 0.644356 0.903544
vt 0.610485 0.954235
vt 0.559794 0.988106
vt 0.500000 1.000000
vt 0.440206 0.988106
vt 0.389515 0.954235
vt 0.355644 0.903544
vt 0.343750 0.843750
vt 0.355644 0.783956
vt 0.389515 0.733265
vt 0.440206 0.699394
vt 0.500000 0.687500
vt 0.559794 0.699394
vt 0.610485 0.733265
vt 0.644356 0.783956
vt 0.656250 0.843750
vt 0.644356 0.903544
vt 0.610485 0.954235
vt 0.559794 0.988106
vt 0.500000 1.000000
vt 0.440206 0.988106
vt 0.389515 0.954235
vt 0.355644 0.903544
vt 0.343750 0.843750
vt 0.355644 0.783956
vt 0.389515 0.733265
vt 0.440206 0.699394
vt 0.500000 0.687500
vt 0.559794 0.699394
vt 0.610485 0.733265
vt 0.644356 0.783956
vt 0.656250 0.843750
vt 0.500000 0.687500
vt 0.440206 0.699394
vt 0.389515 0.733265
vt 0.355644 0.783956
vt 0.343750 0.843750
vt 0.355644 0.903544
vt 0.389515 0.954235
vt 0.440206 0.988106
vt 0.500000 1.000000
vt 0.559794 0.988106
vt 0.610485 0.954235
vt 0.644356 0.903544
vt 0.656250 0.843750
vt 0.644356 0.783956
vt 0.610485 0.733265
vt 0.559794 0.699394
vt 0.500000 0.687500
vt 0.440206 0.699394
vt 0.389515 0.733265
vt 0.355644 0.783956
vt 0.343750 0.843750
vt 0.355644 0.903544
vt 0.389515 0.954235
vt 0.440206 0.988106
vt 0.500000 1.000000
vt 0.559794 0.988106
vt 0.610485 0.954235
vt 0.644356 0.903544
vt 0.656250 0.843750
vt 0.644356 0.783956
vt 0.610485 0.733265
vt 0.559794 0.699394
vt 0.500000 0.687500
vt 0.440206 0.699394
vt 0.389515 0.733265
vt 0.355644 0.783956
vt 0.343750 0.843750
vt 0.355644 0.903544
vt 0.389515 0.954235
vt 0.440206 0.988106
vt 0.500000 1.000000
vt 0.559794 0.988106
vt 0.610485 0.954235
vt 0.644356 0.903544
vt 0.656250 0.843750
vt 0.644356 0.783956
vt 0.610485 0.733265
vt 0.559794 0.699394
vt 0.500000 0.687500
vt 0.440206 0.699394
vt 0.389515 0.733265
vt 0.355644 0.783956
vt 0.343750 0.843750
vt 0.355644 0.903544
vt 0.389515 0.954235
vt 0.440206 0.988106
vt 0.500000 1.000000
vt 0.559794 0.988106
vt 0.610485 0.954235
vt 0.644356 0.903544
vt 0.656250 0.843750
vt 0.644356 0.783956
vt 0.610485 0.733265
vt 0.559794 0.699394
vt 0.644356 0.903544
vt 0.610485 0.954235
vt 0.559794 0.988106
vt 0.500000 1.000000
vt 0.440206 0.988106
vt 0.389515 0.954235
vt 0.355644 0.903544
vt 0.343750 0.843750
vt 0.355644 0.783956
vt 0.389515 0.733265
vt 0.440206 0.699394
vt 0.500000 0.687500
vt 0.559794 0.699394
vt 0.610485 0.733265
vt 0.644356 0.783956
vt 0.656250 0.843750
vn 0.931668 0.270753 0.242255
vn 0.756406 0.633579 -0.162569
vn 0.744296 0.653092 -0.139625
vn 0.919789 0.289959 0.264410
vn 0.500307 0.764148 -0.407150
vn 0.487433 0.784986 -0.382369
vn 0.236162 0.790383 -0.565263
vn 0.223538 0.811063 -0.540562
vn -0.050526 0.741167 -0.669416
vn -0.063065 0.762019 -0.644476
vn -0.392103 0.585663 -0.709404
vn -0.403608 0.605202 -0.686172
vn -0.791348 0.198869 -0.578118
vn -0.802365 0.218111 -0.555552
vn -0.902243 -0.037641 -0.429582
vn -0.913811 -0.017161 -0.405777
vn -0.931668 -0.270753 -0.242255
vn -0.942615 -0.251276 -0.219858
vn -0.756405 -0.633579 0.162569
vn -0.767718 -0.613398 0.185342
vn -0.500307 -0.764148 0.407150
vn -0.512572 -0.742383 0.431436
vn -0.236162 -0.790383 0.565263
vn -0.248503 -0.768756 0.589288
vn 0.050527 -0.741167 0.669416
vn 0.037926 -0.719416 0.693543
vn 0.392103 -0.585663 0.709404
vn 0.380185 -0.565507 0.731889
vn 0.791348 -0.198869 0.578118
vn 0.779539 -0.179428 0.600104
vn 0.902243 0.037641 0.429582
vn 0.889665 0.058080 0.452905
vn -0.360811 0.611456 0.704228
vn -0.360811 0.611456 0.704228
vn -0.360811 0.611456 0.704228
vn -0.360811 0.611456 0.704228
vn -0.360811 0.611456 0.704228
vn -0.360811 0.611456 0.704228
vn -0.360811 0.611456 0.704228
vn -0.360811 0.611456 0.704228
vn -0.360811 0.611456 0.704228
vn -0.360811 0.611456 0.704228
vn -0.360811 0.611456 0.704228
vn -0.360811 0.611456 0.704228
vn -0.360811 0.611456 0.704228
vn -0.360811 0.611456 0.704228
vn -0.360811 0.611456 0.704228
vn -0.360811 0.611456 0.704228
vn -0.360811 0.611456 0.704228
vn -0.360811 0.611456 0.704228
vn -0.360811 0.611456 0.704228
vn -0.360811 0.611456 0.704228
vn -0.360811 0.611456 0.704228
vn -0.360811 0.611456 0.704228
vn -0.360811 0.611456 0.704228
vn -0.360811 0.611456 0.704228
vn -0.360811 0.611456 0.704228
vn -0.360811 0.611456 0.704228
vn -0.360811 0.611456 0.704228
vn -0.360811 0.611456 0.704228
vn -0.360811 0.611456 0.704228
vn -0.360811 0.611456 0.704228
vn -0.360811 0.611456 0.704228
vn -0.360811 0.611456 0.704228
vn -0.360811 0.611456 0.704228
vn 0.912155 0.313248 0.264291
vn 0.720124 0.678251 -0.146276
vn 0.724429 0.671918 -0.154040
vn 0.913292 0.311568 0.262343
vn 0.468843 0.795897 -0.383060
vn 0.471571 0.791776 -0.388216
vn 0.218225 0.819355 -0.530128
vn 0.222008 0.813475 -0.537559
vn -0.051595 0.774184 -0.630854
vn -0.049032 0.770056 -0.636089
vn -0.384979 0.632146 -0.672445
vn -0.381234 0.625790 -0.680476
vn -0.799059 0.241857 -0.550463
vn -0.798149 0.240167 -0.552519
vn -0.915810 -0.013424 -0.401388
vn -0.919560 -0.006234 -0.392901
vn -0.947184 -0.253885 -0.195921
vn -0.946294 -0.255640 -0.197930
vn -0.757562 -0.614806 0.219347
vn -0.754006 -0.621795 0.211768
vn -0.503286 -0.737527 0.450286
vn -0.500865 -0.742132 0.445393
vn -0.253533 -0.759518 0.599044
vn -0.249961 -0.766104 0.592119
vn 0.017152 -0.715814 0.698080
vn 0.019737 -0.720412 0.693265
vn 0.347542 -0.568702 0.745515
vn 0.351658 -0.575667 0.738204
vn 0.764030 -0.182493 0.618833
vn 0.765147 -0.184239 0.616932
vn 0.887264 0.061800 0.457103
vn 0.882552 0.068949 0.465132
vn -0.360793 0.611471 0.704224
vn -0.360791 0.611462 0.704233
vn -0.360798 0.611477 0.704217
vn -0.360805 0.611478 0.704212
vn -0.360812 0.611476 0.704210
vn -0.360820 0.611470 0.704211
vn -0.360828 0.611461 0.704215
vn -0.360832 0.611455 0.704218
vn -0.360832 0.611449 0.704223
vn -0.360829 0.611441 0.704232
vn -0.360824 0.611435 0.704239
vn -0.360818 0.611434 0.704244
vn -0.360810 0.611436 0.704246
vn -0.360802 0.611442 0.704245
vn -0.360794 0.611451 0.704241
vn -0.360790 0.611457 0.704238
vn -0.954211 -0.240760 -0.177529
vn -0.773644 -0.577967 0.259672
vn -0.757151 -0.616816 0.215084
vn -0.933300 -0.278127 -0.227150
vn -0.524526 -0.692093 0.495862
vn -0.509607 -0.725866 0.461974
vn -0.278418 -0.709390 0.647494
vn -0.262233 -0.743380 0.615321
vn -0.011050 -0.663667 0.747947
vn 0.007313 -0.697729 0.716325
vn 0.316126 -0.517838 0.794927
vn 0.342184 -0.557403 0.756447
vn 0.739633 -0.149111 0.656284
vn 0.768740 -0.186792 0.611676
vn 0.873716 0.081510 0.479558
vn 0.896030 0.048317 0.441357
vn 0.908254 0.317444 0.272589
vn 0.933154 0.281240 0.223893
vn 0.735762 0.655026 -0.172034
vn 0.755200 0.618299 -0.217666
vn 0.492468 0.758134 -0.427443
vn 0.508737 0.726052 -0.462641
vn 0.244880 0.775664 -0.581704
vn 0.261786 0.743355 -0.615541
vn -0.025499 0.730278 -0.682674
vn -0.007061 0.697799 -0.716259
vn -0.365130 0.596236 -0.714971
vn -0.340202 0.558529 -0.756510
vn -0.792562 0.226680 -0.566093
vn -0.766619 0.189669 -0.613451
vn -0.915472 -0.014448 -0.402123
vn -0.895864 -0.047848 -0.441744
vn -0.360826 0.611433 0.704240
vn -0.360818 0.611432 0.704245
vn -0.360830 0.611439 0.704233
vn -0.360834 0.611449 0.704222
vn -0.360834 0.611455 0.704217
vn -0.360830 0.611461 0.704214
vn -0.360821 0.611472 0.704209
vn -0.360812 0.611478 0.704208
vn -0.360804 0.611480 0.704211
vn -0.360797 0.611479 0.704215
vn -0.360792 0.611473 0.704223
vn -0.360789 0.611463 0.704234
vn -0.360788 0.611457 0.704239
vn -0.360792 0.611451 0.704242
vn -0.360802 0.611440 0.704247
vn -0.360810 0.611434 0.704248
vn -0.360811 0.611456 0.704228
vn -0.360811 0.611456 0.704228
vn -0.360811 0.611456 0.704228
vn -0.360811 0.611456 0.704228
vn -0.360811 0.611456 0.704228
vn -0.360811 0.611456 0.704228
vn -0.360811 0.611456 0.704228
vn -0.360811 0.611456 0.704228
vn -0.360811 0.611456 0.704228
vn -0.360811 0.611456 0.704228
vn -0.360811 0.611456 0.704228
vn -0.360811 0.611456 0.704228
vn -0.360811 0.611456 0.704228
vn -0.360811 0.611456 0.704228
vn -0.360811 0.611456 0.704228
vn -0.360811 0.611456 0.704228
vn -0.360811 0.611455 0.704228
vn -0.360811 0.611455 0.704228
vn -0.360811 0.611455 0.704228
vn -0.360811 0.611455 0.704228
vn -0.360811 0.611456 0.704228
vn -0.360811 0.611456 0.704228
vn -0.360811 0.611456 0.704228
vn -0.360811 0.611456 0.704228
vn -0.360811 0.611457 0.704227
vn -0.360811 0.611457 0.704227
vn -0.360811 0.611457 0.704227
vn -0.360811 0.611457 0.704227
vn -0.360811 0.611455 0.704228
vn -0.360811 0.611455 0.704228
vn -0.360811 0.611455 0.704228
vn -0.360811 0.611455 0.704228
vn -0.360811 0.611457 0.704227
vn -0.360811 0.611457 0.704227
vn -0.360811 0.611457 0.704227
vn -0.360811 0.611457 0.704227
vn -0.360811 0.611456 0.704228
vn -0.360811 0.611456 0.704228
vn -0.360811 0.611456 0.704228
vn -0.360811 0.611456 0.704228
vn -0.360811 0.611456 0.704228
vn -0.360811 0.611456 0.704228
vn -0.360811 0.611456 0.704228
vn -0.360811 0.611456 0.704228
vn -0.360811 0.611456 0.704228
vn -0.360811 0.611456 0.704228
vn -0.360811 0.611456 0.704228
vn -0.360811 0.611456 0.704228
vn -0.360811 0.611455 0.704228
vn -0.360811 0.611455 0.704228
vn -0.360811 0.611455 0.704228
vn -0.360811 0.611455 0.704228
vn -0.360811 0.611456 0.704228
vn -0.360811 0.611456 0.704228
vn -0.360811 0.611456 0.704228
vn -0.360811 0.611456 0.704228
vn -0.360811 0.611456 0.704228
vn -0.360811 0.611456 0.704228
vn -0.360811 0.611456 0.704228
vn -0.360811 0.611456 0.704228
vn -0.360811 0.611456 0.704228
vn -0.360811 0.611456 0.704228
vn -0.360811 0.611456 0.704228
vn -0.360811 0.611456 0.704228
vn -0.360811 0.611455 0.704228
vn -0.360811 0.611455 0.704228
vn -0.360811 0.611455 0.704228
vn -0.360811 0.611455 0.704228
vn -0.360811 0.611456 0.704228
vn -0.360811 0.611456 0.704228
vn -0.360811 0.611456 0.704228
vn -0.360811 0.611456 0.704228
vn -0.360811 0.611456 0.704228
vn -0.360811 0.611456 0.704228
vn -0.360811 0.611456 0.704228
vn -0.360811 0.611456 0.704228
vn -0.360811 0.611456 0.704228
vn -0.360811 0.611456 0.704228
vn -0.360811 0.611456 0.704228
vn -0.360811 0.611456 0.704228
s 1
g group1 pCylinder9
usemtl initialShadingGroup
f 683/1101/767 684/1102/768 700/1119/769 699/1118/770
f 684/1102/768 685/1103/771 701/1120/772 700/1119/769
f 685/1103/771 686/1104/773 702/1121/774 701/1120/772
f 686/1104/773 687/1105/775 703/1122/776 702/1121/774
f 687/1105/775 688/1106/777 704/1123/778 703/1122/776
f 688/1106/777 689/1107/779 705/1124/780 704/1123/778
f 689/1107/779 690/1108/781 706/1125/782 705/1124/780
f 690/1108/781 691/1109/783 707/1126/784 706/1125/782
f 691/1109/783 692/1110/785 708/1127/786 707/1126/784
f 692/1110/785 693/1111/787 709/1128/788 708/1127/786
f 693/1111/787 694/1112/789 710/1129/790 709/1128/788
f 694/1112/789 695/1113/791 711/1130/792 710/1129/790
f 695/1113/791 696/1114/793 712/1131/794 711/1130/792
f 696/1114/793 697/1115/795 713/1132/796 712/1131/794
f 697/1115/795 698/1116/797 714/1133/798 713/1132/796
f 698/1116/797 683/1117/767 699/1134/770 714/1133/798
s 2
f 843/1280/799 844/1281/800 845/1151/801
f 844/1281/800 846/1282/802 845/1151/801
f 846/1282/802 847/1283/803 845/1151/801
f 847/1283/803 848/1284/804 845/1151/801
f 848/1284/804 849/1285/805 845/1151/801
f 849/1285/805 850/1286/806 845/1151/801
f 850/1286/806 851/1287/807 845/1151/801
f 851/1287/807 852/1288/808 845/1151/801
f 852/1288/808 853/1289/809 845/1151/801
f 853/1289/809 854/1290/810 845/1151/801
f 854/1290/810 855/1291/811 845/1151/801
f 855/1291/811 856/1292/812 845/1151/801
f 856/1292/812 857/1293/813 845/1151/801
f 857/1293/813 858/1294/814 845/1151/801
f 858/1294/814 859/1295/815 845/1151/801
f 859/1295/815 843/1280/799 845/1151/801
s 1
f 699/1149/770 700/1148/769 837/1274/816 838/1275/817
f 700/1148/769 701/1147/772 836/1273/818 837/1274/816
f 701/1147/772 702/1146/774 835/1272/819 836/1273/818
f 702/1146/774 703/1145/776 834/1271/820 835/1272/819
f 703/1145/776 704/1144/778 833/1270/821 834/1271/820
f 704/1144/778 705/1143/780 832/1269/822 833/1270/821
f 705/1143/780 706/1142/782 831/1268/823 832/1269/822
f 706/1142/782 707/1141/784 830/1267/824 831/1268/823
f 707/1141/784 708/1140/786 829/1266/825 830/1267/824
f 708/1140/786 709/1139/788 828/1265/826 829/1266/825
f 709/1139/788 710/1138/790 827/1264/827 828/1265/826
f 710/1138/790 711/1137/792 842/1279/828 827/1264/827
f 711/1137/792 712/1136/794 841/1278/829 842/1279/828
f 712/1136/794 713/1135/796 840/1277/830 841/1278/829
f 713/1135/796 714/1150/798 839/1276/831 840/1277/830
f 714/1150/798 699/1149/770 838/1275/817 839/1276/831
f 715/1152/832 716/1153/833 732/1169/834 731/1168/835
f 716/1153/833 717/1154/836 733/1170/837 732/1169/834
f 717/1154/836 718/1155/838 734/1171/839 733/1170/837
f 718/1155/838 719/1156/840 735/1172/841 734/1171/839
f 719/1156/840 720/1157/842 736/1173/843 735/1172/841
f 720/1157/842 721/1158/844 737/1174/845 736/1173/843
f 721/1158/844 722/1159/846 738/1175/847 737/1174/845
f 722/1159/846 723/1160/848 739/1176/849 738/1175/847
f 723/1160/848 724/1161/850 740/1177/851 739/1176/849
f 724/1161/850 725/1162/852 741/1178/853 740/1177/851
f 725/1162/852 726/1163/854 742/1179/855 741/1178/853
f 726/1163/854 727/1164/856 743/1180/857 742/1179/855
f 727/1164/856 728/1165/858 744/1181/859 743/1180/857
f 728/1165/858 729/1166/860 745/1182/861 744/1181/859
f 729/1166/860 730/1167/862 746/1183/863 745/1182/861
f 730/1167/862 715/1152/832 731/1168/835 746/1183/863
f 731/1168/835 732/1169/834 805/1242/864 806/1243/865
f 732/1169/834 733/1170/837 804/1241/866 805/1242/864
f 733/1170/837 734/1171/839 803/1240/867 804/1241/866
f 734/1171/839 735/1172/841 802/1239/868 803/1240/867
f 735/1172/841 736/1173/843 801/1238/869 802/1239/868
f 736/1173/843 737/1174/845 800/1237/870 801/1238/869
f 737/1174/845 738/1175/847 799/1236/871 800/1237/870
f 738/1175/847 739/1176/849 798/1235/872 799/1236/871
f 739/1176/849 740/1177/851 797/1234/873 798/1235/872
f 740/1177/851 741/1178/853 796/1233/874 797/1234/873
f 741/1178/853 742/1179/855 795/1232/875 796/1233/874
f 742/1179/855 743/1180/857 810/1247/876 795/1232/875
f 743/1180/857 744/1181/859 809/1246/877 810/1247/876
f 744/1181/859 745/1182/861 808/1245/878 809/1246/877
f 745/1182/861 746/1183/863 807/1244/879 808/1245/878
f 746/1183/863 731/1168/835 806/1243/865 807/1244/879
f 747/1184/880 748/1185/881 764/1201/882 763/1200/883
f 748/1185/881 749/1186/884 765/1202/885 764/1201/882
f 749/1186/884 750/1187/886 766/1203/887 765/1202/885
f 750/1187/886 751/1188/888 767/1204/889 766/1203/887
f 751/1188/888 752/1189/890 768/1205/891 767/1204/889
f 752/1189/890 753/1190/892 769/1206/893 768/1205/891
f 753/1190/892 754/1191/894 770/1207/895 769/1206/893
f 754/1191/894 755/1192/896 771/1208/897 770/1207/895
f 755/1192/896 756/1193/898 772/1209/899 771/1208/897
f 756/1193/898 757/1194/900 773/1210/901 772/1209/899
f 757/1194/900 758/1195/902 774/1211/903 773/1210/901
f 758/1195/902 759/1196/904 775/1212/905 774/1211/903
f 759/1196/904 760/1197/906 776/1213/907 775/1212/905
f 760/1197/906 761/1198/908 777/1214/909 776/1213/907
f 761/1198/908 762/1199/910 778/1215/911 777/1214/909
f 762/1199/910 747/1184/880 763/1200/883 778/1215/911
f 780/1217/912 779/1216/913 758/1195/902 757/1194/900
f 781/1218/914 780/1217/912 757/1194/900 756/1193/898
f 782/1219/915 781/1218/914 756/1193/898 755/1192/896
f 783/1220/916 782/1219/915 755/1192/896 754/1191/894
f 784/1221/917 783/1220/916 754/1191/894 753/1190/892
f 785/1222/918 784/1221/917 753/1190/892 752/1189/890
f 786/1223/919 785/1222/918 752/1189/890 751/1188/888
f 787/1224/920 786/1223/919 751/1188/888 750/1187/886
f 788/1225/921 787/1224/920 750/1187/886 749/1186/884
f 789/1226/922 788/1225/921 749/1186/884 748/1185/881
f 790/1227/923 789/1226/922 748/1185/881 747/1184/880
f 791/1228/924 790/1227/923 747/1184/880 762/1199/910
f 792/1229/925 791/1228/924 762/1199/910 761/1198/908
f 793/1230/926 792/1229/925 761/1198/908 760/1197/906
f 794/1231/927 793/1230/926 760/1197/906 759/1196/904
f 779/1216/913 794/1231/927 759/1196/904 758/1195/902
f 796/1233/874 795/1232/875 779/1216/913 780/1217/912
f 797/1234/873 796/1233/874 780/1217/912 781/1218/914
f 798/1235/872 797/1234/873 781/1218/914 782/1219/915
f 799/1236/871 798/1235/872 782/1219/915 783/1220/916
f 800/1237/870 799/1236/871 783/1220/916 784/1221/917
f 801/1238/869 800/1237/870 784/1221/917 785/1222/918
f 802/1239/868 801/1238/869 785/1222/918 786/1223/919
f 803/1240/867 802/1239/868 786/1223/919 787/1224/920
f 804/1241/866 803/1240/867 787/1224/920 788/1225/921
f 805/1242/864 804/1241/866 788/1225/921 789/1226/922
f 806/1243/865 805/1242/864 789/1226/922 790/1227/923
f 807/1244/879 806/1243/865 790/1227/923 791/1228/924
f 808/1245/878 807/1244/879 791/1228/924 792/1229/925
f 809/1246/877 808/1245/878 792/1229/925 793/1230/926
f 810/1247/876 809/1246/877 793/1230/926 794/1231/927
f 795/1232/875 810/1247/876 794/1231/927 779/1216/913
f 812/1249/928 811/1248/929 726/1163/854 725/1162/852
f 813/1250/930 812/1249/928 725/1162/852 724/1161/850
f 814/1251/931 813/1250/930 724/1161/850 723/1160/848
f 815/1252/932 814/1251/931 723/1160/848 722/1159/846
f 816/1253/933 815/1252/932 722/1159/846 721/1158/844
f 817/1254/934 816/1253/933 721/1158/844 720/1157/842
f 818/1255/935 817/1254/934 720/1157/842 719/1156/840
f 819/1256/936 818/1255/935 719/1156/840 718/1155/838
f 820/1257/937 819/1256/936 718/1155/838 717/1154/836
f 821/1258/938 820/1257/937 717/1154/836 716/1153/833
f 822/1259/939 821/1258/938 716/1153/833 715/1152/832
f 823/1260/940 822/1259/939 715/1152/832 730/1167/862
f 824/1261/941 823/1260/940 730/1167/862 729/1166/860
f 825/1262/942 824/1261/941 729/1166/860 728/1165/858
f 826/1263/943 825/1262/942 728/1165/858 727/1164/856
f 811/1248/929 826/1263/943 727/1164/856 726/1163/854
f 828/1265/826 827/1264/827 811/1248/929 812/1249/928
f 829/1266/825 828/1265/826 812/1249/928 813/1250/930
f 830/1267/824 829/1266/825 813/1250/930 814/1251/931
f 831/1268/823 830/1267/824 814/1251/931 815/1252/932
f 832/1269/822 831/1268/823 815/1252/932 816/1253/933
f 833/1270/821 832/1269/822 816/1253/933 817/1254/934
f 834/1271/820 833/1270/821 817/1254/934 818/1255/935
f 835/1272/819 834/1271/820 818/1255/935 819/1256/936
f 836/1273/818 835/1272/819 819/1256/936 820/1257/937
f 837/1274/816 836/1273/818 820/1257/937 821/1258/938
f 838/1275/817 837/1274/816 821/1258/938 822/1259/939
f 839/1276/831 838/1275/817 822/1259/939 823/1260/940
f 840/1277/830 839/1276/831 823/1260/940 824/1261/941
f 841/1278/829 840/1277/830 824/1261/941 825/1262/942
f 842/1279/828 841/1278/829 825/1262/942 826/1263/943
f 827/1264/827 842/1279/828 826/1263/943 811/1248/929
s off
f 763/1200/944 764/1201/945 844/1281/946 843/1280/947
f 764/1201/948 765/1202/949 846/1282/950 844/1281/951
f 765/1202/952 766/1203/953 847/1283/954 846/1282/955
f 766/1203/956 767/1204/957 848/1284/958 847/1283/959
f 767/1204/960 768/1205/961 849/1285/962 848/1284/963
f 768/1205/964 769/1206/965 850/1286/966 849/1285/967
f 769/1206/968 770/1207/969 851/1287/970 850/1286/971
f 770/1207/972 771/1208/973 852/1288/974 851/1287/975
f 771/1208/976 772/1209/977 853/1289/978 852/1288/979
f 772/1209/980 773/1210/981 854/1290/982 853/1289/983
f 773/1210/984 774/1211/985 855/1291/986 854/1290/987
f 774/1211/988 775/1212/989 856/1292/990 855/1291/991
f 775/1212/992 776/1213/993 857/1293/994 856/1292/995
f 776/1213/996 777/1214/997 858/1294/998 857/1293/999
f 777/1214/1000 778/1215/1001 859/1295/1002 858/1294/1003
f 778/1215/1004 763/1200/1005 843/1280/1006 859/1295/1007
g default
v 0.876101 0.642997 0.371142
v 0.767237 0.752605 0.331751
v 0.577555 0.830722 0.361110
v 0.396490 0.862929 0.425917
v 0.230343 0.845210 0.526429
v 0.083143 0.781148 0.657471
v 0.037857 0.677972 0.770258
v 0.070071 0.552694 0.862528
v 0.112854 0.426975 0.949765
v 0.221718 0.317366 0.989156
v 0.411400 0.239249 0.959796
v 0.592465 0.207042 0.894990
v 0.758612 0.224762 0.794477
v 0.905812 0.288823 0.663435
v 0.951098 0.392000 0.550648
v 0.918884 0.517278 0.458379
v 0.944012 0.758081 0.503687
v 0.835148 0.867689 0.464295
v 0.645466 0.945806 0.493655
v 0.464401 0.978013 0.558461
v 0.298254 0.960294 0.658974
v 0.151053 0.896232 0.790016
v 0.105768 0.793056 0.902803
v 0.137982 0.667778 0.995072
v 0.180765 0.542059 1.082309
v 0.289629 0.432450 1.121701
v 0.479311 0.354333 1.092341
v 0.660376 0.322126 1.027535
v 0.826523 0.339846 0.927022
v 0.973723 0.403907 0.795980
v 1.019008 0.507084 0.683193
v 0.986795 0.632362 0.590924
v 0.885021 0.734614 0.554286
v 0.795098 0.821452 0.524961
v 0.636720 0.883576 0.552168
v 0.484900 0.909406 0.607528
v 0.344877 0.895753 0.691124
v 0.220094 0.845444 0.798740
v 0.180449 0.764012 0.889757
v 0.205660 0.664954 0.962848
v 0.239756 0.565525 1.031710
v 0.329678 0.478687 1.061035
v 0.488056 0.416563 1.033828
v 0.639876 0.390734 0.978468
v 0.779900 0.404386 0.894872
v 0.904683 0.454696 0.787256
v 0.944328 0.536128 0.696239
v 0.919116 0.635186 0.623148
v 0.935798 0.820662 0.653389
v 0.845875 0.907500 0.624064
v 0.687497 0.969624 0.651271
v 0.535677 0.995453 0.706631
v 0.395654 0.981801 0.790227
v 0.270870 0.931491 0.897843
v 0.231225 0.850060 0.988860
v 0.256437 0.751002 1.061951
v 0.290532 0.651573 1.130813
v 0.380455 0.564735 1.160138
v 0.538833 0.502611 1.132931
v 0.690653 0.476782 1.077571
v 0.830676 0.490434 0.993975
v 0.955460 0.540744 0.886359
v 0.995104 0.622175 0.795342
v 0.969893 0.721233 0.722251
v 0.882349 0.806657 0.692937
v 0.807324 0.879109 0.668470
v 0.675183 0.930941 0.691169
v 0.548514 0.952492 0.737358
v 0.431688 0.941101 0.807105
v 0.327577 0.899126 0.896893
v 0.294500 0.831185 0.972832
v 0.315534 0.748537 1.033814
v 0.343981 0.665580 1.091268
v 0.419007 0.593128 1.115735
v 0.551148 0.541295 1.093036
v 0.677817 0.519745 1.046847
v 0.794643 0.531136 0.977099
v 0.898754 0.573111 0.887311
v 0.931831 0.641052 0.811373
v 0.910796 0.723700 0.750390
v 0.840881 0.721921 0.608240
v 0.765855 0.794373 0.583773
v 0.633715 0.846205 0.606472
v 0.507046 0.867755 0.652661
v 0.390220 0.856365 0.722408
v 0.286109 0.814390 0.812196
v 0.253031 0.746448 0.888135
v 0.274066 0.663801 0.949117
v 0.302513 0.580844 1.006571
v 0.377539 0.508392 1.031038
v 0.509679 0.456559 1.008339
v 0.636348 0.435009 0.962150
v 0.753175 0.446400 0.892402
v 0.857286 0.488375 0.802614
v 0.890363 0.556316 0.726676
v 0.869328 0.638964 0.665693
v 0.679146 0.515297 1.050028
v 0.549873 0.537290 1.097166
v 0.415016 0.590188 1.120332
v 0.338448 0.664129 1.095362
v 0.309416 0.748792 1.036728
v 0.287948 0.833139 0.974491
v 0.321706 0.902477 0.896991
v 0.427957 0.945315 0.805358
v 0.547185 0.956940 0.734176
v 0.676458 0.934946 0.687038
v 0.811315 0.882048 0.663872
v 0.887883 0.808107 0.688842
v 0.916915 0.723445 0.747476
v 0.938382 0.639098 0.809713
v 0.904625 0.569760 0.887213
v 0.798374 0.526922 0.978846
v 0.689191 0.481674 1.074072
v 0.540235 0.507016 1.128388
v 0.384846 0.567968 1.155081
v 0.296619 0.653168 1.126309
v 0.263167 0.750721 1.058747
v 0.238431 0.847910 0.987035
v 0.277328 0.927805 0.897735
v 0.399757 0.977166 0.792149
v 0.537139 0.990561 0.710130
v 0.686095 0.965219 0.655814
v 0.841484 0.904267 0.629121
v 0.929711 0.819067 0.657893
v 0.963163 0.721514 0.725455
v 0.987899 0.624325 0.797168
v 0.949002 0.544430 0.886467
v 0.826573 0.495069 0.992053
v 0.641349 0.385807 0.981992
v 0.487428 0.412094 1.038030
v 0.326802 0.475367 1.065391
v 0.235519 0.563840 1.035343
v 0.200800 0.665157 0.965162
v 0.175086 0.766098 0.890694
v 0.215136 0.849091 0.798114
v 0.341529 0.900388 0.688815
v 0.483428 0.914332 0.604004
v 0.637348 0.888045 0.547966
v 0.797974 0.824773 0.520605
v 0.889257 0.736300 0.550653
v 0.923977 0.634983 0.620834
v 0.949691 0.534042 0.695302
v 0.909641 0.451049 0.787882
v 0.783248 0.399751 0.897181
v 0.658605 0.328053 1.023296
v 0.480067 0.359709 1.087286
v 0.293089 0.436445 1.116460
v 0.185861 0.544086 1.077938
v 0.143829 0.667534 0.992288
v 0.112220 0.790547 0.901676
v 0.157018 0.891845 0.790769
v 0.302282 0.954718 0.661752
v 0.466172 0.972086 0.562700
v 0.644710 0.940430 0.498710
v 0.831688 0.863695 0.469536
v 0.938916 0.756054 0.508058
v 0.980948 0.632606 0.593707
v 1.012557 0.509593 0.684320
v 0.967759 0.408295 0.795226
v 0.822495 0.345422 0.924244
v 0.833314 0.719938 0.613838
v 0.760397 0.790353 0.590059
v 0.571697 0.651382 0.807405
v 0.631972 0.840729 0.612120
v 0.508863 0.861673 0.657011
v 0.395321 0.850603 0.724797
v 0.294136 0.809807 0.812062
v 0.261989 0.743776 0.885865
v 0.282433 0.663452 0.945134
v 0.310080 0.582826 1.000972
v 0.382997 0.512411 1.024752
v 0.511423 0.462036 1.002690
v 0.634531 0.441091 0.957800
v 0.748073 0.452162 0.890013
v 0.849258 0.492957 0.802749
v 0.881405 0.558989 0.728945
v 0.860962 0.639313 0.669677
vt 0.375000 0.312500
vt 0.390625 0.312500
vt 0.406250 0.312500
vt 0.421875 0.312500
vt 0.437500 0.312500
vt 0.453125 0.312500
vt 0.468750 0.312500
vt 0.484375 0.312500
vt 0.500000 0.312500
vt 0.515625 0.312500
vt 0.531250 0.312500
vt 0.546875 0.312500
vt 0.562500 0.312500
vt 0.578125 0.312500
vt 0.593750 0.312500
vt 0.609375 0.312500
vt 0.625000 0.312500
vt 0.375000 0.687500
vt 0.390625 0.687500
vt 0.406250 0.687500
vt 0.421875 0.687500
vt 0.437500 0.687500
vt 0.453125 0.687500
vt 0.468750 0.687500
vt 0.484375 0.687500
vt 0.500000 0.687500
vt 0.515625 0.687500
vt 0.531250 0.687500
vt 0.546875 0.687500
vt 0.562500 0.687500
vt 0.578125 0.687500
vt 0.593750 0.687500
vt 0.609375 0.687500
vt 0.625000 0.687500
vt 0.644356 0.783956
vt 0.610485 0.733265
vt 0.559794 0.699394
vt 0.500000 0.687500
vt 0.440206 0.699394
vt 0.389515 0.733265
vt 0.355644 0.783956
vt 0.343750 0.843750
vt 0.355644 0.903544
vt 0.389515 0.954235
vt 0.440206 0.988106
vt 0.500000 1.000000
vt 0.559794 0.988106
vt 0.610485 0.954235
vt 0.644356 0.903544
vt 0.656250 0.843750
vt 0.500000 0.843750
vt 0.644356 0.903544
vt 0.610485 0.954235
vt 0.559794 0.988106
vt 0.500000 1.000000
vt 0.440206 0.988106
vt 0.389515 0.954235
vt 0.355644 0.903544
vt 0.343750 0.843750
vt 0.355644 0.783956
vt 0.389515 0.733265
vt 0.440206 0.699394
vt 0.500000 0.687500
vt 0.559794 0.699394
vt 0.610485 0.733265
vt 0.644356 0.783956
vt 0.656250 0.843750
vt 0.644356 0.903544
vt 0.610485 0.954235
vt 0.559794 0.988106
vt 0.500000 1.000000
vt 0.440206 0.988106
vt 0.389515 0.954235
vt 0.355644 0.903544
vt 0.343750 0.843750
vt 0.355644 0.783956
vt 0.389515 0.733265
vt 0.440206 0.699394
vt 0.500000 0.687500
vt 0.559794 0.699394
vt 0.610485 0.733265
vt 0.644356 0.783956
vt 0.656250 0.843750
vt 0.644356 0.903544
vt 0.610485 0.954235
vt 0.559794 0.988106
vt 0.500000 1.000000
vt 0.440206 0.988106
vt 0.389515 0.954235
vt 0.355644 0.903544
vt 0.343750 0.843750
vt 0.355644 0.783956
vt 0.389515 0.733265
vt 0.440206 0.699394
vt 0.500000 0.687500
vt 0.559794 0.699394
vt 0.610485 0.733265
vt 0.644356 0.783956
vt 0.656250 0.843750
vt 0.644356 0.903544
vt 0.610485 0.954235
vt 0.559794 0.988106
vt 0.500000 1.000000
vt 0.440206 0.988106
vt 0.389515 0.954235
vt 0.355644 0.903544
vt 0.343750 0.843750
vt 0.355644 0.783956
vt 0.389515 0.733265
vt 0.440206 0.699394
vt 0.500000 0.687500
vt 0.559794 0.699394
vt 0.610485 0.733265
vt 0.644356 0.783956
vt 0.656250 0.843750
vt 0.500000 0.687500
vt 0.440206 0.699394
vt 0.389515 0.733265
vt 0.355644 0.783956
vt 0.343750 0.843750
vt 0.355644 0.903544
vt 0.389515 0.954235
vt 0.440206 0.988106
vt 0.500000 1.000000
vt 0.559794 0.988106
vt 0.610485 0.954235
vt 0.644356 0.903544
vt 0.656250 0.843750
vt 0.644356 0.783956
vt 0.610485 0.733265
vt 0.559794 0.699394
vt 0.500000 0.687500
vt 0.440206 0.699394
vt 0.389515 0.733265
vt 0.355644 0.783956
vt 0.343750 0.843750
vt 0.355644 0.903544
vt 0.389515 0.954235
vt 0.440206 0.988106
vt 0.500000 1.000000
vt 0.559794 0.988106
vt 0.610485 0.954235
vt 0.644356 0.903544
vt 0.656250 0.843750
vt 0.644356 0.783956
vt 0.610485 0.733265
vt 0.559794 0.699394
vt 0.500000 0.687500
vt 0.440206 0.699394
vt 0.389515 0.733265
vt 0.355644 0.783956
vt 0.343750 0.843750
vt 0.355644 0.903544
vt 0.389515 0.954235
vt 0.440206 0.988106
vt 0.500000 1.000000
vt 0.559794 0.988106
vt 0.610485 0.954235
vt 0.644356 0.903544
vt 0.656250 0.843750
vt 0.644356 0.783956
vt 0.610485 0.733265
vt 0.559794 0.699394
vt 0.500000 0.687500
vt 0.440206 0.699394
vt 0.389515 0.733265
vt 0.355644 0.783956
vt 0.343750 0.843750
vt 0.355644 0.903544
vt 0.389515 0.954235
vt 0.440206 0.988106
vt 0.500000 1.000000
vt 0.559794 0.988106
vt 0.610485 0.954235
vt 0.644356 0.903544
vt 0.656250 0.843750
vt 0.644356 0.783956
vt 0.610485 0.733265
vt 0.559794 0.699394
vt 0.644356 0.903544
vt 0.610485 0.954235
vt 0.559794 0.988106
vt 0.500000 1.000000
vt 0.440206 0.988106
vt 0.389515 0.954235
vt 0.355644 0.903544
vt 0.343750 0.843750
vt 0.355644 0.783956
vt 0.389515 0.733265
vt 0.440206 0.699394
vt 0.500000 0.687500
vt 0.559794 0.699394
vt 0.610485 0.733265
vt 0.644356 0.783956
vt 0.656250 0.843750
vn 0.791345 0.198866 -0.578123
vn 0.392101 0.585661 -0.709406
vn 0.403606 0.605200 -0.686174
vn 0.802362 0.218108 -0.555557
vn 0.050526 0.741167 -0.669416
vn 0.063065 0.762019 -0.644477
vn -0.236162 0.790384 -0.565262
vn -0.223538 0.811064 -0.540560
vn -0.500306 0.764150 -0.407147
vn -0.487432 0.784988 -0.382367
vn -0.756404 0.633582 -0.162564
vn -0.744294 0.653095 -0.139620
vn -0.931665 0.270757 0.242261
vn -0.919786 0.289963 0.264416
vn -0.902240 0.037645 0.429587
vn -0.889662 0.058084 0.452910
vn -0.791345 -0.198866 0.578123
vn -0.779536 -0.179425 0.600109
vn -0.392101 -0.585662 0.709406
vn -0.380182 -0.565506 0.731891
vn -0.050525 -0.741167 0.669416
vn -0.037925 -0.719416 0.693543
vn 0.236162 -0.790384 0.565262
vn 0.248504 -0.768757 0.589287
vn 0.500306 -0.764150 0.407147
vn 0.512572 -0.742385 0.431433
vn 0.756404 -0.633582 0.162564
vn 0.767717 -0.613401 0.185337
vn 0.931665 -0.270756 -0.242261
vn 0.942613 -0.251280 -0.219864
vn 0.902240 -0.037645 -0.429587
vn 0.913808 -0.017164 -0.405783
vn 0.360818 0.611454 0.704226
vn 0.360818 0.611454 0.704226
vn 0.360818 0.611454 0.704226
vn 0.360818 0.611454 0.704226
vn 0.360818 0.611454 0.704226
vn 0.360818 0.611454 0.704226
vn 0.360818 0.611454 0.704226
vn 0.360818 0.611454 0.704226
vn 0.360818 0.611454 0.704226
vn 0.360818 0.611454 0.704226
vn 0.360818 0.611454 0.704226
vn 0.360818 0.611454 0.704226
vn 0.360818 0.611454 0.704226
vn 0.360818 0.611454 0.704226
vn 0.360818 0.611454 0.704226
vn 0.360818 0.611454 0.704226
vn 0.360818 0.611454 0.704226
vn 0.360818 0.611454 0.704226
vn 0.360818 0.611454 0.704226
vn 0.360818 0.611454 0.704226
vn 0.360818 0.611454 0.704226
vn 0.360818 0.611454 0.704226
vn 0.360818 0.611454 0.704226
vn 0.360818 0.611454 0.704226
vn 0.360818 0.611454 0.704226
vn 0.360818 0.611454 0.704226
vn 0.360818 0.611454 0.704226
vn 0.360818 0.611454 0.704226
vn 0.360818 0.611454 0.704226
vn 0.360818 0.611454 0.704226
vn 0.360818 0.611454 0.704226
vn 0.360818 0.611454 0.704226
vn 0.360818 0.611454 0.704226
vn 0.799057 0.241853 -0.550468
vn 0.384978 0.632145 -0.672447
vn 0.381233 0.625788 -0.680478
vn 0.798147 0.240164 -0.552524
vn 0.051595 0.774184 -0.630854
vn 0.049031 0.770056 -0.636089
vn -0.218225 0.819355 -0.530127
vn -0.222008 0.813476 -0.537558
vn -0.468842 0.795899 -0.383057
vn -0.471570 0.791778 -0.388213
vn -0.720122 0.678254 -0.146272
vn -0.724427 0.671921 -0.154036
vn -0.912152 0.313252 0.264296
vn -0.913289 0.311572 0.262348
vn -0.887261 0.061803 0.457108
vn -0.882549 0.068953 0.465137
vn -0.764027 -0.182490 0.618838
vn -0.765144 -0.184236 0.616937
vn -0.347539 -0.568700 0.745518
vn -0.351655 -0.575666 0.738205
vn -0.017151 -0.715814 0.698080
vn -0.019736 -0.720412 0.693265
vn 0.253534 -0.759519 0.599042
vn 0.249962 -0.766105 0.592117
vn 0.503286 -0.737529 0.450283
vn 0.500865 -0.742133 0.445390
vn 0.757561 -0.614809 0.219342
vn 0.754005 -0.621798 0.211763
vn 0.947182 -0.253888 -0.195927
vn 0.946292 -0.255644 -0.197936
vn 0.915807 -0.013428 -0.401393
vn 0.919557 -0.006238 -0.392907
vn 0.360827 0.611468 0.704209
vn 0.360835 0.611459 0.704213
vn 0.360819 0.611475 0.704208
vn 0.360811 0.611476 0.704210
vn 0.360805 0.611475 0.704215
vn 0.360800 0.611469 0.704222
vn 0.360797 0.611461 0.704231
vn 0.360797 0.611455 0.704236
vn 0.360801 0.611450 0.704239
vn 0.360809 0.611441 0.704242
vn 0.360817 0.611434 0.704244
vn 0.360825 0.611432 0.704242
vn 0.360831 0.611434 0.704237
vn 0.360836 0.611439 0.704230
vn 0.360838 0.611448 0.704221
vn 0.360839 0.611453 0.704216
vn -0.753292 -0.169520 0.635464
vn -0.323879 -0.532177 0.782234
vn -0.350722 -0.570594 0.742574
vn -0.781162 -0.206597 0.589156
vn 0.007924 -0.670541 0.741830
vn -0.011268 -0.704135 0.709977
vn 0.278867 -0.709410 0.647279
vn 0.261785 -0.743362 0.615534
vn 0.527770 -0.685227 0.501919
vn 0.512477 -0.719416 0.468836
vn 0.779587 -0.563554 0.273224
vn 0.763437 -0.603533 0.230027
vn 0.963157 -0.220155 -0.154466
vn 0.944300 -0.258264 -0.203954
vn 0.926044 0.006421 -0.377362
vn 0.908191 -0.026959 -0.417687
vn 0.803325 0.246034 -0.542344
vn 0.778756 0.209816 -0.591199
vn 0.373255 0.608756 -0.700069
vn 0.347596 0.572289 -0.742740
vn 0.029463 0.736359 -0.675949
vn 0.010217 0.704401 -0.709729
vn -0.244431 0.775646 -0.581916
vn -0.262237 0.743375 -0.615325
vn -0.495603 0.752020 -0.434561
vn -0.512264 0.719467 -0.468991
vn -0.743060 0.642473 -0.187327
vn -0.762165 0.604522 -0.231639
vn -0.921218 0.298183 0.249890
vn -0.944148 0.261045 0.201097
vn -0.887688 0.060783 0.456416
vn -0.908355 0.027427 0.417299
vn 0.360817 0.611432 0.704246
vn 0.360825 0.611430 0.704243
vn 0.360809 0.611439 0.704244
vn 0.360799 0.611449 0.704240
vn 0.360795 0.611455 0.704237
vn 0.360795 0.611461 0.704232
vn 0.360799 0.611471 0.704221
vn 0.360804 0.611477 0.704213
vn 0.360811 0.611478 0.704209
vn 0.360819 0.611477 0.704206
vn 0.360827 0.611470 0.704207
vn 0.360837 0.611459 0.704212
vn 0.360841 0.611453 0.704215
vn 0.360841 0.611448 0.704220
vn 0.360837 0.611437 0.704231
vn 0.360832 0.611431 0.704238
vn 0.360818 0.611454 0.704226
vn 0.360818 0.611454 0.704226
vn 0.360818 0.611454 0.704226
vn 0.360818 0.611454 0.704226
vn 0.360818 0.611454 0.704226
vn 0.360818 0.611454 0.704226
vn 0.360818 0.611454 0.704226
vn 0.360818 0.611454 0.704226
vn 0.360818 0.611454 0.704226
vn 0.360818 0.611454 0.704226
vn 0.360818 0.611454 0.704226
vn 0.360818 0.611454 0.704226
vn 0.360818 0.611454 0.704226
vn 0.360818 0.611454 0.704226
vn 0.360818 0.611454 0.704226
vn 0.360818 0.611454 0.704226
vn 0.360818 0.611454 0.704226
vn 0.360818 0.611454 0.704226
vn 0.360818 0.611454 0.704226
vn 0.360818 0.611454 0.704226
vn 0.360818 0.611455 0.704225
vn 0.360818 0.611455 0.704225
vn 0.360818 0.611455 0.704225
vn 0.360818 0.611455 0.704225
vn 0.360818 0.611455 0.704225
vn 0.360818 0.611455 0.704225
vn 0.360818 0.611455 0.704225
vn 0.360818 0.611455 0.704225
vn 0.360818 0.611454 0.704226
vn 0.360818 0.611454 0.704226
vn 0.360818 0.611454 0.704226
vn 0.360818 0.611454 0.704226
vn 0.360818 0.611455 0.704225
vn 0.360818 0.611455 0.704225
vn 0.360818 0.611455 0.704225
vn 0.360818 0.611455 0.704225
vn 0.360818 0.611454 0.704226
vn 0.360818 0.611454 0.704226
vn 0.360818 0.611454 0.704226
vn 0.360818 0.611454 0.704226
vn 0.360818 0.611454 0.704226
vn 0.360818 0.611454 0.704226
vn 0.360818 0.611454 0.704226
vn 0.360818 0.611454 0.704226
vn 0.360818 0.611454 0.704226
vn 0.360818 0.611454 0.704226
vn 0.360818 0.611454 0.704226
vn 0.360818 0.611454 0.704226
vn 0.360818 0.611454 0.704226
vn 0.360818 0.611454 0.704226
vn 0.360818 0.611454 0.704226
vn 0.360818 0.611454 0.704226
vn 0.360818 0.611454 0.704226
vn 0.360818 0.611454 0.704226
vn 0.360818 0.611454 0.704226
vn 0.360818 0.611454 0.704226
vn 0.360818 0.611454 0.704226
vn 0.360818 0.611454 0.704226
vn 0.360818 0.611454 0.704226
vn 0.360818 0.611454 0.704226
vn 0.360818 0.611454 0.704226
vn 0.360818 0.611454 0.704226
vn 0.360818 0.611454 0.704226
vn 0.360818 0.611454 0.704226
vn 0.360818 0.611454 0.704226
vn 0.360818 0.611454 0.704226
vn 0.360818 0.611454 0.704226
vn 0.360818 0.611454 0.704226
vn 0.360818 0.611455 0.704226
vn 0.360818 0.611455 0.704226
vn 0.360818 0.611455 0.704226
vn 0.360818 0.611455 0.704226
vn 0.360818 0.611454 0.704226
vn 0.360818 0.611454 0.704226
vn 0.360818 0.611454 0.704226
vn 0.360818 0.611454 0.704226
vn 0.360818 0.611454 0.704226
vn 0.360818 0.611454 0.704226
vn 0.360818 0.611454 0.704226
vn 0.360818 0.611454 0.704226
s 1
g group1 pCylinder8
usemtl initialShadingGroup
f 860/1296/1008 861/1297/1009 877/1314/1010 876/1313/1011
f 861/1297/1009 862/1298/1012 878/1315/1013 877/1314/1010
f 862/1298/1012 863/1299/1014 879/1316/1015 878/1315/1013
f 863/1299/1014 864/1300/1016 880/1317/1017 879/1316/1015
f 864/1300/1016 865/1301/1018 881/1318/1019 880/1317/1017
f 865/1301/1018 866/1302/1020 882/1319/1021 881/1318/1019
f 866/1302/1020 867/1303/1022 883/1320/1023 882/1319/1021
f 867/1303/1022 868/1304/1024 884/1321/1025 883/1320/1023
f 868/1304/1024 869/1305/1026 885/1322/1027 884/1321/1025
f 869/1305/1026 870/1306/1028 886/1323/1029 885/1322/1027
f 870/1306/1028 871/1307/1030 887/1324/1031 886/1323/1029
f 871/1307/1030 872/1308/1032 888/1325/1033 887/1324/1031
f 872/1308/1032 873/1309/1034 889/1326/1035 888/1325/1033
f 873/1309/1034 874/1310/1036 890/1327/1037 889/1326/1035
f 874/1310/1036 875/1311/1038 891/1328/1039 890/1327/1037
f 875/1311/1038 860/1312/1008 876/1329/1011 891/1328/1039
s 2
f 1020/1475/1040 1021/1476/1041 1022/1346/1042
f 1021/1476/1041 1023/1477/1043 1022/1346/1042
f 1023/1477/1043 1024/1478/1044 1022/1346/1042
f 1024/1478/1044 1025/1479/1045 1022/1346/1042
f 1025/1479/1045 1026/1480/1046 1022/1346/1042
f 1026/1480/1046 1027/1481/1047 1022/1346/1042
f 1027/1481/1047 1028/1482/1048 1022/1346/1042
f 1028/1482/1048 1029/1483/1049 1022/1346/1042
f 1029/1483/1049 1030/1484/1050 1022/1346/1042
f 1030/1484/1050 1031/1485/1051 1022/1346/1042
f 1031/1485/1051 1032/1486/1052 1022/1346/1042
f 1032/1486/1052 1033/1487/1053 1022/1346/1042
f 1033/1487/1053 1034/1488/1054 1022/1346/1042
f 1034/1488/1054 1035/1489/1055 1022/1346/1042
f 1035/1489/1055 1036/1490/1056 1022/1346/1042
f 1036/1490/1056 1020/1475/1040 1022/1346/1042
s 1
f 876/1344/1011 877/1343/1010 1014/1469/1057 1015/1470/1058
f 877/1343/1010 878/1342/1013 1013/1468/1059 1014/1469/1057
f 878/1342/1013 879/1341/1015 1012/1467/1060 1013/1468/1059
f 879/1341/1015 880/1340/1017 1011/1466/1061 1012/1467/1060
f 880/1340/1017 881/1339/1019 1010/1465/1062 1011/1466/1061
f 881/1339/1019 882/1338/1021 1009/1464/1063 1010/1465/1062
f 882/1338/1021 883/1337/1023 1008/1463/1064 1009/1464/1063
f 883/1337/1023 884/1336/1025 1007/1462/1065 1008/1463/1064
f 884/1336/1025 885/1335/1027 1006/1461/1066 1007/1462/1065
f 885/1335/1027 886/1334/1029 1005/1460/1067 1006/1461/1066
f 886/1334/1029 887/1333/1031 1004/1459/1068 1005/1460/1067
f 887/1333/1031 888/1332/1033 1019/1474/1069 1004/1459/1068
f 888/1332/1033 889/1331/1035 1018/1473/1070 1019/1474/1069
f 889/1331/1035 890/1330/1037 1017/1472/1071 1018/1473/1070
f 890/1330/1037 891/1345/1039 1016/1471/1072 1017/1472/1071
f 891/1345/1039 876/1344/1011 1015/1470/1058 1016/1471/1072
f 892/1347/1073 893/1348/1074 909/1364/1075 908/1363/1076
f 893/1348/1074 894/1349/1077 910/1365/1078 909/1364/1075
f 894/1349/1077 895/1350/1079 911/1366/1080 910/1365/1078
f 895/1350/1079 896/1351/1081 912/1367/1082 911/1366/1080
f 896/1351/1081 897/1352/1083 913/1368/1084 912/1367/1082
f 897/1352/1083 898/1353/1085 914/1369/1086 913/1368/1084
f 898/1353/1085 899/1354/1087 915/1370/1088 914/1369/1086
f 899/1354/1087 900/1355/1089 916/1371/1090 915/1370/1088
f 900/1355/1089 901/1356/1091 917/1372/1092 916/1371/1090
f 901/1356/1091 902/1357/1093 918/1373/1094 917/1372/1092
f 902/1357/1093 903/1358/1095 919/1374/1096 918/1373/1094
f 903/1358/1095 904/1359/1097 920/1375/1098 919/1374/1096
f 904/1359/1097 905/1360/1099 921/1376/1100 920/1375/1098
f 905/1360/1099 906/1361/1101 922/1377/1102 921/1376/1100
f 906/1361/1101 907/1362/1103 923/1378/1104 922/1377/1102
f 907/1362/1103 892/1347/1073 908/1363/1076 923/1378/1104
f 908/1363/1076 909/1364/1075 982/1437/1105 983/1438/1106
f 909/1364/1075 910/1365/1078 981/1436/1107 982/1437/1105
f 910/1365/1078 911/1366/1080 980/1435/1108 981/1436/1107
f 911/1366/1080 912/1367/1082 979/1434/1109 980/1435/1108
f 912/1367/1082 913/1368/1084 978/1433/1110 979/1434/1109
f 913/1368/1084 914/1369/1086 977/1432/1111 978/1433/1110
f 914/1369/1086 915/1370/1088 976/1431/1112 977/1432/1111
f 915/1370/1088 916/1371/1090 975/1430/1113 976/1431/1112
f 916/1371/1090 917/1372/1092 974/1429/1114 975/1430/1113
f 917/1372/1092 918/1373/1094 973/1428/1115 974/1429/1114
f 918/1373/1094 919/1374/1096 972/1427/1116 973/1428/1115
f 919/1374/1096 920/1375/1098 987/1442/1117 972/1427/1116
f 920/1375/1098 921/1376/1100 986/1441/1118 987/1442/1117
f 921/1376/1100 922/1377/1102 985/1440/1119 986/1441/1118
f 922/1377/1102 923/1378/1104 984/1439/1120 985/1440/1119
f 923/1378/1104 908/1363/1076 983/1438/1106 984/1439/1120
f 924/1379/1121 925/1380/1122 941/1396/1123 940/1395/1124
f 925/1380/1122 926/1381/1125 942/1397/1126 941/1396/1123
f 926/1381/1125 927/1382/1127 943/1398/1128 942/1397/1126
f 927/1382/1127 928/1383/1129 944/1399/1130 943/1398/1128
f 928/1383/1129 929/1384/1131 945/1400/1132 944/1399/1130
f 929/1384/1131 930/1385/1133 946/1401/1134 945/1400/1132
f 930/1385/1133 931/1386/1135 947/1402/1136 946/1401/1134
f 931/1386/1135 932/1387/1137 948/1403/1138 947/1402/1136
f 932/1387/1137 933/1388/1139 949/1404/1140 948/1403/1138
f 933/1388/1139 934/1389/1141 950/1405/1142 949/1404/1140
f 934/1389/1141 935/1390/1143 951/1406/1144 950/1405/1142
f 935/1390/1143 936/1391/1145 952/1407/1146 951/1406/1144
f 936/1391/1145 937/1392/1147 953/1408/1148 952/1407/1146
f 937/1392/1147 938/1393/1149 954/1409/1150 953/1408/1148
f 938/1393/1149 939/1394/1151 955/1410/1152 954/1409/1150
f 939/1394/1151 924/1379/1121 940/1395/1124 955/1410/1152
f 957/1412/1153 956/1411/1154 935/1390/1143 934/1389/1141
f 958/1413/1155 957/1412/1153 934/1389/1141 933/1388/1139
f 959/1414/1156 958/1413/1155 933/1388/1139 932/1387/1137
f 960/1415/1157 959/1414/1156 932/1387/1137 931/1386/1135
f 961/1416/1158 960/1415/1157 931/1386/1135 930/1385/1133
f 962/1417/1159 961/1416/1158 930/1385/1133 929/1384/1131
f 963/1418/1160 962/1417/1159 929/1384/1131 928/1383/1129
f 964/1419/1161 963/1418/1160 928/1383/1129 927/1382/1127
f 965/1420/1162 964/1419/1161 927/1382/1127 926/1381/1125
f 966/1421/1163 965/1420/1162 926/1381/1125 925/1380/1122
f 967/1422/1164 966/1421/1163 925/1380/1122 924/1379/1121
f 968/1423/1165 967/1422/1164 924/1379/1121 939/1394/1151
f 969/1424/1166 968/1423/1165 939/1394/1151 938/1393/1149
f 970/1425/1167 969/1424/1166 938/1393/1149 937/1392/1147
f 971/1426/1168 970/1425/1167 937/1392/1147 936/1391/1145
f 956/1411/1154 971/1426/1168 936/1391/1145 935/1390/1143
f 973/1428/1115 972/1427/1116 956/1411/1154 957/1412/1153
f 974/1429/1114 973/1428/1115 957/1412/1153 958/1413/1155
f 975/1430/1113 974/1429/1114 958/1413/1155 959/1414/1156
f 976/1431/1112 975/1430/1113 959/1414/1156 960/1415/1157
f 977/1432/1111 976/1431/1112 960/1415/1157 961/1416/1158
f 978/1433/1110 977/1432/1111 961/1416/1158 962/1417/1159
f 979/1434/1109 978/1433/1110 962/1417/1159 963/1418/1160
f 980/1435/1108 979/1434/1109 963/1418/1160 964/1419/1161
f 981/1436/1107 980/1435/1108 964/1419/1161 965/1420/1162
f 982/1437/1105 981/1436/1107 965/1420/1162 966/1421/1163
f 983/1438/1106 982/1437/1105 966/1421/1163 967/1422/1164
f 984/1439/1120 983/1438/1106 967/1422/1164 968/1423/1165
f 985/1440/1119 984/1439/1120 968/1423/1165 969/1424/1166
f 986/1441/1118 985/1440/1119 969/1424/1166 970/1425/1167
f 987/1442/1117 986/1441/1118 970/1425/1167 971/1426/1168
f 972/1427/1116 987/1442/1117 971/1426/1168 956/1411/1154
f 989/1444/1169 988/1443/1170 903/1358/1095 902/1357/1093
f 990/1445/1171 989/1444/1169 902/1357/1093 901/1356/1091
f 991/1446/1172 990/1445/1171 901/1356/1091 900/1355/1089
f 992/1447/1173 991/1446/1172 900/1355/1089 899/1354/1087
f 993/1448/1174 992/1447/1173 899/1354/1087 898/1353/1085
f 994/1449/1175 993/1448/1174 898/1353/1085 897/1352/1083
f 995/1450/1176 994/1449/1175 897/1352/1083 896/1351/1081
f 996/1451/1177 995/1450/1176 896/1351/1081 895/1350/1079
f 997/1452/1178 996/1451/1177 895/1350/1079 894/1349/1077
f 998/1453/1179 997/1452/1178 894/1349/1077 893/1348/1074
f 999/1454/1180 998/1453/1179 893/1348/1074 892/1347/1073
f 1000/1455/1181 999/1454/1180 892/1347/1073 907/1362/1103
f 1001/1456/1182 1000/1455/1181 907/1362/1103 906/1361/1101
f 1002/1457/1183 1001/1456/1182 906/1361/1101 905/1360/1099
f 1003/1458/1184 1002/1457/1183 905/1360/1099 904/1359/1097
f 988/1443/1170 1003/1458/1184 904/1359/1097 903/1358/1095
f 1005/1460/1067 1004/1459/1068 988/1443/1170 989/1444/1169
f 1006/1461/1066 1005/1460/1067 989/1444/1169 990/1445/1171
f 1007/1462/1065 1006/1461/1066 990/1445/1171 991/1446/1172
f 1008/1463/1064 1007/1462/1065 991/1446/1172 992/1447/1173
f 1009/1464/1063 1008/1463/1064 992/1447/1173 993/1448/1174
f 1010/1465/1062 1009/1464/1063 993/1448/1174 994/1449/1175
f 1011/1466/1061 1010/1465/1062 994/1449/1175 995/1450/1176
f 1012/1467/1060 1011/1466/1061 995/1450/1176 996/1451/1177
f 1013/1468/1059 1012/1467/1060 996/1451/1177 997/1452/1178
f 1014/1469/1057 1013/1468/1059 997/1452/1178 998/1453/1179
f 1015/1470/1058 1014/1469/1057 998/1453/1179 999/1454/1180
f 1016/1471/1072 1015/1470/1058 999/1454/1180 1000/1455/1181
f 1017/1472/1071 1016/1471/1072 1000/1455/1181 1001/1456/1182
f 1018/1473/1070 1017/1472/1071 1001/1456/1182 1002/1457/1183
f 1019/1474/1069 1018/1473/1070 1002/1457/1183 1003/1458/1184
f 1004/1459/1068 1019/1474/1069 1003/1458/1184 988/1443/1170
s off
f 940/1395/1185 941/1396/1186 1021/1476/1187 1020/1475/1188
f 941/1396/1189 942/1397/1190 1023/1477/1191 1021/1476/1192
f 942/1397/1193 943/1398/1194 1024/1478/1195 1023/1477/1196
f 943/1398/1197 944/1399/1198 1025/1479/1199 1024/1478/1200
f 944/1399/1201 945/1400/1202 1026/1480/1203 1025/1479/1204
f 945/1400/1205 946/1401/1206 1027/1481/1207 1026/1480/1208
f 946/1401/1209 947/1402/1210 1028/1482/1211 1027/1481/1212
f 947/1402/1213 948/1403/1214 1029/1483/1215 1028/1482/1216
f 948/1403/1217 949/1404/1218 1030/1484/1219 1029/1483/1220
f 949/1404/1221 950/1405/1222 1031/1485/1223 1030/1484/1224
f 950/1405/1225 951/1406/1226 1032/1486/1227 1031/1485/1228
f 951/1406/1229 952/1407/1230 1033/1487/1231 1032/1486/1232
f 952/1407/1233 953/1408/1234 1034/1488/1235 1033/1487/1236
f 953/1408/1237 954/1409/1238 1035/1489/1239 1034/1488/1240
f 954/1409/1241 955/1410/1242 1036/1490/1243 1035/1489/1244
f 955/1410/1245 940/1395/1246 1020/1475/1247 1036/1490/1248
g default
v 1.080304 0.301912 -0.356548
v 0.918962 0.240902 -0.630972
v 0.667665 0.192485 -0.848757
v 0.351012 0.161398 -0.988583
v 0.000000 0.150687 -1.036764
v -0.351012 0.161398 -0.988583
v -0.667665 0.192485 -0.848757
v -0.918962 0.240902 -0.630972
v -1.080304 0.301912 -0.356548
v -1.135899 0.369542 -0.052346
v -1.080304 0.437172 0.251856
v -0.918961 0.498182 0.526280
v -0.667665 0.546600 0.744064
v -0.351012 0.577686 0.883890
v -0.000000 0.588398 0.932071
v 0.351012 0.577686 0.883890
v 0.667664 0.546600 0.744064
v 0.918961 0.498182 0.526280
v 1.080304 0.437172 0.251856
v 1.135899 0.369542 -0.052346
v 1.005664 0.494764 -0.380661
v 0.855469 0.437970 -0.636125
v 0.621535 0.392897 -0.838862
v 0.326760 0.363959 -0.969028
v -0.000000 0.353987 -1.013880
v -0.326760 0.363959 -0.969028
v -0.621535 0.392897 -0.838862
v -0.855469 0.437970 -0.636125
v -1.005664 0.494764 -0.380661
v -1.057418 0.557722 -0.097477
v -1.005664 0.620679 0.185707
v -0.855469 0.677473 0.441171
v -0.621534 0.722546 0.643908
v -0.326760 0.751484 0.774073
v -0.000000 0.761456 0.818925
v 0.326760 0.751484 0.774073
v 0.621534 0.722546 0.643908
v 0.855469 0.677473 0.441171
v 1.005664 0.620679 0.185707
v 1.057417 0.557722 -0.097477
v 0.000000 0.369542 -0.052346
v 0.000000 0.545310 -0.091423
vt 0.648603 0.107966
vt 0.626409 0.064408
vt 0.591842 0.029841
vt 0.548284 0.007647
vt 0.500000 -0.000000
vt 0.451716 0.007647
vt 0.408159 0.029841
vt 0.373591 0.064409
vt 0.351397 0.107966
vt 0.343750 0.156250
vt 0.351397 0.204534
vt 0.373591 0.248091
vt 0.408159 0.282659
vt 0.451716 0.304853
vt 0.500000 0.312500
vt 0.548284 0.304853
vt 0.591841 0.282659
vt 0.626409 0.248091
vt 0.648603 0.204534
vt 0.656250 0.156250
vt 0.375000 0.312500
vt 0.387500 0.312500
vt 0.400000 0.312500
vt 0.412500 0.312500
vt 0.425000 0.312500
vt 0.437500 0.312500
vt 0.450000 0.312500
vt 0.462500 0.312500
vt 0.475000 0.312500
vt 0.487500 0.312500
vt 0.500000 0.312500
vt 0.512500 0.312500
vt 0.525000 0.312500
vt 0.537500 0.312500
vt 0.550000 0.312500
vt 0.562500 0.312500
vt 0.575000 0.312500
vt 0.587500 0.312500
vt 0.600000 0.312500
vt 0.612500 0.312500
vt 0.625000 0.312500
vt 0.375000 0.687500
vt 0.387500 0.687500
vt 0.400000 0.687500
vt 0.412500 0.687500
vt 0.425000 0.687500
vt 0.437500 0.687500
vt 0.450000 0.687500
vt 0.462500 0.687500
vt 0.475000 0.687500
vt 0.487500 0.687500
vt 0.500000 0.687500
vt 0.512500 0.687500
vt 0.525000 0.687500
vt 0.537500 0.687500
vt 0.550000 0.687500
vt 0.562500 0.687500
vt 0.575000 0.687500
vt 0.587500 0.687500
vt 0.600000 0.687500
vt 0.612500 0.687500
vt 0.625000 0.687500
vt 0.648603 0.795466
vt 0.626409 0.751908
vt 0.591842 0.717341
vt 0.548284 0.695147
vt 0.500000 0.687500
vt 0.451716 0.695147
vt 0.408159 0.717341
vt 0.373591 0.751909
vt 0.351397 0.795466
vt 0.343750 0.843750
vt 0.351397 0.892034
vt 0.373591 0.935591
vt 0.408159 0.970159
vt 0.451716 0.992353
vt 0.500000 1.000000
vt 0.548284 0.992353
vt 0.591841 0.970159
vt 0.626409 0.935591
vt 0.648603 0.892034
vt 0.656250 0.843750
vt 0.500000 0.156250
vt 0.500000 0.843750
vn 0.873525 0.289117 -0.391619
vn 0.724097 0.216170 -0.654947
vn 0.723954 0.216119 -0.655121
vn 0.873430 0.289048 -0.391881
vn 0.510057 0.159134 -0.845292
vn 0.509927 0.159109 -0.845375
vn 0.261817 0.123750 -0.957151
vn 0.261742 0.123743 -0.957172
vn -0.000000 0.111856 -0.993724
vn -0.000000 0.111856 -0.993724
vn -0.261817 0.123750 -0.957151
vn -0.261742 0.123743 -0.957172
vn -0.510057 0.159134 -0.845292
vn -0.509927 0.159108 -0.845375
vn -0.724097 0.216170 -0.654946
vn -0.723954 0.216119 -0.655121
vn -0.873525 0.289116 -0.391619
vn -0.873430 0.289047 -0.391882
vn -0.926672 0.366946 -0.081421
vn -0.926674 0.366875 -0.081721
vn -0.869991 0.436513 0.229286
vn -0.870088 0.436458 0.229023
vn -0.718830 0.489083 0.494046
vn -0.718974 0.489050 0.493870
vn -0.505273 0.523149 0.686304
vn -0.505402 0.523135 0.686220
vn -0.259069 0.541507 0.799783
vn -0.259144 0.541504 0.799762
vn 0.000000 0.547225 0.836986
vn 0.000000 0.547225 0.836986
vn 0.259070 0.541507 0.799783
vn 0.259144 0.541503 0.799762
vn 0.505273 0.523149 0.686305
vn 0.505402 0.523135 0.686220
vn 0.718830 0.489083 0.494046
vn 0.718974 0.489050 0.493870
vn 0.869991 0.436514 0.229286
vn 0.870088 0.436458 0.229023
vn 0.926672 0.366947 -0.081420
vn 0.926674 0.366875 -0.081720
vn 0.000000 -0.976167 0.217021
vn 0.000000 -0.976167 0.217021
vn 0.000000 -0.976167 0.217021
vn 0.000000 -0.976167 0.217021
vn 0.000000 -0.976167 0.217021
vn 0.000000 -0.976167 0.217021
vn 0.000000 -0.976167 0.217021
vn 0.000000 -0.976167 0.217021
vn 0.000000 -0.976167 0.217021
vn 0.000000 -0.976167 0.217021
vn 0.000000 -0.976167 0.217021
vn 0.000000 -0.976167 0.217021
vn 0.000000 -0.976167 0.217021
vn 0.000000 -0.976167 0.217021
vn 0.000000 -0.976167 0.217021
vn 0.000000 -0.976167 0.217021
vn 0.000000 -0.976167 0.217021
vn 0.000000 -0.976167 0.217021
vn 0.000000 -0.976167 0.217021
vn 0.000000 -0.976167 0.217021
vn 0.000000 -0.976167 0.217021
vn -0.012063 0.977046 -0.212688
vn -0.010251 0.977903 -0.208808
vn -0.000000 0.976162 -0.217045
vn -0.007441 0.978580 -0.205734
vn -0.003910 0.979012 -0.203763
vn 0.000000 0.979161 -0.203084
vn 0.003910 0.979012 -0.203763
vn 0.007441 0.978580 -0.205734
vn 0.010251 0.977903 -0.208808
vn 0.012063 0.977046 -0.212688
vn 0.012699 0.976089 -0.216998
vn 0.012092 0.975127 -0.221318
vn 0.010297 0.974253 -0.225222
vn 0.007487 0.973556 -0.228326
vn 0.003938 0.973107 -0.230321
vn 0.000000 0.972952 -0.231009
vn -0.003938 0.973107 -0.230321
vn -0.007487 0.973556 -0.228326
vn -0.010297 0.974253 -0.225222
vn -0.012092 0.975127 -0.221318
vn -0.012699 0.976089 -0.216998
s 1
g group1 pCylinder7
usemtl initialShadingGroup
f 1037/1511/1249 1038/1512/1250 1058/1533/1251 1057/1532/1252
f 1038/1512/1250 1039/1513/1253 1059/1534/1254 1058/1533/1251
f 1039/1513/1253 1040/1514/1255 1060/1535/1256 1059/1534/1254
f 1040/1514/1255 1041/1515/1257 1061/1536/1258 1060/1535/1256
f 1041/1515/1257 1042/1516/1259 1062/1537/1260 1061/1536/1258
f 1042/1516/1259 1043/1517/1261 1063/1538/1262 1062/1537/1260
f 1043/1517/1261 1044/1518/1263 1064/1539/1264 1063/1538/1262
f 1044/1518/1263 1045/1519/1265 1065/1540/1266 1064/1539/1264
f 1045/1519/1265 1046/1520/1267 1066/1541/1268 1065/1540/1266
f 1046/1520/1267 1047/1521/1269 1067/1542/1270 1066/1541/1268
f 1047/1521/1269 1048/1522/1271 1068/1543/1272 1067/1542/1270
f 1048/1522/1271 1049/1523/1273 1069/1544/1274 1068/1543/1272
f 1049/1523/1273 1050/1524/1275 1070/1545/1276 1069/1544/1274
f 1050/1524/1275 1051/1525/1277 1071/1546/1278 1070/1545/1276
f 1051/1525/1277 1052/1526/1279 1072/1547/1280 1071/1546/1278
f 1052/1526/1279 1053/1527/1281 1073/1548/1282 1072/1547/1280
f 1053/1527/1281 1054/1528/1283 1074/1549/1284 1073/1548/1282
f 1054/1528/1283 1055/1529/1285 1075/1550/1286 1074/1549/1284
f 1055/1529/1285 1056/1530/1287 1076/1551/1288 1075/1550/1286
f 1056/1530/1287 1037/1531/1249 1057/1552/1252 1076/1551/1288
s 2
f 1038/1492/1289 1037/1491/1290 1077/1573/1291
f 1039/1493/1292 1038/1492/1289 1077/1573/1291
f 1040/1494/1293 1039/1493/1292 1077/1573/1291
f 1041/1495/1294 1040/1494/1293 1077/1573/1291
f 1042/1496/1295 1041/1495/1294 1077/1573/1291
f 1043/1497/1296 1042/1496/1295 1077/1573/1291
f 1044/1498/1297 1043/1497/1296 1077/1573/1291
f 1045/1499/1298 1044/1498/1297 1077/1573/1291
f 1046/1500/1299 1045/1499/1298 1077/1573/1291
f 1047/1501/1300 1046/1500/1299 1077/1573/1291
f 1048/1502/1301 1047/1501/1300 1077/1573/1291
f 1049/1503/1302 1048/1502/1301 1077/1573/1291
f 1050/1504/1303 1049/1503/1302 1077/1573/1291
f 1051/1505/1304 1050/1504/1303 1077/1573/1291
f 1052/1506/1305 1051/1505/1304 1077/1573/1291
f 1053/1507/1306 1052/1506/1305 1077/1573/1291
f 1054/1508/1307 1053/1507/1306 1077/1573/1291
f 1055/1509/1308 1054/1508/1307 1077/1573/1291
f 1056/1510/1309 1055/1509/1308 1077/1573/1291
f 1037/1491/1290 1056/1510/1309 1077/1573/1291
s 3
f 1057/1571/1310 1058/1570/1311 1078/1574/1312
f 1058/1570/1311 1059/1569/1313 1078/1574/1312
f 1059/1569/1313 1060/1568/1314 1078/1574/1312
f 1060/1568/1314 1061/1567/1315 1078/1574/1312
f 1061/1567/1315 1062/1566/1316 1078/1574/1312
f 1062/1566/1316 1063/1565/1317 1078/1574/1312
f 1063/1565/1317 1064/1564/1318 1078/1574/1312
f 1064/1564/1318 1065/1563/1319 1078/1574/1312
f 1065/1563/1319 1066/1562/1320 1078/1574/1312
f 1066/1562/1320 1067/1561/1321 1078/1574/1312
f 1067/1561/1321 1068/1560/1322 1078/1574/1312
f 1068/1560/1322 1069/1559/1323 1078/1574/1312
f 1069/1559/1323 1070/1558/1324 1078/1574/1312
f 1070/1558/1324 1071/1557/1325 1078/1574/1312
f 1071/1557/1325 1072/1556/1326 1078/1574/1312
f 1072/1556/1326 1073/1555/1327 1078/1574/1312
f 1073/1555/1327 1074/1554/1328 1078/1574/1312
f 1074/1554/1328 1075/1553/1329 1078/1574/1312
f 1075/1553/1329 1076/1572/1330 1078/1574/1312
f 1076/1572/1330 1057/1571/1310 1078/1574/1312
g default
v 0.088206 -0.182932 1.525028
v 0.071084 -0.175626 1.520513
v 0.054398 -0.173547 1.529689
v 0.047923 -0.177913 1.547180
v 0.055452 -0.186166 1.562741
v 0.072574 -0.193472 1.567256
v 0.089260 -0.195551 1.558080
v 0.095735 -0.191185 1.540589
v 0.104734 -0.173518 1.512028
v 0.073097 -0.160019 1.503686
v 0.042266 -0.156177 1.520641
v 0.030301 -0.164244 1.552961
v 0.044213 -0.179494 1.581713
v 0.075850 -0.192994 1.590055
v 0.106681 -0.196836 1.573100
v 0.118646 -0.188769 1.540781
v 0.117969 -0.160566 1.505816
v 0.076632 -0.142928 1.494917
v 0.036349 -0.137909 1.517069
v 0.020717 -0.148449 1.559297
v 0.038893 -0.168374 1.596863
v 0.080230 -0.186013 1.607763
v 0.120513 -0.191032 1.585611
v 0.136145 -0.180492 1.543383
v 0.125894 -0.146047 1.507337
v 0.081152 -0.126955 1.495540
v 0.037550 -0.121523 1.519517
v 0.020630 -0.132932 1.565224
v 0.040303 -0.154498 1.605886
v 0.085046 -0.173590 1.617684
v 0.128648 -0.179023 1.593706
v 0.145568 -0.167614 1.547999
v 0.127305 -0.132171 1.516360
v 0.085968 -0.114533 1.505461
v 0.045685 -0.109514 1.527613
v 0.030053 -0.120054 1.569840
v 0.048229 -0.139979 1.607407
v 0.089566 -0.157618 1.618307
v 0.129849 -0.162637 1.596154
v 0.145481 -0.152096 1.553927
v 0.121985 -0.121051 1.531511
v 0.090348 -0.107551 1.523168
v 0.059516 -0.103710 1.540123
v 0.047552 -0.111777 1.572443
v 0.061463 -0.127027 1.601195
v 0.093101 -0.140527 1.609537
v 0.123932 -0.144368 1.592582
v 0.135896 -0.136301 1.560263
v 0.110746 -0.114380 1.550483
v 0.093623 -0.107074 1.545968
v 0.076938 -0.104995 1.555144
v 0.070463 -0.109361 1.572635
v 0.077991 -0.117614 1.588195
v 0.095114 -0.124920 1.592710
v 0.111799 -0.126999 1.583534
v 0.118274 -0.122633 1.566043
v 0.070901 -0.187373 1.542836
v 0.095297 -0.113173 1.570388
vt 0.000000 0.125000
vt 0.125000 0.125000
vt 0.250000 0.125000
vt 0.375000 0.125000
vt 0.500000 0.125000
vt 0.625000 0.125000
vt 0.750000 0.125000
vt 0.875000 0.125000
vt 1.000000 0.125000
vt 0.000000 0.250000
vt 0.125000 0.250000
vt 0.250000 0.250000
vt 0.375000 0.250000
vt 0.500000 0.250000
vt 0.625000 0.250000
vt 0.750000 0.250000
vt 0.875000 0.250000
vt 1.000000 0.250000
vt 0.000000 0.375000
vt 0.125000 0.375000
vt 0.250000 0.375000
vt 0.375000 0.375000
vt 0.500000 0.375000
vt 0.625000 0.375000
vt 0.750000 0.375000
vt 0.875000 0.375000
vt 1.000000 0.375000
vt 0.000000 0.500000
vt 0.125000 0.500000
vt 0.250000 0.500000
vt 0.375000 0.500000
vt 0.500000 0.500000
vt 0.625000 0.500000
vt 0.750000 0.500000
vt 0.875000 0.500000
vt 1.000000 0.500000
vt 0.000000 0.625000
vt 0.125000 0.625000
vt 0.250000 0.625000
vt 0.375000 0.625000
vt 0.500000 0.625000
vt 0.625000 0.625000
vt 0.750000 0.625000
vt 0.875000 0.625000
vt 1.000000 0.625000
vt 0.000000 0.750000
vt 0.125000 0.750000
vt 0.250000 0.750000
vt 0.375000 0.750000
vt 0.500000 0.750000
vt 0.625000 0.750000
vt 0.750000 0.750000
vt 0.875000 0.750000
vt 1.000000 0.750000
vt 0.000000 0.875000
vt 0.125000 0.875000
vt 0.250000 0.875000
vt 0.375000 0.875000
vt 0.500000 0.875000
vt 0.625000 0.875000
vt 0.750000 0.875000
vt 0.875000 0.875000
vt 1.000000 0.875000
vt 0.062500 0.000000
vt 0.187500 0.000000
vt 0.312500 0.000000
vt 0.437500 0.000000
vt 0.562500 0.000000
vt 0.687500 0.000000
vt 0.812500 0.000000
vt 0.937500 0.000000
vt 0.062500 1.000000
vt 0.187500 1.000000
vt 0.312500 1.000000
vt 0.437500 1.000000
vt 0.562500 1.000000
vt 0.687500 1.000000
vt 0.812500 1.000000
vt 0.937500 1.000000
vn -0.054287 -0.820408 -0.569195
vn -0.287103 -0.721065 -0.630584
vn -0.255271 -0.512342 -0.819965
vn 0.148791 -0.684756 -0.713422
vn -0.513985 -0.692797 -0.505818
vn -0.649035 -0.463281 -0.603428
vn -0.602028 -0.752162 -0.267984
vn -0.801837 -0.566311 -0.190656
vn -0.499657 -0.864385 -0.056401
vn -0.624169 -0.761079 0.176555
vn -0.266841 -0.963728 0.004987
vn -0.220106 -0.933493 0.283098
vn -0.039959 -0.991996 -0.119778
vn 0.173657 -0.982554 0.066561
vn 0.048083 -0.932631 -0.357613
vn 0.326460 -0.879524 -0.346211
vn -0.175292 -0.148065 -0.973319
vn 0.413963 -0.399500 -0.817945
vn -0.749526 -0.076518 -0.657538
vn -0.972361 -0.226770 -0.055582
vn -0.713263 -0.510805 0.479931
vn -0.124009 -0.762240 0.635305
vn 0.450226 -0.833788 0.319523
vn 0.673061 -0.683536 -0.282432
vn -0.029770 0.356530 -0.933809
vn 0.654357 0.064613 -0.753420
vn -0.696459 0.439597 -0.567186
vn -0.955171 0.265153 0.131687
vn -0.654358 -0.064613 0.753420
vn 0.029770 -0.356530 0.933810
vn 0.696459 -0.439597 0.567186
vn 0.955171 -0.265153 -0.131687
vn 0.124008 0.762240 -0.635305
vn 0.713263 0.510805 -0.479931
vn -0.450226 0.833787 -0.319524
vn -0.673061 0.683536 0.282432
vn -0.413963 0.399500 0.817945
vn 0.175292 0.148066 0.973319
vn 0.749526 0.076518 0.657538
vn 0.972361 0.226770 0.055582
vn 0.220106 0.933493 -0.283098
vn 0.624169 0.761079 -0.176555
vn -0.173657 0.982554 -0.066561
vn -0.326459 0.879524 0.346211
vn -0.148791 0.684756 0.713422
vn 0.255271 0.512342 0.819965
vn 0.649034 0.463281 0.603428
vn 0.801837 0.566311 0.190656
vn 0.266841 0.963728 -0.004988
vn 0.499657 0.864385 0.056401
vn 0.039959 0.991996 0.119779
vn -0.048083 0.932631 0.357613
vn 0.054287 0.820408 0.569195
vn 0.287103 0.721065 0.630584
vn 0.513985 0.692797 0.505818
vn 0.602028 0.752162 0.267984
vn -0.294553 -0.895868 -0.332653
vn 0.294553 0.895868 0.332653
s 1
g group1 pSphere10
usemtl initialShadingGroup
f 1079/1575/1331 1080/1576/1332 1088/1585/1333 1087/1584/1334
f 1080/1576/1332 1081/1577/1335 1089/1586/1336 1088/1585/1333
f 1081/1577/1335 1082/1578/1337 1090/1587/1338 1089/1586/1336
f 1082/1578/1337 1083/1579/1339 1091/1588/1340 1090/1587/1338
f 1083/1579/1339 1084/1580/1341 1092/1589/1342 1091/1588/1340
f 1084/1580/1341 1085/1581/1343 1093/1590/1344 1092/1589/1342
f 1085/1581/1343 1086/1582/1345 1094/1591/1346 1093/1590/1344
f 1086/1582/1345 1079/1583/1331 1087/1592/1334 1094/1591/1346
f 1087/1584/1334 1088/1585/1333 1096/1594/1347 1095/1593/1348
f 1088/1585/1333 1089/1586/1336 1097/1595/1349 1096/1594/1347
f 1089/1586/1336 1090/1587/1338 1098/1596/1350 1097/1595/1349
f 1090/1587/1338 1091/1588/1340 1099/1597/1351 1098/1596/1350
f 1091/1588/1340 1092/1589/1342 1100/1598/1352 1099/1597/1351
f 1092/1589/1342 1093/1590/1344 1101/1599/1353 1100/1598/1352
f 1093/1590/1344 1094/1591/1346 1102/1600/1354 1101/1599/1353
f 1094/1591/1346 1087/1592/1334 1095/1601/1348 1102/1600/1354
f 1095/1593/1348 1096/1594/1347 1104/1603/1355 1103/1602/1356
f 1096/1594/1347 1097/1595/1349 1105/1604/1357 1104/1603/1355
f 1097/1595/1349 1098/1596/1350 1106/1605/1358 1105/1604/1357
f 1098/1596/1350 1099/1597/1351 1107/1606/1359 1106/1605/1358
f 1099/1597/1351 1100/1598/1352 1108/1607/1360 1107/1606/1359
f 1100/1598/1352 1101/1599/1353 1109/1608/1361 1108/1607/1360
f 1101/1599/1353 1102/1600/1354 1110/1609/1362 1109/1608/1361
f 1102/1600/1354 1095/1601/1348 1103/1610/1356 1110/1609/1362
f 1103/1602/1356 1104/1603/1355 1112/1612/1363 1111/1611/1364
f 1104/1603/1355 1105/1604/1357 1113/1613/1365 1112/1612/1363
f 1105/1604/1357 1106/1605/1358 1114/1614/1366 1113/1613/1365
f 1106/1605/1358 1107/1606/1359 1115/1615/1367 1114/1614/1366
f 1107/1606/1359 1108/1607/1360 1116/1616/1368 1115/1615/1367
f 1108/1607/1360 1109/1608/1361 1117/1617/1369 1116/1616/1368
f 1109/1608/1361 1110/1609/1362 1118/1618/1370 1117/1617/1369
f 1110/1609/1362 1103/1610/1356 1111/1619/1364 1118/1618/1370
f 1111/1611/1364 1112/1612/1363 1120/1621/1371 1119/1620/1372
f 1112/1612/1363 1113/1613/1365 1121/1622/1373 1120/1621/1371
f 1113/1613/1365 1114/1614/1366 1122/1623/1374 1121/1622/1373
f 1114/1614/1366 1115/1615/1367 1123/1624/1375 1122/1623/1374
f 1115/1615/1367 1116/1616/1368 1124/1625/1376 1123/1624/1375
f 1116/1616/1368 1117/1617/1369 1125/1626/1377 1124/1625/1376
f 1117/1617/1369 1118/1618/1370 1126/1627/1378 1125/1626/1377
f 1118/1618/1370 1111/1619/1364 1119/1628/1372 1126/1627/1378
f 1119/1620/1372 1120/1621/1371 1128/1630/1379 1127/1629/1380
f 1120/1621/1371 1121/1622/1373 1129/1631/1381 1128/1630/1379
f 1121/1622/1373 1122/1623/1374 1130/1632/1382 1129/1631/1381
f 1122/1623/1374 1123/1624/1375 1131/1633/1383 1130/1632/1382
f 1123/1624/1375 1124/1625/1376 1132/1634/1384 1131/1633/1383
f 1124/1625/1376 1125/1626/1377 1133/1635/1385 1132/1634/1384
f 1125/1626/1377 1126/1627/1378 1134/1636/1386 1133/1635/1385
f 1126/1627/1378 1119/1628/1372 1127/1637/1380 1134/1636/1386
f 1080/1576/1332 1079/1575/1331 1135/1638/1387
f 1081/1577/1335 1080/1576/1332 1135/1639/1387
f 1082/1578/1337 1081/1577/1335 1135/1640/1387
f 1083/1579/1339 1082/1578/1337 1135/1641/1387
f 1084/1580/1341 1083/1579/1339 1135/1642/1387
f 1085/1581/1343 1084/1580/1341 1135/1643/1387
f 1086/1582/1345 1085/1581/1343 1135/1644/1387
f 1079/1583/1331 1086/1582/1345 1135/1645/1387
f 1127/1629/1380 1128/1630/1379 1136/1646/1388
f 1128/1630/1379 1129/1631/1381 1136/1647/1388
f 1129/1631/1381 1130/1632/1382 1136/1648/1388
f 1130/1632/1382 1131/1633/1383 1136/1649/1388
f 1131/1633/1383 1132/1634/1384 1136/1650/1388
f 1132/1634/1384 1133/1635/1385 1136/1651/1388
f 1133/1635/1385 1134/1636/1386 1136/1652/1388
f 1134/1636/1386 1127/1637/1380 1136/1653/1388
g default
v 0.139786 -0.311174 1.682069
v 0.116794 -0.296894 1.673044
v 0.091757 -0.289588 1.684610
v 0.079341 -0.293535 1.709993
v 0.086820 -0.306424 1.734323
v 0.109812 -0.320704 1.743348
v 0.134849 -0.328010 1.731782
v 0.147264 -0.324063 1.706399
v 0.167605 -0.301761 1.664322
v 0.125122 -0.275375 1.647646
v 0.078859 -0.261875 1.669018
v 0.055919 -0.269169 1.715919
v 0.069738 -0.292984 1.760875
v 0.112221 -0.319370 1.777552
v 0.158484 -0.332870 1.756180
v 0.181424 -0.325576 1.709279
v 0.190641 -0.286005 1.656112
v 0.135134 -0.251530 1.634323
v 0.074689 -0.233891 1.662247
v 0.044716 -0.243421 1.723526
v 0.062771 -0.274537 1.782265
v 0.118279 -0.309012 1.804054
v 0.178723 -0.326651 1.776130
v 0.208697 -0.317121 1.714850
v 0.205387 -0.266305 1.658688
v 0.145305 -0.228990 1.635104
v 0.079881 -0.209898 1.665328
v 0.047438 -0.220213 1.731657
v 0.066981 -0.253893 1.795234
v 0.127062 -0.291208 1.818819
v 0.192486 -0.310300 1.788594
v 0.224930 -0.299985 1.722266
v 0.209596 -0.245660 1.671658
v 0.154089 -0.211185 1.649869
v 0.093644 -0.193547 1.677793
v 0.063671 -0.203077 1.739072
v 0.081726 -0.234193 1.797810
v 0.137234 -0.268668 1.819599
v 0.197678 -0.286306 1.791676
v 0.227652 -0.276776 1.730396
v 0.202630 -0.227214 1.693047
v 0.160146 -0.200828 1.676371
v 0.113884 -0.187328 1.697743
v 0.090943 -0.194622 1.744644
v 0.104762 -0.218437 1.789600
v 0.147246 -0.244823 1.806277
v 0.193508 -0.258323 1.784905
v 0.216449 -0.251029 1.738004
v 0.185547 -0.213773 1.719600
v 0.162555 -0.199493 1.710574
v 0.137518 -0.192187 1.722141
v 0.125103 -0.196135 1.747524
v 0.132582 -0.209024 1.771854
v 0.155574 -0.223304 1.780879
v 0.180611 -0.230610 1.769313
v 0.193026 -0.226662 1.743930
v 0.111418 -0.312812 1.706650
v 0.160950 -0.207386 1.747273
vt 0.000000 0.125000
vt 0.125000 0.125000
vt 0.250000 0.125000
vt 0.375000 0.125000
vt 0.500000 0.125000
vt 0.625000 0.125000
vt 0.750000 0.125000
vt 0.875000 0.125000
vt 1.000000 0.125000
vt 0.000000 0.250000
vt 0.125000 0.250000
vt 0.250000 0.250000
vt 0.375000 0.250000
vt 0.500000 0.250000
vt 0.625000 0.250000
vt 0.750000 0.250000
vt 0.875000 0.250000
vt 1.000000 0.250000
vt 0.000000 0.375000
vt 0.125000 0.375000
vt 0.250000 0.375000
vt 0.375000 0.375000
vt 0.500000 0.375000
vt 0.625000 0.375000
vt 0.750000 0.375000
vt 0.875000 0.375000
vt 1.000000 0.375000
vt 0.000000 0.500000
vt 0.125000 0.500000
vt 0.250000 0.500000
vt 0.375000 0.500000
vt 0.500000 0.500000
vt 0.625000 0.500000
vt 0.750000 0.500000
vt 0.875000 0.500000
vt 1.000000 0.500000
vt 0.000000 0.625000
vt 0.125000 0.625000
vt 0.250000 0.625000
vt 0.375000 0.625000
vt 0.500000 0.625000
vt 0.625000 0.625000
vt 0.750000 0.625000
vt 0.875000 0.625000
vt 1.000000 0.625000
vt 0.000000 0.750000
vt 0.125000 0.750000
vt 0.250000 0.750000
vt 0.375000 0.750000
vt 0.500000 0.750000
vt 0.625000 0.750000
vt 0.750000 0.750000
vt 0.875000 0.750000
vt 1.000000 0.750000
vt 0.000000 0.875000
vt 0.125000 0.875000
vt 0.250000 0.875000
vt 0.375000 0.875000
vt 0.500000 0.875000
vt 0.625000 0.875000
vt 0.750000 0.875000
vt 0.875000 0.875000
vt 1.000000 0.875000
vt 0.062500 0.000000
vt 0.187500 0.000000
vt 0.312500 0.000000
vt 0.437500 0.000000
vt 0.562500 0.000000
vt 0.687500 0.000000
vt 0.812500 0.000000
vt 0.937500 0.000000
vt 0.062500 1.000000
vt 0.187500 1.000000
vt 0.312500 1.000000
vt 0.437500 1.000000
vt 0.562500 1.000000
vt 0.687500 1.000000
vt 0.812500 1.000000
vt 0.937500 1.000000
vn -0.135785 -0.825276 -0.548163
vn -0.345684 -0.694911 -0.630556
vn -0.268695 -0.500994 -0.822683
vn 0.095593 -0.727248 -0.679686
vn -0.574250 -0.628211 -0.524964
vn -0.665381 -0.385235 -0.639424
vn -0.687593 -0.664249 -0.293241
vn -0.862092 -0.447778 -0.237258
vn -0.619317 -0.781912 -0.071127
vn -0.743598 -0.651989 0.148231
vn -0.409419 -0.912277 0.011266
vn -0.379310 -0.878242 0.291229
vn -0.180853 -0.978976 -0.094326
vn 0.017376 -0.994002 0.107969
vn -0.067510 -0.942939 -0.326049
vn 0.214088 -0.931458 -0.294197
vn -0.123337 -0.159112 -0.979526
vn 0.407913 -0.489063 -0.770989
vn -0.701835 0.009703 -0.712274
vn -0.988704 -0.081506 -0.125785
vn -0.815900 -0.379312 0.436383
vn -0.284650 -0.709263 0.644919
vn 0.293847 -0.878078 0.377667
vn 0.580716 -0.786869 -0.208821
vn 0.093643 0.319363 -0.942994
vn 0.710426 -0.063711 -0.700882
vn -0.577995 0.515359 -0.632713
vn -0.911052 0.409464 0.048202
vn -0.710426 0.063711 0.700882
vn -0.093643 -0.319363 0.942994
vn 0.577995 -0.515359 0.632713
vn 0.911052 -0.409464 -0.048203
vn 0.284650 0.709263 -0.644919
vn 0.815900 0.379312 -0.436383
vn -0.293847 0.878078 -0.377667
vn -0.580716 0.786869 0.208821
vn -0.407913 0.489063 0.770989
vn 0.123337 0.159113 0.979526
vn 0.701835 -0.009703 0.712274
vn 0.988704 0.081506 0.125785
vn 0.379310 0.878242 -0.291229
vn 0.743598 0.651989 -0.148231
vn -0.017376 0.994002 -0.107969
vn -0.214088 0.931458 0.294197
vn -0.095593 0.727248 0.679686
vn 0.268695 0.500995 0.822683
vn 0.665381 0.385235 0.639424
vn 0.862092 0.447778 0.237258
vn 0.409419 0.912277 -0.011267
vn 0.619317 0.781912 0.071127
vn 0.180853 0.978976 0.094326
vn 0.067510 0.942939 0.326049
vn 0.135785 0.825276 0.548163
vn 0.345684 0.694911 0.630556
vn 0.574250 0.628211 0.524964
vn 0.687593 0.664249 0.293241
vn -0.401517 -0.854603 -0.329300
vn 0.401517 0.854603 0.329300
s 1
g group1 pSphere9
usemtl initialShadingGroup
f 1137/1654/1389 1138/1655/1390 1146/1664/1391 1145/1663/1392
f 1138/1655/1390 1139/1656/1393 1147/1665/1394 1146/1664/1391
f 1139/1656/1393 1140/1657/1395 1148/1666/1396 1147/1665/1394
f 1140/1657/1395 1141/1658/1397 1149/1667/1398 1148/1666/1396
f 1141/1658/1397 1142/1659/1399 1150/1668/1400 1149/1667/1398
f 1142/1659/1399 1143/1660/1401 1151/1669/1402 1150/1668/1400
f 1143/1660/1401 1144/1661/1403 1152/1670/1404 1151/1669/1402
f 1144/1661/1403 1137/1662/1389 1145/1671/1392 1152/1670/1404
f 1145/1663/1392 1146/1664/1391 1154/1673/1405 1153/1672/1406
f 1146/1664/1391 1147/1665/1394 1155/1674/1407 1154/1673/1405
f 1147/1665/1394 1148/1666/1396 1156/1675/1408 1155/1674/1407
f 1148/1666/1396 1149/1667/1398 1157/1676/1409 1156/1675/1408
f 1149/1667/1398 1150/1668/1400 1158/1677/1410 1157/1676/1409
f 1150/1668/1400 1151/1669/1402 1159/1678/1411 1158/1677/1410
f 1151/1669/1402 1152/1670/1404 1160/1679/1412 1159/1678/1411
f 1152/1670/1404 1145/1671/1392 1153/1680/1406 1160/1679/1412
f 1153/1672/1406 1154/1673/1405 1162/1682/1413 1161/1681/1414
f 1154/1673/1405 1155/1674/1407 1163/1683/1415 1162/1682/1413
f 1155/1674/1407 1156/1675/1408 1164/1684/1416 1163/1683/1415
f 1156/1675/1408 1157/1676/1409 1165/1685/1417 1164/1684/1416
f 1157/1676/1409 1158/1677/1410 1166/1686/1418 1165/1685/1417
f 1158/1677/1410 1159/1678/1411 1167/1687/1419 1166/1686/1418
f 1159/1678/1411 1160/1679/1412 1168/1688/1420 1167/1687/1419
f 1160/1679/1412 1153/1680/1406 1161/1689/1414 1168/1688/1420
f 1161/1681/1414 1162/1682/1413 1170/1691/1421 1169/1690/1422
f 1162/1682/1413 1163/1683/1415 1171/1692/1423 1170/1691/1421
f 1163/1683/1415 1164/1684/1416 1172/1693/1424 1171/1692/1423
f 1164/1684/1416 1165/1685/1417 1173/1694/1425 1172/1693/1424
f 1165/1685/1417 1166/1686/1418 1174/1695/1426 1173/1694/1425
f 1166/1686/1418 1167/1687/1419 1175/1696/1427 1174/1695/1426
f 1167/1687/1419 1168/1688/1420 1176/1697/1428 1175/1696/1427
f 1168/1688/1420 1161/1689/1414 1169/1698/1422 1176/1697/1428
f 1169/1690/1422 1170/1691/1421 1178/1700/1429 1177/1699/1430
f 1170/1691/1421 1171/1692/1423 1179/1701/1431 1178/1700/1429
f 1171/1692/1423 1172/1693/1424 1180/1702/1432 1179/1701/1431
f 1172/1693/1424 1173/1694/1425 1181/1703/1433 1180/1702/1432
f 1173/1694/1425 1174/1695/1426 1182/1704/1434 1181/1703/1433
f 1174/1695/1426 1175/1696/1427 1183/1705/1435 1182/1704/1434
f 1175/1696/1427 1176/1697/1428 1184/1706/1436 1183/1705/1435
f 1176/1697/1428 1169/1698/1422 1177/1707/1430 1184/1706/1436
f 1177/1699/1430 1178/1700/1429 1186/1709/1437 1185/1708/1438
f 1178/1700/1429 1179/1701/1431 1187/1710/1439 1186/1709/1437
f 1179/1701/1431 1180/1702/1432 1188/1711/1440 1187/1710/1439
f 1180/1702/1432 1181/1703/1433 1189/1712/1441 1188/1711/1440
f 1181/1703/1433 1182/1704/1434 1190/1713/1442 1189/1712/1441
f 1182/1704/1434 1183/1705/1435 1191/1714/1443 1190/1713/1442
f 1183/1705/1435 1184/1706/1436 1192/1715/1444 1191/1714/1443
f 1184/1706/1436 1177/1707/1430 1185/1716/1438 1192/1715/1444
f 1138/1655/1390 1137/1654/1389 1193/1717/1445
f 1139/1656/1393 1138/1655/1390 1193/1718/1445
f 1140/1657/1395 1139/1656/1393 1193/1719/1445
f 1141/1658/1397 1140/1657/1395 1193/1720/1445
f 1142/1659/1399 1141/1658/1397 1193/1721/1445
f 1143/1660/1401 1142/1659/1399 1193/1722/1445
f 1144/1661/1403 1143/1660/1401 1193/1723/1445
f 1137/1662/1389 1144/1661/1403 1193/1724/1445
f 1185/1708/1438 1186/1709/1437 1194/1725/1446
f 1186/1709/1437 1187/1710/1439 1194/1726/1446
f 1187/1710/1439 1188/1711/1440 1194/1727/1446
f 1188/1711/1440 1189/1712/1441 1194/1728/1446
f 1189/1712/1441 1190/1713/1442 1194/1729/1446
f 1190/1713/1442 1191/1714/1443 1194/1730/1446
f 1191/1714/1443 1192/1715/1444 1194/1731/1446
f 1192/1715/1444 1185/1716/1438 1194/1732/1446
g default
v -0.183340 -2.075682 0.969544
v 0.183340 -2.075682 0.969544
v -0.183340 -1.770331 0.930255
v 0.183340 -1.770331 0.930255
v -0.183340 -1.779123 0.861931
v 0.183340 -1.779123 0.861931
v -0.183340 -2.084473 0.901220
v 0.183340 -2.084473 0.901220
v -0.173463 -2.066446 0.976340
v 0.173463 -2.066446 0.976340
v 0.173463 -1.777546 0.939167
v -0.173463 -1.777546 0.939167
v -0.173463 -1.788359 0.855135
v 0.173463 -1.788359 0.855135
v 0.173463 -2.077259 0.892308
v -0.173463 -2.077259 0.892308
v -0.144838 -2.027835 0.971372
v 0.144838 -2.027835 0.971372
v 0.144838 -1.816158 0.944135
v -0.144838 -1.816158 0.944135
v -0.144838 -1.826970 0.860103
v 0.144838 -1.826970 0.860103
v 0.144838 -2.038647 0.887339
v -0.144838 -2.038647 0.887339
v 0.196892 -2.069515 0.899296
v 0.196892 -2.060724 0.967620
v 0.196892 -1.794081 0.863856
v 0.196892 -1.785290 0.932180
v 0.186285 -1.791699 0.940988
v 0.186285 -2.052294 0.974519
v 0.186285 -2.063107 0.890487
v 0.186285 -1.802511 0.856956
v -0.196892 -2.069515 0.899296
v -0.196892 -2.060724 0.967620
v -0.196892 -1.785290 0.932180
v -0.196892 -1.794081 0.863856
v -0.186285 -2.052294 0.974519
v -0.186285 -1.791699 0.940988
v -0.186285 -1.802511 0.856956
v -0.186285 -2.063107 0.890487
v 0.206452 -2.043844 0.901093
v 0.206452 -2.036344 0.959382
v 0.206452 -1.818461 0.872094
v 0.206452 -1.810961 0.930382
v 0.195330 -1.816170 0.937864
v 0.195330 -2.029411 0.965301
v 0.195330 -2.038635 0.893612
v 0.195330 -1.825394 0.866174
v -0.206452 -2.043844 0.901093
v -0.206452 -2.036344 0.959382
v -0.206452 -1.810961 0.930382
v -0.206452 -1.818461 0.872094
v -0.195330 -2.029411 0.965301
v -0.195330 -1.816170 0.937864
v -0.195330 -1.825394 0.866174
v -0.195330 -2.038635 0.893612
v 0.135346 -2.021253 0.967726
v 0.135346 -1.823448 0.942274
v 0.135346 -1.833552 0.863749
v 0.135346 -2.031357 0.889200
v -0.135346 -2.021253 0.967726
v -0.135346 -2.031357 0.889200
v -0.135346 -1.823448 0.942274
v -0.135346 -1.833552 0.863749
vt 0.375000 0.000000
vt 0.625000 0.000000
vt 0.375000 0.250000
vt 0.625000 0.250000
vt 0.375000 0.500000
vt 0.625000 0.500000
vt 0.375000 0.750000
vt 0.625000 0.750000
vt 0.375000 1.000000
vt 0.625000 1.000000
vt 0.875000 0.000000
vt 0.875000 0.250000
vt 0.125000 0.000000
vt 0.125000 0.250000
vt 0.375000 0.000000
vt 0.625000 0.000000
vt 0.625000 0.250000
vt 0.375000 0.250000
vt 0.375000 0.500000
vt 0.625000 0.500000
vt 0.625000 0.750000
vt 0.375000 0.750000
vt 0.375000 0.000000
vt 0.625000 0.000000
vt 0.625000 0.250000
vt 0.375000 0.250000
vt 0.375000 0.500000
vt 0.625000 0.500000
vt 0.625000 0.750000
vt 0.375000 0.750000
vt 0.625000 0.000000
vt 0.875000 0.000000
vt 0.875000 0.250000
vt 0.625000 0.250000
vt 0.125000 0.000000
vt 0.375000 0.000000
vt 0.375000 0.250000
vt 0.125000 0.250000
vt 0.625000 0.250000
vt 0.625000 0.000000
vt 0.375000 0.000000
vt 0.375000 0.250000
vt 0.625000 0.750000
vt 0.625000 0.750000
vt 0.625000 0.500000
vt 0.625000 0.500000
vt 0.375000 0.500000
vt 0.375000 0.500000
vt 0.375000 0.750000
vt 0.375000 0.750000
vt 0.625000 0.000000
vt 0.875000 0.000000
vt 0.875000 0.250000
vt 0.625000 0.250000
vt 0.125000 0.000000
vt 0.375000 0.000000
vt 0.375000 0.250000
vt 0.125000 0.250000
vt 0.625000 0.250000
vt 0.625000 0.000000
vt 0.375000 0.000000
vt 0.375000 0.250000
vt 0.625000 0.750000
vt 0.625000 0.750000
vt 0.625000 0.500000
vt 0.625000 0.500000
vt 0.375000 0.500000
vt 0.375000 0.500000
vt 0.375000 0.750000
vt 0.375000 0.750000
vt 0.625000 0.000000
vt 0.625000 0.250000
vt 0.625000 0.500000
vt 0.625000 0.750000
vt 0.375000 0.000000
vt 0.375000 0.750000
vt 0.375000 0.250000
vt 0.375000 0.500000
vn -0.039739 0.998762 -0.029917
vn 0.039739 0.998762 -0.029917
vn 0.039738 0.973803 -0.223893
vn -0.039738 0.973803 -0.223893
vn -0.039738 -0.998762 0.029916
vn 0.039738 -0.998762 0.029916
vn 0.039737 -0.973803 0.223893
vn -0.039737 -0.973803 0.223893
vn 0.989277 -0.033565 0.142140
vn 0.989277 -0.068454 -0.129014
vn 0.989277 0.033565 -0.142140
vn 0.989277 0.068454 0.129013
vn -0.989277 -0.068454 -0.129014
vn -0.989277 -0.033564 0.142140
vn -0.989277 0.068454 0.129013
vn -0.989277 0.033565 -0.142140
vn 0.007616 -0.078823 0.996860
vn -0.007616 -0.078823 0.996860
vn 0.545560 0.108260 0.831050
vn 0.545560 0.105643 0.831387
vn -0.007616 0.328602 0.944438
vn 0.007616 0.328602 0.944438
vn -0.545560 0.105643 0.831387
vn -0.545560 0.108260 0.831050
vn 0.007617 0.078828 -0.996859
vn -0.007617 0.078828 -0.996859
vn 0.545567 -0.108261 -0.831045
vn 0.545567 -0.105642 -0.831382
vn -0.007617 -0.328615 -0.944433
vn 0.007617 -0.328615 -0.944433
vn -0.545567 -0.105642 -0.831382
vn -0.545567 -0.108261 -0.831045
vn -0.013006 0.145095 0.989332
vn 0.013006 0.145095 0.989332
vn -0.013006 0.110078 0.993838
vn 0.013006 0.110078 0.993838
vn -0.013005 -0.145098 -0.989332
vn 0.013005 -0.145098 -0.989332
vn -0.013005 -0.110083 -0.993837
vn 0.013005 -0.110083 -0.993837
vn 0.832251 -0.521803 -0.187297
vn 0.832251 -0.457395 0.313285
vn 0.832250 0.521800 0.187307
vn 0.832253 0.457393 -0.313284
vn 0.142141 0.140194 0.979868
vn 0.142142 0.112422 0.983441
vn 0.142146 -0.140196 -0.979867
vn 0.142148 -0.112422 -0.983441
vn -0.832251 -0.457395 0.313285
vn -0.832251 -0.521803 -0.187297
vn -0.832253 0.457393 -0.313284
vn -0.832250 0.521800 0.187307
vn -0.142142 0.112422 0.983441
vn -0.142141 0.140194 0.979868
vn -0.142147 -0.112422 -0.983441
vn -0.142146 -0.140196 -0.979867
vn -0.583623 0.808459 0.076019
vn -0.583624 -0.762881 0.278201
vn -0.583627 -0.808456 -0.076014
vn -0.583621 0.762884 -0.278197
vn 0.583623 0.808459 0.076019
vn 0.583621 0.762884 -0.278197
vn 0.583624 -0.762881 0.278201
vn 0.583627 -0.808456 -0.076014
s 1
g group1 pCube1
usemtl initialShadingGroup
f 1197/1735/1447 1198/1736/1448 1200/1738/1449 1199/1737/1450
f 1201/1739/1451 1202/1740/1452 1196/1742/1453 1195/1741/1454
f 1236/1783/1455 1235/1784/1456 1237/1785/1457 1238/1786/1458
f 1243/1787/1459 1244/1788/1460 1245/1789/1461 1246/1790/1462
f 1195/1733/1454 1196/1734/1453 1204/1748/1463 1203/1747/1464
f 1236/1783/1455 1238/1786/1458 1239/1791/1465 1240/1792/1466
f 1198/1736/1448 1197/1735/1447 1206/1750/1467 1205/1749/1468
f 1245/1789/1461 1244/1788/1460 1247/1793/1469 1248/1794/1470
f 1199/1737/1450 1200/1738/1449 1208/1752/1471 1207/1751/1472
f 1237/1798/1457 1235/1795/1456 1241/1796/1473 1242/1797/1474
f 1202/1740/1452 1201/1739/1451 1210/1754/1475 1209/1753/1476
f 1243/1802/1459 1246/1799/1462 1249/1800/1477 1250/1801/1478
f 1203/1747/1464 1204/1748/1463 1212/1756/1479 1211/1755/1480
f 1204/1748/1463 1205/1749/1468 1213/1757/1481 1212/1756/1479
f 1205/1749/1468 1206/1750/1467 1214/1758/1482 1213/1757/1481
f 1206/1750/1467 1203/1747/1464 1211/1755/1480 1214/1758/1482
f 1207/1751/1472 1208/1752/1471 1216/1760/1483 1215/1759/1484
f 1208/1752/1471 1209/1753/1476 1217/1761/1485 1216/1760/1483
f 1209/1753/1476 1210/1754/1475 1218/1762/1486 1217/1761/1485
f 1210/1754/1475 1207/1751/1472 1215/1759/1484 1218/1762/1486
f 1196/1734/1453 1202/1743/1452 1219/1764/1487 1220/1763/1488
f 1200/1744/1449 1198/1736/1448 1222/1766/1489 1221/1765/1490
f 1198/1745/1448 1205/1733/1468 1223/1768/1491 1222/1767/1489
f 1205/1735/1468 1204/1746/1463 1224/1770/1492 1223/1769/1491
f 1204/1736/1463 1196/1749/1453 1220/1771/1488 1224/1766/1492
f 1202/1749/1452 1209/1748/1476 1225/1772/1493 1219/1771/1487
f 1209/1748/1476 1208/1734/1471 1226/1763/1494 1225/1772/1493
f 1208/1733/1471 1200/1747/1449 1221/1773/1490 1226/1768/1494
f 1201/1747/1451 1195/1750/1454 1228/1774/1495 1227/1773/1496
f 1197/1750/1447 1199/1735/1450 1230/1769/1497 1229/1774/1498
f 1195/1740/1454 1203/1753/1464 1231/1776/1499 1228/1775/1495
f 1203/1753/1464 1206/1752/1467 1232/1777/1500 1231/1776/1499
f 1206/1752/1467 1197/1738/1447 1229/1778/1498 1232/1777/1500
f 1199/1737/1450 1207/1751/1472 1233/1780/1501 1230/1779/1497
f 1207/1751/1472 1210/1754/1475 1234/1781/1502 1233/1780/1501
f 1210/1754/1475 1201/1739/1451 1227/1782/1496 1234/1781/1502
f 1220/1763/1488 1219/1764/1487 1235/1784/1456 1236/1783/1455
f 1221/1765/1490 1222/1766/1489 1238/1786/1458 1237/1785/1457
f 1222/1767/1489 1223/1768/1491 1239/1788/1465 1238/1787/1458
f 1223/1769/1491 1224/1770/1492 1240/1790/1466 1239/1789/1465
f 1224/1766/1492 1220/1771/1488 1236/1791/1455 1240/1786/1466
f 1219/1771/1487 1225/1772/1493 1241/1792/1473 1235/1791/1456
f 1225/1772/1493 1226/1763/1494 1242/1783/1474 1241/1792/1473
f 1226/1768/1494 1221/1773/1490 1237/1793/1457 1242/1788/1474
f 1227/1773/1496 1228/1774/1495 1244/1794/1460 1243/1793/1459
f 1229/1774/1498 1230/1769/1497 1246/1789/1462 1245/1794/1461
f 1228/1775/1495 1231/1776/1499 1247/1796/1469 1244/1795/1460
f 1231/1776/1499 1232/1777/1500 1248/1797/1470 1247/1796/1469
f 1232/1777/1500 1229/1778/1498 1245/1798/1461 1248/1797/1470
f 1230/1779/1497 1233/1780/1501 1249/1800/1477 1246/1799/1462
f 1233/1780/1501 1234/1781/1502 1250/1801/1478 1249/1800/1477
f 1234/1781/1502 1227/1782/1496 1243/1802/1459 1250/1801/1478
f 1251/1803/1503 1252/1804/1504 1253/1805/1505 1254/1806/1506
f 1255/1807/1507 1251/1803/1503 1254/1806/1506 1256/1808/1508
f 1257/1809/1509 1255/1807/1507 1256/1808/1508 1258/1810/1510
f 1252/1804/1504 1257/1809/1509 1258/1810/1510 1253/1805/1505
f 1212/1756/1479 1213/1757/1481 1252/1804/1504 1251/1803/1503
f 1216/1760/1483 1217/1761/1485 1254/1806/1506 1253/1805/1505
f 1211/1755/1480 1212/1756/1479 1251/1803/1503 1255/1807/1507
f 1217/1761/1485 1218/1762/1486 1256/1808/1508 1254/1806/1506
f 1214/1758/1482 1211/1755/1480 1255/1807/1507 1257/1809/1509
f 1218/1762/1486 1215/1759/1484 1258/1810/1510 1256/1808/1508
f 1213/1757/1481 1214/1758/1482 1257/1809/1509 1252/1804/1504
f 1215/1759/1484 1216/1760/1483 1253/1805/1505 1258/1810/1510
g default
v 0.860346 -2.913659 -0.151957
v 0.774269 -2.913659 -0.280780
v 0.645446 -2.913659 -0.366857
v 0.493489 -2.913659 -0.397083
v 0.341532 -2.913659 -0.366857
v 0.212708 -2.913659 -0.280780
v 0.126631 -2.913659 -0.151957
v 0.096405 -2.913659 -0.000000
v 0.126631 -2.913659 0.151957
v 0.212708 -2.913659 0.280780
v 0.341531 -2.913659 0.366857
v 0.493489 -2.913659 0.397083
v 0.645446 -2.913659 0.366857
v 0.774269 -2.913659 0.280780
v 0.860346 -2.913659 0.151957
v 0.890572 -2.913659 -0.000000
v 0.858309 -2.476093 -0.202793
v 0.772710 -2.476093 -0.374713
v 0.644602 -2.476093 -0.489586
v 0.493489 -2.476093 -0.529925
v 0.342375 -2.476093 -0.489586
v 0.214267 -2.476093 -0.374713
v 0.128668 -2.476093 -0.202794
v 0.098610 -2.476093 -0.000000
v 0.128668 -2.476093 0.202793
v 0.214267 -2.476093 0.374713
v 0.342375 -2.476093 0.489586
v 0.493489 -2.476093 0.529925
v 0.644602 -2.476093 0.489586
v 0.772710 -2.476093 0.374713
v 0.858309 -2.476093 0.202793
v 0.888368 -2.476093 -0.000000
v 0.887199 -2.930593 -0.163080
v 0.794822 -2.930593 -0.301333
v 0.656569 -2.930593 -0.393710
v 0.493489 -2.930593 -0.426149
v 0.330409 -2.930593 -0.393710
v 0.192156 -2.930593 -0.301333
v 0.099778 -2.930593 -0.163080
v 0.067340 -2.930593 -0.000000
v 0.099778 -2.930593 0.163080
v 0.192156 -2.930593 0.301333
v 0.330408 -2.930593 0.393710
v 0.493489 -2.930593 0.426149
v 0.656569 -2.930593 0.393710
v 0.794821 -2.930593 0.301333
v 0.887199 -2.930593 0.163080
v 0.919638 -2.930593 -0.000000
v 0.887199 -3.046580 -0.163080
v 0.794822 -3.046580 -0.301333
v 0.656569 -3.046580 -0.393710
v 0.493489 -3.046580 -0.426149
v 0.330409 -3.046580 -0.393710
v 0.192156 -3.046580 -0.301333
v 0.099778 -3.046580 -0.163080
v 0.067340 -3.046580 -0.000000
v 0.099778 -3.046580 0.163080
v 0.192156 -3.046580 0.301333
v 0.330408 -3.046580 0.393710
v 0.493489 -3.046580 0.426149
v 0.656569 -3.046580 0.393710
v 0.794821 -3.046580 0.301333
v 0.887199 -3.046580 0.163080
v 0.919638 -3.046580 -0.000000
v 0.805096 -3.046580 -0.129072
v 0.731982 -3.046580 -0.238494
v 0.622561 -3.046580 -0.311607
v 0.493489 -3.046580 -0.337281
v 0.364417 -3.046580 -0.311607
v 0.254995 -3.046580 -0.238494
v 0.181882 -3.046580 -0.129072
v 0.156208 -3.046580 -0.000000
v 0.181882 -3.046580 0.129072
v 0.254995 -3.046580 0.238494
v 0.364417 -3.046580 0.311607
v 0.493489 -3.046580 0.337281
v 0.622561 -3.046580 0.311607
v 0.731982 -3.046580 0.238494
v 0.805096 -3.046580 0.129072
v 0.830770 -3.046580 -0.000000
v 0.381422 -3.578389 0.270553
v 0.493489 -3.578389 0.292844
v 0.605555 -3.578389 0.270553
v 0.700561 -3.578389 0.207072
v 0.764042 -3.578389 0.112067
v 0.786333 -3.578389 -0.000000
v 0.764042 -3.578389 -0.112067
v 0.700561 -3.578389 -0.207072
v 0.605556 -3.578389 -0.270553
v 0.493489 -3.578389 -0.292844
v 0.381422 -3.578389 -0.270553
v 0.286417 -3.578389 -0.207072
v 0.222936 -3.578389 -0.112067
v 0.200644 -3.578389 -0.000000
v 0.222936 -3.578389 0.112067
v 0.286416 -3.578389 0.207072
v 0.373115 -3.472027 0.290608
v 0.493489 -3.472027 0.314552
v 0.613863 -3.472027 0.290608
v 0.715911 -3.472027 0.222422
v 0.784097 -3.472027 0.120374
v 0.808041 -3.472027 -0.000000
v 0.784097 -3.472027 -0.120374
v 0.715911 -3.472027 -0.222422
v 0.613863 -3.472027 -0.290608
v 0.493489 -3.472027 -0.314552
v 0.373115 -3.472027 -0.290608
v 0.271067 -3.472027 -0.222422
v 0.202881 -3.472027 -0.120374
v 0.178937 -3.472027 -0.000000
v 0.202880 -3.472027 0.120374
v 0.271067 -3.472027 0.222422
v 0.368592 -3.365666 0.301528
v 0.618386 -3.365666 0.301528
v 0.724268 -3.365666 0.230780
v 0.795017 -3.365666 0.124897
v 0.819860 -3.365666 -0.000000
v 0.795017 -3.365666 -0.124897
v 0.724268 -3.365666 -0.230779
v 0.618386 -3.365666 -0.301528
v 0.493489 -3.365666 -0.326371
v 0.368592 -3.365666 -0.301528
v 0.262709 -3.365666 -0.230780
v 0.191961 -3.365666 -0.124897
v 0.167117 -3.365666 -0.000000
v 0.191961 -3.365666 0.124897
v 0.262709 -3.365666 0.230779
v 0.367660 -3.259304 0.303777
v 0.493489 -3.259304 0.328806
v 0.619317 -3.259304 0.303777
v 0.725989 -3.259304 0.232501
v 0.797265 -3.259304 0.125828
v 0.822294 -3.259304 -0.000000
v 0.797265 -3.259304 -0.125828
v 0.725989 -3.259304 -0.232501
v 0.619317 -3.259304 -0.303777
v 0.493489 -3.259304 -0.328806
v 0.367660 -3.259304 -0.303777
v 0.260988 -3.259304 -0.232501
v 0.189712 -3.259304 -0.125829
v 0.164683 -3.259304 -0.000000
v 0.189712 -3.259304 0.125828
v 0.260988 -3.259304 0.232501
v 0.365833 -3.152942 0.308188
v 0.493489 -3.152942 0.333580
v 0.621144 -3.152942 0.308188
v 0.729365 -3.152942 0.235877
v 0.801677 -3.152942 0.127656
v 0.827069 -3.152942 -0.000000
v 0.801677 -3.152942 -0.127655
v 0.729365 -3.152942 -0.235877
v 0.621144 -3.152942 -0.308188
v 0.493489 -3.152942 -0.333580
v 0.365833 -3.152942 -0.308188
v 0.257612 -3.152942 -0.235877
v 0.185301 -3.152942 -0.127656
v 0.159909 -3.152942 -0.000000
v 0.185301 -3.152942 0.127655
v 0.257612 -3.152942 0.235877
v 0.774872 -3.738888 -0.116553
v 0.708850 -3.738888 -0.215361
v 0.493489 -3.738888 -0.000000
v 0.610042 -3.738888 -0.281383
v 0.493489 -3.738888 -0.304567
v 0.376936 -3.738888 -0.281383
v 0.278127 -3.738888 -0.215362
v 0.212105 -3.738888 -0.116553
v 0.188922 -3.738888 -0.000000
v 0.212105 -3.738888 0.116553
v 0.278127 -3.738888 0.215361
v 0.376936 -3.738888 0.281383
v 0.493489 -3.738888 0.304567
v 0.610042 -3.738888 0.281383
v 0.708850 -3.738888 0.215362
v 0.774872 -3.738888 0.116553
v 0.798056 -3.738888 -0.000000
v 0.368765 -3.578389 0.301109
v 0.493489 -3.578389 0.325918
v 0.618212 -3.578389 0.301109
v 0.723948 -3.578389 0.230459
v 0.794598 -3.578389 0.124724
v 0.819407 -3.578389 -0.000000
v 0.794598 -3.578389 -0.124723
v 0.723948 -3.578389 -0.230459
v 0.618212 -3.578389 -0.301109
v 0.493489 -3.578389 -0.325918
v 0.368765 -3.578389 -0.301109
v 0.263030 -3.578389 -0.230459
v 0.192380 -3.578389 -0.124724
v 0.167570 -3.578389 -0.000000
v 0.192380 -3.578389 0.124723
v 0.263030 -3.578389 0.230459
v 0.394722 -3.365666 0.317195
v 0.493489 -3.365666 0.342039
v 0.398299 -3.449775 0.306276
v 0.493489 -3.449775 0.330220
v 0.592256 -3.365666 0.317195
v 0.588679 -3.449775 0.306276
v 0.393985 -3.281556 0.319444
v 0.493489 -3.281556 0.344473
v 0.592992 -3.281556 0.319444
vt 0.644356 0.096456
vt 0.610485 0.045765
vt 0.559794 0.011894
vt 0.500000 0.000000
vt 0.440206 0.011894
vt 0.389515 0.045765
vt 0.355644 0.096456
vt 0.343750 0.156250
vt 0.355644 0.216044
vt 0.389515 0.266735
vt 0.440206 0.300606
vt 0.500000 0.312500
vt 0.559794 0.300606
vt 0.610485 0.266735
vt 0.644356 0.216044
vt 0.656250 0.156250
vt 0.375000 0.312500
vt 0.390625 0.312500
vt 0.406250 0.312500
vt 0.421875 0.312500
vt 0.437500 0.312500
vt 0.453125 0.312500
vt 0.468750 0.312500
vt 0.484375 0.312500
vt 0.500000 0.312500
vt 0.515625 0.312500
vt 0.531250 0.312500
vt 0.546875 0.312500
vt 0.562500 0.312500
vt 0.578125 0.312500
vt 0.593750 0.312500
vt 0.609375 0.312500
vt 0.625000 0.312500
vt 0.375000 0.687500
vt 0.390625 0.687500
vt 0.406250 0.687500
vt 0.421875 0.687500
vt 0.437500 0.687500
vt 0.453125 0.687500
vt 0.468750 0.687500
vt 0.484375 0.687500
vt 0.500000 0.687500
vt 0.515625 0.687500
vt 0.531250 0.687500
vt 0.546875 0.687500
vt 0.562500 0.687500
vt 0.578125 0.687500
vt 0.593750 0.687500
vt 0.609375 0.687500
vt 0.625000 0.687500
vt 0.500000 0.156250
vt 0.610485 0.045765
vt 0.644356 0.096456
vt 0.559794 0.011894
vt 0.500000 0.000000
vt 0.440206 0.011894
vt 0.389515 0.045765
vt 0.355644 0.096456
vt 0.343750 0.156250
vt 0.355644 0.216044
vt 0.389515 0.266735
vt 0.440206 0.300606
vt 0.500000 0.312500
vt 0.559794 0.300606
vt 0.610485 0.266735
vt 0.644356 0.216044
vt 0.656250 0.156250
vt 0.610485 0.045765
vt 0.644356 0.096456
vt 0.559794 0.011894
vt 0.500000 0.000000
vt 0.440206 0.011894
vt 0.389515 0.045765
vt 0.355644 0.096456
vt 0.343750 0.156250
vt 0.355644 0.216044
vt 0.389515 0.266735
vt 0.440206 0.300606
vt 0.500000 0.312500
vt 0.559794 0.300606
vt 0.610485 0.266735
vt 0.644356 0.216044
vt 0.656250 0.156250
vt 0.610485 0.045765
vt 0.644356 0.096456
vt 0.559794 0.011894
vt 0.500000 0.000000
vt 0.440206 0.011894
vt 0.389515 0.045765
vt 0.355644 0.096456
vt 0.343750 0.156250
vt 0.355644 0.216044
vt 0.389515 0.266735
vt 0.440206 0.300606
vt 0.500000 0.312500
vt 0.559794 0.300606
vt 0.610485 0.266735
vt 0.644356 0.216044
vt 0.656250 0.156250
vt 0.610485 0.045765
vt 0.644356 0.096456
vt 0.559794 0.011894
vt 0.500000 0.000000
vt 0.440206 0.011894
vt 0.389515 0.045765
vt 0.355644 0.096456
vt 0.343750 0.156250
vt 0.355644 0.216044
vt 0.389515 0.266735
vt 0.440206 0.300606
vt 0.500000 0.312500
vt 0.559794 0.300606
vt 0.610485 0.266735
vt 0.644356 0.216044
vt 0.656250 0.156250
vt 0.440206 0.300606
vt 0.500000 0.312500
vt 0.559794 0.300606
vt 0.610485 0.266735
vt 0.644356 0.216044
vt 0.656250 0.156250
vt 0.644356 0.096456
vt 0.610485 0.045765
vt 0.559794 0.011894
vt 0.500000 0.000000
vt 0.440206 0.011894
vt 0.389515 0.045765
vt 0.355644 0.096456
vt 0.343750 0.156250
vt 0.355644 0.216044
vt 0.389515 0.266735
vt 0.440206 0.300606
vt 0.500000 0.312500
vt 0.559794 0.300606
vt 0.610485 0.266735
vt 0.644356 0.216044
vt 0.656250 0.156250
vt 0.644356 0.096456
vt 0.610485 0.045765
vt 0.559794 0.011894
vt 0.500000 0.000000
vt 0.440206 0.011894
vt 0.389515 0.045765
vt 0.355644 0.096456
vt 0.343750 0.156250
vt 0.355644 0.216044
vt 0.389515 0.266735
vt 0.440206 0.300606
vt 0.500000 0.312500
vt 0.559794 0.300606
vt 0.610485 0.266735
vt 0.644356 0.216044
vt 0.656250 0.156250
vt 0.644356 0.096456
vt 0.610485 0.045765
vt 0.559794 0.011894
vt 0.500000 0.000000
vt 0.440206 0.011894
vt 0.389515 0.045765
vt 0.355644 0.096456
vt 0.343750 0.156250
vt 0.355644 0.216044
vt 0.389515 0.266735
vt 0.440206 0.300606
vt 0.500000 0.312500
vt 0.559794 0.300606
vt 0.610485 0.266735
vt 0.644356 0.216044
vt 0.656250 0.156250
vt 0.644356 0.096456
vt 0.610485 0.045765
vt 0.559794 0.011894
vt 0.500000 0.000000
vt 0.440206 0.011894
vt 0.389515 0.045765
vt 0.355644 0.096456
vt 0.343750 0.156250
vt 0.355644 0.216044
vt 0.389515 0.266735
vt 0.440206 0.300606
vt 0.500000 0.312500
vt 0.559794 0.300606
vt 0.610485 0.266735
vt 0.644356 0.216044
vt 0.656250 0.156250
vt 0.644356 0.096456
vt 0.610485 0.045765
vt 0.559794 0.011894
vt 0.500000 0.000000
vt 0.440206 0.011894
vt 0.389515 0.045765
vt 0.355644 0.096456
vt 0.343750 0.156250
vt 0.355644 0.216044
vt 0.389515 0.266735
vt 0.500000 0.312500
vt 0.440206 0.300606
vt 0.559794 0.300606
vt 0.610485 0.266735
vt 0.644356 0.216044
vt 0.656250 0.156250
vt 0.644356 0.096456
vt 0.610485 0.045765
vt 0.559794 0.011894
vt 0.500000 0.000000
vt 0.440206 0.011894
vt 0.389515 0.045765
vt 0.355644 0.096456
vt 0.343750 0.156250
vt 0.355644 0.216044
vt 0.389515 0.266735
vt 0.440206 0.300606
vt 0.440206 0.300606
vt 0.500000 0.312500
vt 0.559794 0.300606
vt 0.559794 0.300606
vt 0.500000 0.312500
vt 0.440206 0.300606
vt 0.559794 0.300606
vn 0.945527 0.026130 -0.324494
vn 0.768255 -0.059980 -0.637328
vn 0.738813 -0.141606 -0.658865
vn 0.937560 -0.044217 -0.345002
vn 0.440555 -0.159451 -0.883452
vn 0.407225 -0.240085 -0.881208
vn 0.000001 -0.204574 -0.978851
vn 0.000001 -0.280128 -0.959963
vn -0.440554 -0.159451 -0.883452
vn -0.407225 -0.240085 -0.881208
vn -0.768254 -0.059980 -0.637329
vn -0.738812 -0.141606 -0.658866
vn -0.945527 0.026130 -0.324494
vn -0.937560 -0.044217 -0.345002
vn -0.998314 0.058052 -0.000000
vn -0.999987 -0.005025 -0.000000
vn -0.945527 0.026130 0.324494
vn -0.937560 -0.044217 0.345002
vn -0.768255 -0.059980 0.637328
vn -0.738813 -0.141606 0.658865
vn -0.440555 -0.159451 0.883452
vn -0.407225 -0.240085 0.881208
vn -0.000000 -0.204574 0.978851
vn -0.000000 -0.280128 0.959963
vn 0.440554 -0.159451 0.883452
vn 0.407225 -0.240085 0.881208
vn 0.768254 -0.059980 0.637329
vn 0.738813 -0.141606 0.658865
vn 0.945527 0.026130 0.324494
vn 0.937560 -0.044217 0.345002
vn 0.998314 0.058052 0.000000
vn 0.999987 -0.005025 0.000000
vn 0.519812 -0.677932 -0.519812
vn 0.679166 -0.677932 -0.281320
vn 0.000000 -1.000000 -0.000000
vn 0.281320 -0.677932 -0.679167
vn 0.000001 -0.677932 -0.735125
vn -0.281320 -0.677932 -0.679167
vn -0.519812 -0.677932 -0.519812
vn -0.679167 -0.677932 -0.281320
vn -0.735125 -0.677932 -0.000000
vn -0.679167 -0.677932 0.281320
vn -0.519812 -0.677932 0.519812
vn -0.281320 -0.677932 0.679167
vn -0.000000 -0.677932 0.735125
vn 0.281320 -0.677932 0.679167
vn 0.519811 -0.677932 0.519812
vn 0.679166 -0.677932 0.281321
vn 0.735125 -0.677932 0.000000
vn 0.907339 0.188380 -0.375832
vn 0.694447 0.188380 -0.694447
vn 0.375832 0.188380 -0.907338
vn 0.000001 0.188380 -0.982096
vn -0.375832 0.188380 -0.907339
vn -0.694447 0.188380 -0.694447
vn -0.907339 0.188380 -0.375832
vn -0.982096 0.188380 -0.000000
vn -0.907339 0.188380 0.375832
vn -0.694447 0.188380 0.694447
vn -0.375832 0.188380 0.907339
vn -0.000000 0.188380 0.982096
vn 0.375832 0.188380 0.907339
vn 0.694447 0.188380 0.694447
vn 0.907339 0.188380 0.375832
vn 0.982096 0.188380 0.000000
vn 0.792042 -0.514817 -0.328074
vn 0.606203 -0.514817 -0.606202
vn 0.328075 -0.514817 -0.792042
vn 0.000001 -0.514817 -0.857300
vn -0.328074 -0.514817 -0.792042
vn -0.606202 -0.514817 -0.606203
vn -0.792042 -0.514817 -0.328075
vn -0.857300 -0.514817 -0.000000
vn -0.792042 -0.514817 0.328074
vn -0.606203 -0.514817 0.606202
vn -0.328075 -0.514817 0.792042
vn 0.000000 -0.514817 0.857300
vn 0.328074 -0.514817 0.792042
vn 0.606202 -0.514817 0.606203
vn 0.792042 -0.514817 0.328075
vn 0.857300 -0.514817 0.000000
vn 0.618661 -0.742692 -0.256258
vn 0.473503 -0.742692 -0.473502
vn 0.256258 -0.742692 -0.618660
vn 0.000001 -0.742692 -0.669633
vn -0.256257 -0.742692 -0.618660
vn -0.473502 -0.742692 -0.473502
vn -0.618660 -0.742692 -0.256258
vn -0.669633 -0.742692 -0.000000
vn -0.618661 -0.742692 0.256257
vn -0.473502 -0.742692 0.473502
vn -0.256258 -0.742692 0.618660
vn 0.000000 -0.742692 0.669633
vn 0.256258 -0.742692 0.618661
vn 0.473502 -0.742692 0.473503
vn 0.618660 -0.742692 0.256258
vn 0.669633 -0.742692 0.000000
vn 0.923149 -0.039754 -0.382381
vn 0.706548 -0.039754 -0.706547
vn 0.382381 -0.039754 -0.923149
vn 0.000001 -0.039754 -0.999209
vn -0.382380 -0.039754 -0.923149
vn -0.706548 -0.039754 -0.706548
vn -0.923149 -0.039754 -0.382381
vn -0.999210 -0.039754 -0.000000
vn -0.923149 -0.039754 0.382381
vn -0.706548 -0.039754 0.706547
vn -0.382381 -0.039754 0.923149
vn 0.000000 -0.039754 0.999209
vn 0.382381 -0.039754 0.923149
vn 0.706548 -0.039754 0.706548
vn 0.923149 -0.039754 0.382381
vn 0.999210 -0.039754 -0.000000
vn -0.000000 0.046824 0.998903
vn -0.382264 0.046824 0.922866
vn 0.382264 0.046824 0.922866
vn 0.706331 0.046824 0.706331
vn 0.922866 0.046824 0.382264
vn 0.998903 0.046824 0.000000
vn 0.922866 0.046824 -0.382264
vn 0.706332 0.046824 -0.706331
vn 0.382264 0.046824 -0.922866
vn 0.000001 0.046824 -0.998903
vn -0.382263 0.046824 -0.922866
vn -0.706331 0.046824 -0.706331
vn -0.922866 0.046824 -0.382264
vn -0.998903 0.046824 -0.000000
vn -0.922866 0.046824 0.382263
vn -0.706331 0.046824 0.706331
vn -0.000000 -0.260552 0.965460
vn -0.435049 -0.177110 0.882816
vn -0.378796 0.142181 0.914493
vn 0.000000 0.142181 0.989841
vn 0.435049 -0.177110 0.882816
vn 0.378796 0.142181 0.914494
vn 0.698714 -0.153616 0.698714
vn 0.699923 0.142181 0.699923
vn 0.912913 -0.153616 0.378142
vn 0.914493 0.142181 0.378797
vn 0.988131 -0.153616 -0.000000
vn 0.989841 0.142182 -0.000000
vn 0.912914 -0.153616 -0.378141
vn 0.914493 0.142181 -0.378796
vn 0.698714 -0.153615 -0.698714
vn 0.699924 0.142181 -0.699922
vn 0.378142 -0.153615 -0.912914
vn 0.378796 0.142181 -0.914493
vn 0.000001 -0.153615 -0.988131
vn 0.000001 0.142181 -0.989841
vn -0.378141 -0.153615 -0.912914
vn -0.378795 0.142181 -0.914494
vn -0.698714 -0.153615 -0.698714
vn -0.699923 0.142181 -0.699923
vn -0.912914 -0.153615 -0.378142
vn -0.914493 0.142181 -0.378796
vn -0.988131 -0.153615 -0.000000
vn -0.989841 0.142181 -0.000000
vn -0.912914 -0.153615 0.378141
vn -0.914494 0.142181 0.378795
vn -0.698714 -0.153615 0.698714
vn -0.699924 0.142181 0.699923
vn -0.000000 -0.083095 0.996542
vn -0.310249 -0.079270 0.947345
vn -0.290927 -0.227875 0.929212
vn -0.000000 -0.225466 0.974251
vn 0.310249 -0.079270 0.947345
vn 0.290927 -0.227875 0.929212
vn 0.705564 -0.066008 0.705565
vn 0.544975 -0.066115 0.835842
vn 0.921864 -0.066008 0.381849
vn 0.997819 -0.066008 -0.000000
vn 0.921864 -0.066008 -0.381849
vn 0.705565 -0.066008 -0.705564
vn 0.381849 -0.066008 -0.921865
vn 0.000001 -0.066008 -0.997819
vn -0.381848 -0.066008 -0.921865
vn -0.705565 -0.066008 -0.705565
vn -0.921865 -0.066008 -0.381849
vn -0.997819 -0.066008 -0.000000
vn -0.921865 -0.066008 0.381849
vn -0.705565 -0.066008 0.705564
vn -0.544975 -0.066115 0.835842
vn -0.000000 0.100291 0.994958
vn -0.305613 0.114515 0.945244
vn 0.305612 0.114515 0.945245
vn 0.706698 -0.033974 0.706699
vn 0.439706 -0.021253 0.897890
vn 0.923346 -0.033974 0.382463
vn 0.999423 -0.033973 0.000000
vn 0.923346 -0.033973 -0.382463
vn 0.706699 -0.033974 -0.706698
vn 0.382463 -0.033974 -0.923346
vn 0.000001 -0.033974 -0.999423
vn -0.382462 -0.033974 -0.923346
vn -0.706698 -0.033974 -0.706699
vn -0.923346 -0.033974 -0.382463
vn -0.999423 -0.033974 -0.000000
vn -0.923346 -0.033974 0.382462
vn -0.706699 -0.033974 0.706698
vn -0.439707 -0.021253 0.897890
vn 0.000000 0.057172 0.998364
s 1
g group1 pCylinder6
usemtl initialShadingGroup
f 1259/1827/1511 1260/1828/1512 1276/1845/1513 1275/1844/1514
f 1260/1828/1512 1261/1829/1515 1277/1846/1516 1276/1845/1513
f 1261/1829/1515 1262/1830/1517 1278/1847/1518 1277/1846/1516
f 1262/1830/1517 1263/1831/1519 1279/1848/1520 1278/1847/1518
f 1263/1831/1519 1264/1832/1521 1280/1849/1522 1279/1848/1520
f 1264/1832/1521 1265/1833/1523 1281/1850/1524 1280/1849/1522
f 1265/1833/1523 1266/1834/1525 1282/1851/1526 1281/1850/1524
f 1266/1834/1525 1267/1835/1527 1283/1852/1528 1282/1851/1526
f 1267/1835/1527 1268/1836/1529 1284/1853/1530 1283/1852/1528
f 1268/1836/1529 1269/1837/1531 1285/1854/1532 1284/1853/1530
f 1269/1837/1531 1270/1838/1533 1286/1855/1534 1285/1854/1532
f 1270/1838/1533 1271/1839/1535 1287/1856/1536 1286/1855/1534
f 1271/1839/1535 1272/1840/1537 1288/1857/1538 1287/1856/1536
f 1272/1840/1537 1273/1841/1539 1289/1858/1540 1288/1857/1538
f 1273/1841/1539 1274/1842/1541 1290/1859/1542 1289/1858/1540
f 1274/1842/1541 1259/1843/1511 1275/1860/1514 1290/1859/1542
f 1419/1910/1543 1418/1911/1544 1420/1861/1545
f 1421/1912/1546 1419/1910/1543 1420/1861/1545
f 1422/1913/1547 1421/1912/1546 1420/1861/1545
f 1423/1914/1548 1422/1913/1547 1420/1861/1545
f 1424/1915/1549 1423/1914/1548 1420/1861/1545
f 1425/1916/1550 1424/1915/1549 1420/1861/1545
f 1426/1917/1551 1425/1916/1550 1420/1861/1545
f 1427/1918/1552 1426/1917/1551 1420/1861/1545
f 1428/1919/1553 1427/1918/1552 1420/1861/1545
f 1429/1920/1554 1428/1919/1553 1420/1861/1545
f 1430/1921/1555 1429/1920/1554 1420/1861/1545
f 1431/1922/1556 1430/1921/1555 1420/1861/1545
f 1432/1923/1557 1431/1922/1556 1420/1861/1545
f 1433/1924/1558 1432/1923/1557 1420/1861/1545
f 1434/1925/1559 1433/1924/1558 1420/1861/1545
f 1418/1911/1544 1434/1925/1559 1420/1861/1545
f 1260/1812/1512 1259/1811/1511 1291/1863/1560 1292/1862/1561
f 1261/1813/1515 1260/1812/1512 1292/1862/1561 1293/1864/1562
f 1262/1814/1517 1261/1813/1515 1293/1864/1562 1294/1865/1563
f 1263/1815/1519 1262/1814/1517 1294/1865/1563 1295/1866/1564
f 1264/1816/1521 1263/1815/1519 1295/1866/1564 1296/1867/1565
f 1265/1817/1523 1264/1816/1521 1296/1867/1565 1297/1868/1566
f 1266/1818/1525 1265/1817/1523 1297/1868/1566 1298/1869/1567
f 1267/1819/1527 1266/1818/1525 1298/1869/1567 1299/1870/1568
f 1268/1820/1529 1267/1819/1527 1299/1870/1568 1300/1871/1569
f 1269/1821/1531 1268/1820/1529 1300/1871/1569 1301/1872/1570
f 1270/1822/1533 1269/1821/1531 1301/1872/1570 1302/1873/1571
f 1271/1823/1535 1270/1822/1533 1302/1873/1571 1303/1874/1572
f 1272/1824/1537 1271/1823/1535 1303/1874/1572 1304/1875/1573
f 1273/1825/1539 1272/1824/1537 1304/1875/1573 1305/1876/1574
f 1274/1826/1541 1273/1825/1539 1305/1876/1574 1306/1877/1575
f 1259/1811/1511 1274/1826/1541 1306/1877/1575 1291/1863/1560
f 1292/1862/1561 1291/1863/1560 1307/1879/1576 1308/1878/1577
f 1293/1864/1562 1292/1862/1561 1308/1878/1577 1309/1880/1578
f 1294/1865/1563 1293/1864/1562 1309/1880/1578 1310/1881/1579
f 1295/1866/1564 1294/1865/1563 1310/1881/1579 1311/1882/1580
f 1296/1867/1565 1295/1866/1564 1311/1882/1580 1312/1883/1581
f 1297/1868/1566 1296/1867/1565 1312/1883/1581 1313/1884/1582
f 1298/1869/1567 1297/1868/1566 1313/1884/1582 1314/1885/1583
f 1299/1870/1568 1298/1869/1567 1314/1885/1583 1315/1886/1584
f 1300/1871/1569 1299/1870/1568 1315/1886/1584 1316/1887/1585
f 1301/1872/1570 1300/1871/1569 1316/1887/1585 1317/1888/1586
f 1302/1873/1571 1301/1872/1570 1317/1888/1586 1318/1889/1587
f 1303/1874/1572 1302/1873/1571 1318/1889/1587 1319/1890/1588
f 1304/1875/1573 1303/1874/1572 1319/1890/1588 1320/1891/1589
f 1305/1876/1574 1304/1875/1573 1320/1891/1589 1321/1892/1590
f 1306/1877/1575 1305/1876/1574 1321/1892/1590 1322/1893/1591
f 1291/1863/1560 1306/1877/1575 1322/1893/1591 1307/1879/1576
f 1308/1878/1577 1307/1879/1576 1323/1895/1592 1324/1894/1593
f 1309/1880/1578 1308/1878/1577 1324/1894/1593 1325/1896/1594
f 1310/1881/1579 1309/1880/1578 1325/1896/1594 1326/1897/1595
f 1311/1882/1580 1310/1881/1579 1326/1897/1595 1327/1898/1596
f 1312/1883/1581 1311/1882/1580 1327/1898/1596 1328/1899/1597
f 1313/1884/1582 1312/1883/1581 1328/1899/1597 1329/1900/1598
f 1314/1885/1583 1313/1884/1582 1329/1900/1598 1330/1901/1599
f 1315/1886/1584 1314/1885/1583 1330/1901/1599 1331/1902/1600
f 1316/1887/1585 1315/1886/1584 1331/1902/1600 1332/1903/1601
f 1317/1888/1586 1316/1887/1585 1332/1903/1601 1333/1904/1602
f 1318/1889/1587 1317/1888/1586 1333/1904/1602 1334/1905/1603
f 1319/1890/1588 1318/1889/1587 1334/1905/1603 1335/1906/1604
f 1320/1891/1589 1319/1890/1588 1335/1906/1604 1336/1907/1605
f 1321/1892/1590 1320/1891/1589 1336/1907/1605 1337/1908/1606
f 1322/1893/1591 1321/1892/1590 1337/1908/1606 1338/1909/1607
f 1307/1879/1576 1322/1893/1591 1338/1909/1607 1323/1895/1592
f 1324/1894/1593 1323/1895/1592 1408/1996/1608 1409/1997/1609
f 1325/1896/1594 1324/1894/1593 1409/1997/1609 1410/1998/1610
f 1326/1897/1595 1325/1896/1594 1410/1998/1610 1411/1999/1611
f 1327/1898/1596 1326/1897/1595 1411/1999/1611 1412/2000/1612
f 1328/1899/1597 1327/1898/1596 1412/2000/1612 1413/2001/1613
f 1329/1900/1598 1328/1899/1597 1413/2001/1613 1414/2002/1614
f 1330/1901/1599 1329/1900/1598 1414/2002/1614 1415/2003/1615
f 1331/1902/1600 1330/1901/1599 1415/2003/1615 1416/2004/1616
f 1332/1903/1601 1331/1902/1600 1416/2004/1616 1417/2005/1617
f 1333/1904/1602 1332/1903/1601 1417/2005/1617 1402/1990/1618
f 1334/1905/1603 1333/1904/1602 1402/1990/1618 1403/1991/1619
f 1335/1906/1604 1334/1905/1603 1403/1991/1619 1404/1992/1620
f 1336/1907/1605 1335/1906/1604 1404/1992/1620 1405/1993/1621
f 1337/1908/1606 1336/1907/1605 1405/1993/1621 1406/1994/1622
f 1338/1909/1607 1337/1908/1606 1406/1994/1622 1407/1995/1623
f 1323/1895/1592 1338/1909/1607 1407/1995/1623 1408/1996/1608
f 1436/2006/1624 1435/2007/1625 1429/1920/1554 1430/1921/1555
f 1437/2008/1626 1436/2006/1624 1430/1921/1555 1431/1922/1556
f 1438/2009/1627 1437/2008/1626 1431/1922/1556 1432/1923/1557
f 1439/2010/1628 1438/2009/1627 1432/1923/1557 1433/1924/1558
f 1440/2011/1629 1439/2010/1628 1433/1924/1558 1434/1925/1559
f 1441/2012/1630 1440/2011/1629 1434/1925/1559 1418/1911/1544
f 1442/2013/1631 1441/2012/1630 1418/1911/1544 1419/1910/1543
f 1443/2014/1632 1442/2013/1631 1419/1910/1543 1421/1912/1546
f 1444/2015/1633 1443/2014/1632 1421/1912/1546 1422/1913/1547
f 1445/2016/1634 1444/2015/1633 1422/1913/1547 1423/1914/1548
f 1446/2017/1635 1445/2016/1634 1423/1914/1548 1424/1915/1549
f 1447/2018/1636 1446/2017/1635 1424/1915/1549 1425/1916/1550
f 1448/2019/1637 1447/2018/1636 1425/1916/1550 1426/1917/1551
f 1449/2020/1638 1448/2019/1637 1426/1917/1551 1427/1918/1552
f 1450/2021/1639 1449/2020/1638 1427/1918/1552 1428/1919/1553
f 1435/2007/1625 1450/2021/1639 1428/1919/1553 1429/1920/1554
f 1356/1943/1640 1355/1942/1641 1339/1926/1642 1340/1927/1643
f 1357/1944/1644 1356/1943/1640 1340/1927/1643 1341/1928/1645
f 1358/1945/1646 1357/1944/1644 1341/1928/1645 1342/1929/1647
f 1359/1946/1648 1358/1945/1646 1342/1929/1647 1343/1930/1649
f 1360/1947/1650 1359/1946/1648 1343/1930/1649 1344/1931/1651
f 1361/1948/1652 1360/1947/1650 1344/1931/1651 1345/1932/1653
f 1362/1949/1654 1361/1948/1652 1345/1932/1653 1346/1933/1655
f 1363/1950/1656 1362/1949/1654 1346/1933/1655 1347/1934/1657
f 1364/1951/1658 1363/1950/1656 1347/1934/1657 1348/1935/1659
f 1365/1952/1660 1364/1951/1658 1348/1935/1659 1349/1936/1661
f 1366/1953/1662 1365/1952/1660 1349/1936/1661 1350/1937/1663
f 1367/1954/1664 1366/1953/1662 1350/1937/1663 1351/1938/1665
f 1368/1955/1666 1367/1954/1664 1351/1938/1665 1352/1939/1667
f 1369/1956/1668 1368/1955/1666 1352/1939/1667 1353/1940/1669
f 1370/1957/1670 1369/1956/1668 1353/1940/1669 1354/1941/1671
f 1355/1942/1641 1370/1957/1670 1354/1941/1671 1339/1926/1642
f 1452/1959/1672 1451/2022/1673 1453/2023/1674 1454/2024/1675
f 1455/2026/1676 1452/1959/1672 1454/2024/1675 1456/2025/1677
f 1373/1961/1678 1372/1960/1679 1357/1944/1644 1358/1945/1646
f 1374/1962/1680 1373/1961/1678 1358/1945/1646 1359/1946/1648
f 1375/1963/1681 1374/1962/1680 1359/1946/1648 1360/1947/1650
f 1376/1964/1682 1375/1963/1681 1360/1947/1650 1361/1948/1652
f 1377/1965/1683 1376/1964/1682 1361/1948/1652 1362/1949/1654
f 1378/1966/1684 1377/1965/1683 1362/1949/1654 1363/1950/1656
f 1379/1967/1685 1378/1966/1684 1363/1950/1656 1364/1951/1658
f 1380/1968/1686 1379/1967/1685 1364/1951/1658 1365/1952/1660
f 1381/1969/1687 1380/1968/1686 1365/1952/1660 1366/1953/1662
f 1382/1970/1688 1381/1969/1687 1366/1953/1662 1367/1954/1664
f 1383/1971/1689 1382/1970/1688 1367/1954/1664 1368/1955/1666
f 1384/1972/1690 1383/1971/1689 1368/1955/1666 1369/1956/1668
f 1385/1973/1691 1384/1972/1690 1369/1956/1668 1370/1957/1670
f 1371/1958/1692 1385/1973/1691 1370/1957/1670 1355/1942/1641
f 1458/2027/1693 1457/2028/1694 1451/2022/1673 1452/1959/1672
f 1459/2029/1695 1458/2027/1693 1452/1959/1672 1455/2026/1676
f 1389/1977/1696 1388/1976/1697 1372/1960/1679 1373/1961/1678
f 1390/1978/1698 1389/1977/1696 1373/1961/1678 1374/1962/1680
f 1391/1979/1699 1390/1978/1698 1374/1962/1680 1375/1963/1681
f 1392/1980/1700 1391/1979/1699 1375/1963/1681 1376/1964/1682
f 1393/1981/1701 1392/1980/1700 1376/1964/1682 1377/1965/1683
f 1394/1982/1702 1393/1981/1701 1377/1965/1683 1378/1966/1684
f 1395/1983/1703 1394/1982/1702 1378/1966/1684 1379/1967/1685
f 1396/1984/1704 1395/1983/1703 1379/1967/1685 1380/1968/1686
f 1397/1985/1705 1396/1984/1704 1380/1968/1686 1381/1969/1687
f 1398/1986/1706 1397/1985/1705 1381/1969/1687 1382/1970/1688
f 1399/1987/1707 1398/1986/1706 1382/1970/1688 1383/1971/1689
f 1400/1988/1708 1399/1987/1707 1383/1971/1689 1384/1972/1690
f 1401/1989/1709 1400/1988/1708 1384/1972/1690 1385/1973/1691
f 1386/1974/1710 1401/1989/1709 1385/1973/1691 1371/1958/1692
f 1403/1991/1619 1402/1990/1618 1386/1974/1710 1387/1975/1711
f 1404/1992/1620 1403/1991/1619 1387/1975/1711 1388/1976/1697
f 1405/1993/1621 1404/1992/1620 1388/1976/1697 1389/1977/1696
f 1406/1994/1622 1405/1993/1621 1389/1977/1696 1390/1978/1698
f 1407/1995/1623 1406/1994/1622 1390/1978/1698 1391/1979/1699
f 1408/1996/1608 1407/1995/1623 1391/1979/1699 1392/1980/1700
f 1409/1997/1609 1408/1996/1608 1392/1980/1700 1393/1981/1701
f 1410/1998/1610 1409/1997/1609 1393/1981/1701 1394/1982/1702
f 1411/1999/1611 1410/1998/1610 1394/1982/1702 1395/1983/1703
f 1412/2000/1612 1411/1999/1611 1395/1983/1703 1396/1984/1704
f 1413/2001/1613 1412/2000/1612 1396/1984/1704 1397/1985/1705
f 1414/2002/1614 1413/2001/1613 1397/1985/1705 1398/1986/1706
f 1415/2003/1615 1414/2002/1614 1398/1986/1706 1399/1987/1707
f 1416/2004/1616 1415/2003/1615 1399/1987/1707 1400/1988/1708
f 1417/2005/1617 1416/2004/1616 1400/1988/1708 1401/1989/1709
f 1402/1990/1618 1417/2005/1617 1401/1989/1709 1386/1974/1710
f 1340/1927/1643 1339/1926/1642 1435/2007/1625 1436/2006/1624
f 1341/1928/1645 1340/1927/1643 1436/2006/1624 1437/2008/1626
f 1342/1929/1647 1341/1928/1645 1437/2008/1626 1438/2009/1627
f 1343/1930/1649 1342/1929/1647 1438/2009/1627 1439/2010/1628
f 1344/1931/1651 1343/1930/1649 1439/2010/1628 1440/2011/1629
f 1345/1932/1653 1344/1931/1651 1440/2011/1629 1441/2012/1630
f 1346/1933/1655 1345/1932/1653 1441/2012/1630 1442/2013/1631
f 1347/1934/1657 1346/1933/1655 1442/2013/1631 1443/2014/1632
f 1348/1935/1659 1347/1934/1657 1443/2014/1632 1444/2015/1633
f 1349/1936/1661 1348/1935/1659 1444/2015/1633 1445/2016/1634
f 1350/1937/1663 1349/1936/1661 1445/2016/1634 1446/2017/1635
f 1351/1938/1665 1350/1937/1663 1446/2017/1635 1447/2018/1636
f 1352/1939/1667 1351/1938/1665 1447/2018/1636 1448/2019/1637
f 1353/1940/1669 1352/1939/1667 1448/2019/1637 1449/2020/1638
f 1354/1941/1671 1353/1940/1669 1449/2020/1638 1450/2021/1639
f 1339/1926/1642 1354/1941/1671 1450/2021/1639 1435/2007/1625
f 1371/1958/1692 1355/1942/1641 1453/2023/1674 1451/2022/1673
f 1355/1942/1641 1356/1943/1640 1454/2024/1675 1453/2023/1674
f 1356/1943/1640 1357/1944/1644 1456/2025/1677 1454/2024/1675
f 1357/1944/1644 1372/1960/1679 1455/2026/1676 1456/2025/1677
f 1387/1975/1711 1386/1974/1710 1457/2028/1694 1458/2027/1693
f 1386/1974/1710 1371/1958/1692 1451/2022/1673 1457/2028/1694
f 1388/1976/1697 1387/1975/1711 1458/2027/1693 1459/2029/1695
f 1372/1960/1679 1388/1976/1697 1459/2029/1695 1455/2026/1676
g default
v 2.634732 -1.567106 0.275347
v 2.643500 -1.551030 0.299006
v 2.668479 -1.532607 0.313458
v 2.679408 -1.517903 0.305517
v 2.695396 -1.508791 0.285771
v 2.710426 -1.508573 0.259018
v 2.717191 -1.521889 0.232212
v 2.717157 -1.540590 0.212749
v 2.712068 -1.558804 0.206339
v 2.681249 -1.573717 0.206238
v 2.656527 -1.580204 0.221788
v 2.640329 -1.576237 0.247042
v 2.497295 -1.500640 0.137535
v 2.513174 -1.490188 0.117417
v 2.529533 -1.466010 0.109369
v 2.538004 -1.442275 0.115804
v 2.539992 -1.418253 0.134761
v 2.532748 -1.404655 0.161303
v 2.518197 -1.405155 0.188320
v 2.500255 -1.419588 0.208572
v 2.485944 -1.439813 0.216488
v 2.475424 -1.467501 0.210185
v 2.475501 -1.487541 0.191094
v 2.483753 -1.499194 0.164486
v 2.539581 -1.530477 0.162039
v 2.555459 -1.520025 0.141921
v 2.575389 -1.488957 0.133640
v 2.583860 -1.465222 0.140076
v 2.585848 -1.441201 0.159033
v 2.578604 -1.427602 0.185575
v 2.564053 -1.428102 0.212592
v 2.546111 -1.442536 0.232844
v 2.531800 -1.462760 0.240759
v 2.517710 -1.497338 0.234689
v 2.517786 -1.517378 0.215598
v 2.526038 -1.529031 0.188990
v 2.589007 -1.546535 0.186078
v 2.604886 -1.536083 0.165961
v 2.621246 -1.511905 0.157912
v 2.629680 -1.488216 0.164344
v 2.631564 -1.464505 0.183335
v 2.624359 -1.450926 0.209898
v 2.609769 -1.451407 0.236894
v 2.591930 -1.465529 0.257112
v 2.577656 -1.485708 0.265031
v 2.567137 -1.513396 0.258729
v 2.567213 -1.533436 0.239638
v 2.575465 -1.545089 0.213030
v 2.634863 -1.569482 0.210350
v 2.650742 -1.559030 0.190233
v 2.666428 -1.535548 0.182080
v 2.672410 -1.515597 0.188428
v 2.673370 -1.495312 0.207881
v 2.666613 -1.481984 0.234687
v 2.651576 -1.482214 0.261440
v 2.634661 -1.492910 0.281196
v 2.622838 -1.509351 0.289199
v 2.612993 -1.536343 0.283001
v 2.613069 -1.556384 0.263910
v 2.621321 -1.568037 0.237302
v 2.490246 -1.478714 0.105281
v 2.506605 -1.454536 0.097233
v 2.515076 -1.430801 0.103668
v 2.517064 -1.406779 0.122625
v 2.509820 -1.393181 0.149167
v 2.495269 -1.393681 0.176185
v 2.477327 -1.408114 0.196436
v 2.463016 -1.428339 0.204352
v 2.452497 -1.456027 0.198049
v 2.452573 -1.476067 0.178959
v 2.460825 -1.487720 0.152351
v 2.474367 -1.489166 0.125399
v 2.375071 -1.451086 0.150095
v 2.375215 -1.425217 0.174280
v 2.388428 -1.390355 0.182278
v 2.406550 -1.364754 0.172245
v 2.429271 -1.346502 0.146574
v 2.447708 -1.345884 0.112326
v 2.456899 -1.363106 0.078679
v 2.454403 -1.393514 0.054647
v 2.443684 -1.423563 0.046488
v 2.423068 -1.453976 0.056683
v 2.402699 -1.467690 0.082200
v 2.386154 -1.464657 0.116325
v 2.512288 -1.458332 0.082907
v 2.491550 -1.488982 0.093110
v 2.523027 -1.428245 0.091065
v 2.525546 -1.397793 0.115096
v 2.516363 -1.380555 0.148742
v 2.497918 -1.381189 0.182991
v 2.475174 -1.399485 0.208663
v 2.457032 -1.425123 0.218697
v 2.443697 -1.460223 0.210708
v 2.443793 -1.485627 0.186507
v 2.454254 -1.500399 0.152778
v 2.471421 -1.502231 0.118612
v 2.694057 -1.576434 0.315502
v 2.700673 -1.556776 0.320588
v 2.708553 -1.546239 0.314016
v 2.720556 -1.539804 0.297653
v 2.732618 -1.539841 0.275695
v 2.738405 -1.550531 0.253789
v 2.739468 -1.564818 0.238042
v 2.736371 -1.578231 0.232861
v 2.724972 -1.595014 0.239528
v 2.713982 -1.591439 0.296668
v 2.713799 -1.581988 0.305949
v 2.734390 -1.575929 0.285242
v 2.718022 -1.569949 0.308994
v 2.723441 -1.562447 0.305093
v 2.731013 -1.557411 0.295276
v 2.738114 -1.557278 0.282196
v 2.741597 -1.563773 0.269265
v 2.741774 -1.573465 0.260040
v 2.739191 -1.582672 0.256970
v 2.732132 -1.593006 0.260896
v 2.724567 -1.597800 0.270656
v 2.718292 -1.596516 0.283726
v 2.640728 -1.567669 0.273630
v 2.649481 -1.554264 0.294792
v 2.696794 -1.580844 0.317694
v 2.682289 -1.573981 0.214166
v 2.659670 -1.579053 0.227081
v 2.727709 -1.599424 0.241720
v 2.645181 -1.575399 0.248811
v 2.722687 -1.598835 0.302019
v 2.715257 -1.588866 0.308224
v 2.733590 -1.599884 0.263171
v 2.733271 -1.605196 0.276007
v 2.726996 -1.603912 0.289077
v 2.642202 -1.569986 0.273846
v 2.650897 -1.556575 0.294288
v 2.696687 -1.598151 0.301314
v 2.696596 -1.582344 0.316430
v 2.682613 -1.575636 0.216348
v 2.660513 -1.580991 0.228847
v 2.726482 -1.600305 0.242987
v 2.713942 -1.608520 0.258912
v 2.646444 -1.577579 0.249858
v 2.703657 -1.606533 0.280221
v 2.721770 -1.599942 0.301385
v 2.714469 -1.590051 0.307274
v 2.732191 -1.600702 0.263721
v 2.732002 -1.606091 0.276240
v 2.725903 -1.604912 0.288877
v 2.681769 -1.573849 0.210202
v 2.658099 -1.579629 0.224434
v 2.642755 -1.575818 0.247927
v 2.637730 -1.567388 0.274489
v 2.646490 -1.552647 0.296899
v 2.695426 -1.578639 0.316598
v 2.714528 -1.585427 0.307087
v 2.718334 -1.595137 0.299343
v 2.722644 -1.600214 0.286401
v 2.728919 -1.601498 0.273332
v 2.732861 -1.596445 0.262033
v 2.726341 -1.597219 0.240624
v 2.686841 -1.596284 0.243165
v 2.674293 -1.593517 0.265089
v 2.668440 -1.585225 0.288385
v 2.672746 -1.570036 0.306705
v 2.672141 -1.568076 0.307633
v 2.669950 -1.566131 0.308191
v 2.667760 -1.564186 0.308748
v 2.683413 -1.544868 0.318669
v 2.692733 -1.532471 0.311154
v 2.707280 -1.524493 0.292514
v 2.721318 -1.524462 0.267336
v 2.727790 -1.536820 0.242109
v 2.728259 -1.553822 0.223850
v 2.724435 -1.569522 0.217858
v 2.703286 -1.585537 0.221444
v 2.704198 -1.586714 0.224027
v 2.705110 -1.587890 0.226611
v 2.704617 -1.589190 0.228382
v 2.548966 -1.540505 0.201126
v 2.562509 -1.541950 0.174174
v 2.578387 -1.531498 0.154057
v 2.598317 -1.500431 0.145776
v 2.606788 -1.476696 0.152212
v 2.608776 -1.452674 0.171169
v 2.601532 -1.439076 0.197711
v 2.586981 -1.439576 0.224728
v 2.569039 -1.454009 0.244980
v 2.554728 -1.474234 0.252895
v 2.540638 -1.508812 0.246825
v 2.540714 -1.528852 0.227734
vt 0.635316 0.078125
vt 0.578125 0.020934
vt 0.500000 0.000000
vt 0.421875 0.020934
vt 0.364684 0.078125
vt 0.343750 0.156250
vt 0.364684 0.234375
vt 0.421875 0.291566
vt 0.500000 0.312500
vt 0.578125 0.291566
vt 0.635316 0.234375
vt 0.656250 0.156250
vt 0.375000 0.312500
vt 0.395833 0.312500
vt 0.416667 0.312500
vt 0.437500 0.312500
vt 0.458333 0.312500
vt 0.479167 0.312500
vt 0.500000 0.312500
vt 0.520833 0.312500
vt 0.541667 0.312500
vt 0.562500 0.312500
vt 0.583333 0.312500
vt 0.604167 0.312500
vt 0.625000 0.312500
vt 0.375000 0.687500
vt 0.395833 0.687500
vt 0.416667 0.687500
vt 0.437500 0.687500
vt 0.458333 0.687500
vt 0.479167 0.687500
vt 0.500000 0.687500
vt 0.520833 0.687500
vt 0.541667 0.687500
vt 0.562500 0.687500
vt 0.583333 0.687500
vt 0.604167 0.687500
vt 0.625000 0.687500
vt 0.500000 0.156250
vt 0.583333 0.562500
vt 0.562500 0.562500
vt 0.541667 0.562500
vt 0.520833 0.562500
vt 0.500000 0.562500
vt 0.479167 0.562500
vt 0.458333 0.562500
vt 0.437500 0.562500
vt 0.416667 0.562500
vt 0.395833 0.562500
vt 0.625000 0.562500
vt 0.375000 0.562500
vt 0.604167 0.562500
vt 0.583333 0.500000
vt 0.562500 0.500000
vt 0.541667 0.500000
vt 0.520833 0.500000
vt 0.500000 0.500000
vt 0.479167 0.500000
vt 0.458333 0.500000
vt 0.437500 0.500000
vt 0.416667 0.500000
vt 0.395833 0.500000
vt 0.625000 0.500000
vt 0.375000 0.500000
vt 0.604167 0.500000
vt 0.583333 0.437500
vt 0.562500 0.437500
vt 0.541667 0.437500
vt 0.520833 0.437500
vt 0.500000 0.437500
vt 0.479167 0.437500
vt 0.458333 0.437500
vt 0.437500 0.437500
vt 0.416667 0.437500
vt 0.395833 0.437500
vt 0.625000 0.437500
vt 0.375000 0.437500
vt 0.604167 0.437500
vt 0.583333 0.375000
vt 0.562500 0.375000
vt 0.541667 0.375000
vt 0.520833 0.375000
vt 0.500000 0.375000
vt 0.479167 0.375000
vt 0.458333 0.375000
vt 0.437500 0.375000
vt 0.416667 0.375000
vt 0.395833 0.375000
vt 0.625000 0.375000
vt 0.375000 0.375000
vt 0.604167 0.375000
vt 0.562500 0.593750
vt 0.541667 0.593750
vt 0.520833 0.593750
vt 0.500000 0.593750
vt 0.479167 0.593750
vt 0.458333 0.593750
vt 0.437500 0.593750
vt 0.416667 0.593750
vt 0.395833 0.593750
vt 0.625000 0.593750
vt 0.375000 0.593750
vt 0.604167 0.593750
vt 0.583333 0.593750
vt 0.541667 0.593750
vt 0.562500 0.593750
vt 0.520833 0.593750
vt 0.500000 0.593750
vt 0.479167 0.593750
vt 0.458333 0.593750
vt 0.437500 0.593750
vt 0.416667 0.593750
vt 0.395833 0.593750
vt 0.375000 0.593750
vt 0.604167 0.593750
vt 0.625000 0.593750
vt 0.583333 0.593750
vt 0.578125 0.020934
vt 0.635316 0.078125
vt 0.500000 0.000000
vt 0.421875 0.020934
vt 0.364684 0.078125
vt 0.343750 0.156250
vt 0.364684 0.234375
vt 0.421875 0.291566
vt 0.500000 0.312500
vt 0.578125 0.291566
vt 0.635316 0.234375
vt 0.656250 0.156250
vt 0.578125 0.020934
vt 0.635316 0.078125
vt 0.500000 0.000000
vt 0.421875 0.020934
vt 0.364684 0.078125
vt 0.343750 0.156250
vt 0.364684 0.234375
vt 0.421875 0.291566
vt 0.500000 0.312500
vt 0.578125 0.291566
vt 0.635316 0.234375
vt 0.656250 0.156250
vt 0.578125 0.020934
vt 0.635316 0.078125
vt 0.578125 0.020934
vt 0.635316 0.234375
vt 0.578125 0.291566
vt 0.578125 0.291566
vt 0.656250 0.156250
vt 0.635316 0.078125
vt 0.578125 0.020934
vt 0.578125 0.291566
vt 0.635316 0.234375
vt 0.656250 0.156250
vt 0.578125 0.020934
vt 0.635316 0.078125
vt 0.578125 0.020934
vt 0.635316 0.234375
vt 0.578125 0.291566
vt 0.578125 0.291566
vt 0.656250 0.156250
vt 0.635316 0.078125
vt 0.578125 0.020934
vt 0.578125 0.291566
vt 0.635316 0.234375
vt 0.656250 0.156250
vt 0.578125 0.291566
vt 0.635316 0.234375
vt 0.656250 0.156250
vt 0.635316 0.078125
vt 0.578125 0.020934
vt 0.578125 0.020934
vt 0.578125 0.020934
vt 0.635316 0.078125
vt 0.656250 0.156250
vt 0.635316 0.234375
vt 0.578125 0.291566
vt 0.578125 0.291566
vt 0.635316 0.234375
vt 0.656250 0.156250
vt 0.635316 0.078125
vt 0.578125 0.020934
vt 0.578125 0.020934
vt 0.578125 0.020934
vt 0.578125 0.020934
vt 0.500000 0.000000
vt 0.421875 0.020934
vt 0.364684 0.078125
vt 0.343750 0.156250
vt 0.364684 0.234375
vt 0.421875 0.291566
vt 0.500000 0.312500
vt 0.578125 0.291566
vt 0.578125 0.291566
vt 0.578125 0.291566
vt 0.578125 0.291566
vt 0.604167 0.468750
vt 0.583333 0.468750
vt 0.562500 0.468750
vt 0.541667 0.468750
vt 0.520833 0.468750
vt 0.500000 0.468750
vt 0.479167 0.468750
vt 0.458333 0.468750
vt 0.437500 0.468750
vt 0.416667 0.468750
vt 0.395833 0.468750
vt 0.625000 0.468750
vt 0.375000 0.468750
vn -0.520736 -0.727621 0.446545
vn -0.510734 -0.219407 0.831271
vn -0.554095 -0.279762 0.784036
vn -0.566696 -0.717663 0.404742
vn -0.302462 0.232678 0.924326
vn -0.357769 0.228020 0.905543
vn 0.098620 0.692050 0.715081
vn 0.014486 0.686583 0.726907
vn 0.368720 0.826160 0.426033
vn 0.311436 0.847468 0.429890
vn 0.583856 0.810906 0.039272
vn 0.550353 0.834697 0.019820
vn 0.686207 0.635354 -0.354183
vn 0.650427 0.643738 -0.403171
vn 0.659291 0.355092 -0.662756
vn 0.604861 0.331773 -0.723927
vn 0.430961 -0.208103 -0.878046
vn 0.377371 -0.213793 -0.901046
vn 0.143745 -0.612744 -0.777099
vn 0.070930 -0.655396 -0.751947
vn -0.201613 -0.919411 -0.337692
vn -0.261298 -0.901204 -0.345767
vn -0.402760 -0.913371 0.059479
vn -0.453644 -0.890565 0.033196
vn 0.562931 -0.313229 0.764850
vn 0.913766 -0.199605 0.353820
vn 0.824021 -0.372929 0.426514
vn 0.517020 -0.227782 0.825109
vn 0.698937 0.116206 0.705679
vn 0.798145 0.264143 0.541473
vn 0.911000 0.280814 0.302031
vn 0.984962 0.151867 0.082373
vn 0.997595 -0.063285 -0.028267
vn 0.888291 -0.450912 -0.087280
vn 0.867895 -0.496509 0.015410
vn 0.869384 -0.172932 0.462889
vn 0.908314 -0.123186 0.399738
vn 0.072017 -0.605811 -0.792342
vn -0.328706 -0.861045 -0.388012
vn 0.234354 -0.971353 -0.039381
vn 0.540976 -0.773050 -0.331268
vn 0.362414 -0.218328 -0.906084
vn 0.778791 -0.419315 -0.466539
vn 0.557329 0.291349 -0.777496
vn 0.918166 0.009528 -0.396080
vn 0.582057 0.658426 -0.477164
vn 0.934237 0.320290 -0.156891
vn 0.459922 0.887457 -0.029881
vn 0.830109 0.515881 0.211627
vn 0.214788 0.879151 0.425393
vn 0.629577 0.503388 0.591806
vn -0.062344 0.663767 0.745337
vn 0.408518 0.315822 0.856370
vn -0.372766 0.223509 0.900605
vn 0.190361 -0.065674 0.979515
vn -0.572075 -0.218717 0.790501
vn 0.049202 -0.477499 0.877254
vn -0.637421 -0.675510 0.370649
vn -0.012905 -0.822753 0.568252
vn -0.532445 -0.846409 -0.009669
vn 0.048809 -0.965452 0.255968
vn 0.027877 -0.643233 -0.765163
vn -0.344120 -0.866360 -0.361941
vn 0.362641 -0.218442 -0.905966
vn 0.557329 0.291349 -0.777496
vn 0.582057 0.658426 -0.477164
vn 0.459922 0.887457 -0.029881
vn 0.214788 0.879151 0.425393
vn -0.062344 0.663767 0.745337
vn -0.372541 0.223396 0.900726
vn -0.592314 -0.270504 0.758942
vn -0.632217 -0.693216 0.346052
vn -0.530401 -0.847704 -0.008520
vn 0.117163 -0.646345 -0.753997
vn -0.192915 -0.929693 -0.313774
vn -0.180823 -0.945854 -0.269561
vn 0.116403 -0.694284 -0.710225
vn 0.379363 -0.221263 -0.898402
vn 0.374976 -0.224631 -0.899408
vn 0.602112 0.318277 -0.732230
vn 0.558881 0.291871 -0.776185
vn 0.646351 0.645700 -0.406575
vn 0.585667 0.658305 -0.472894
vn 0.542344 0.840018 0.015260
vn 0.465329 0.884726 -0.027013
vn 0.306520 0.849935 0.428552
vn 0.220238 0.877924 0.425140
vn 0.004773 0.677272 0.735717
vn -0.060256 0.663966 0.745331
vn -0.355772 0.220547 0.908177
vn -0.360188 0.217196 0.907243
vn -0.520247 -0.263267 0.812424
vn -0.499517 -0.324122 0.803385
vn -0.500173 -0.745034 0.441306
vn -0.464610 -0.775301 0.427839
vn -0.380842 -0.921949 0.070495
vn -0.350608 -0.932620 0.085408
vn 0.368482 -0.218712 -0.903541
vn 0.472503 -0.275706 -0.837094
vn 0.165577 -0.712730 -0.681616
vn 0.062687 -0.659937 -0.748701
vn 0.559402 0.292088 -0.775728
vn 0.660290 0.233603 -0.713755
vn 0.584455 0.657941 -0.474896
vn 0.681159 0.600699 -0.418549
vn 0.462679 0.886070 -0.028420
vn 0.558701 0.829004 0.024610
vn 0.217965 0.878198 0.425745
vn 0.316659 0.819760 0.477201
vn -0.059537 0.664065 0.745301
vn 0.045746 0.602939 0.796475
vn -0.366712 0.223133 0.903180
vn -0.255929 0.162075 0.953012
vn -0.558691 -0.286495 0.778322
vn -0.447628 -0.344199 0.825322
vn -0.574606 -0.720279 0.388621
vn -0.463544 -0.768266 0.441468
vn -0.467610 -0.883559 0.025799
vn -0.357712 -0.930231 0.081933
vn -0.278202 -0.898415 -0.339786
vn -0.169851 -0.944773 -0.280277
vn -0.637605 -0.500753 0.585411
vn -0.631256 -0.693864 0.346509
vn -0.571583 -0.727189 0.380118
vn -0.591753 -0.538108 0.600223
vn -0.391276 -0.215694 0.894639
vn -0.234727 0.035116 0.971427
vn 0.308491 0.555311 0.772310
vn 0.562431 0.657043 0.501961
vn 0.762693 0.627437 0.156913
vn 0.850526 0.483901 -0.206024
vn 0.828242 0.242945 -0.504968
vn 0.479584 -0.394179 -0.783979
vn 0.273608 -0.615283 -0.739300
vn -0.343220 -0.866971 -0.361333
vn -0.157822 -0.789099 -0.593646
vn -0.120591 -0.821272 -0.557647
vn -0.282766 -0.900765 -0.329645
vn -0.526446 -0.850186 -0.006304
vn -0.465868 -0.884450 0.026726
vn -0.436476 -0.606349 0.664703
vn -0.390214 -0.798940 0.457632
vn -0.023175 -0.866570 0.498518
vn 0.025301 -0.625435 0.779866
vn 0.045000 -0.059000 0.997243
vn -0.011990 -0.221448 0.975098
vn 0.476100 0.423877 0.770492
vn 0.645280 0.556866 0.522985
vn 0.808054 0.556712 0.192667
vn 0.908676 0.398568 -0.124304
vn 0.927998 0.152290 -0.340039
vn 0.685573 -0.443978 -0.576951
vn 0.602892 -0.590987 -0.535962
vn -0.110586 -0.966994 -0.229549
vn 0.024461 -0.883368 -0.468041
vn 0.434826 -0.871556 -0.226532
vn 0.173429 -0.984726 0.015369
vn -0.299880 -0.947646 0.109725
vn 0.003140 -0.971074 0.238760
vn 0.013202 -0.896060 0.443737
vn -0.233655 -0.893567 0.383333
vn -0.554055 -0.729666 0.400762
vn -0.061053 -0.997299 -0.040833
vn 0.158802 -0.983564 0.085928
vn -0.256666 -0.908394 -0.330064
vn 0.044172 -0.966130 0.254247
vn 0.773299 0.548066 0.318798
vn 0.742744 0.660576 -0.109414
vn 0.239656 0.274616 0.931209
vn 0.865057 0.492920 0.093305
vn 0.837952 -0.084954 -0.539090
vn 0.576638 0.760404 0.298789
vn 0.623414 0.779342 0.063088
vn -0.323113 -0.830923 0.452952
vn -0.359103 -0.810432 0.462866
vn -0.586351 -0.566274 0.579246
vn -0.086274 -0.974400 -0.207608
vn -0.069922 -0.983088 -0.169259
vn -0.135156 -0.837438 -0.529557
vn -0.413365 -0.908958 0.054084
vn 0.829953 0.530841 0.171424
vn 0.741987 0.253361 0.620696
vn -0.045804 -0.158445 0.986305
vn 0.595893 -0.544098 -0.590651
vn 0.994846 0.101396 -0.000699
vn 0.805724 0.545402 0.230967
vn 0.782079 0.599046 0.171745
s 1
g group1 pCylinder5
usemtl initialShadingGroup
f 1460/2042/1712 1461/2043/1713 1517/2117/1714 1518/2119/1715
f 1461/2043/1713 1462/2044/1716 1516/2116/1717 1517/2117/1714
f 1462/2044/1716 1463/2045/1718 1515/2115/1719 1516/2116/1717
f 1463/2045/1718 1464/2046/1720 1514/2114/1721 1515/2115/1719
f 1464/2046/1720 1465/2047/1722 1513/2113/1723 1514/2114/1721
f 1465/2047/1722 1466/2048/1724 1512/2112/1725 1513/2113/1723
f 1466/2048/1724 1467/2049/1726 1511/2111/1727 1512/2112/1725
f 1467/2049/1726 1468/2050/1728 1510/2110/1729 1511/2111/1727
f 1468/2050/1728 1469/2051/1730 1509/2109/1731 1510/2110/1729
f 1469/2051/1730 1470/2052/1732 1508/2108/1733 1509/2109/1731
f 1470/2052/1732 1471/2053/1734 1519/2120/1735 1508/2108/1733
f 1471/2053/1734 1460/2054/1712 1518/2118/1715 1519/2120/1735
f 1566/2159/1736 1565/2160/1737 1567/2068/1738
f 1568/2161/1739 1566/2159/1736 1567/2068/1738
f 1569/2162/1740 1568/2161/1739 1567/2068/1738
f 1570/2163/1741 1569/2162/1740 1567/2068/1738
f 1571/2164/1742 1570/2163/1741 1567/2068/1738
f 1572/2165/1743 1571/2164/1742 1567/2068/1738
f 1573/2166/1744 1572/2165/1743 1567/2068/1738
f 1574/2167/1745 1573/2166/1744 1567/2068/1738
f 1575/2168/1746 1574/2167/1745 1567/2068/1738
f 1576/2169/1747 1575/2168/1746 1567/2068/1738
f 1577/2170/1748 1576/2169/1747 1567/2068/1738
f 1565/2160/1737 1577/2170/1748 1567/2068/1738
f 1473/2070/1749 1472/2069/1750 1531/2133/1751 1520/2121/1752
f 1474/2071/1753 1473/2070/1749 1520/2121/1752 1521/2122/1754
f 1475/2072/1755 1474/2071/1753 1521/2122/1754 1522/2123/1756
f 1476/2073/1757 1475/2072/1755 1522/2123/1756 1523/2124/1758
f 1477/2074/1759 1476/2073/1757 1523/2124/1758 1524/2125/1760
f 1478/2075/1761 1477/2074/1759 1524/2125/1760 1525/2126/1762
f 1479/2076/1763 1478/2075/1761 1525/2126/1762 1526/2127/1764
f 1480/2077/1765 1479/2076/1763 1526/2127/1764 1527/2128/1766
f 1481/2078/1767 1480/2077/1765 1527/2128/1766 1528/2129/1768
f 1482/2080/1769 1481/2078/1767 1528/2129/1768 1529/2131/1770
f 1483/2081/1771 1482/2079/1769 1529/2130/1770 1530/2132/1772
f 1472/2069/1750 1483/2081/1771 1530/2132/1772 1531/2133/1751
f 1485/2083/1773 1484/2082/1774 1472/2069/1750 1473/2070/1749
f 1486/2084/1775 1485/2083/1773 1473/2070/1749 1474/2071/1753
f 1487/2085/1776 1486/2084/1775 1474/2071/1753 1475/2072/1755
f 1488/2086/1777 1487/2085/1776 1475/2072/1755 1476/2073/1757
f 1489/2087/1778 1488/2086/1777 1476/2073/1757 1477/2074/1759
f 1490/2088/1779 1489/2087/1778 1477/2074/1759 1478/2075/1761
f 1491/2089/1780 1490/2088/1779 1478/2075/1761 1479/2076/1763
f 1492/2090/1781 1491/2089/1780 1479/2076/1763 1480/2077/1765
f 1493/2091/1782 1492/2090/1781 1480/2077/1765 1481/2078/1767
f 1494/2093/1783 1493/2091/1782 1481/2078/1767 1482/2080/1769
f 1495/2094/1784 1494/2092/1783 1482/2079/1769 1483/2081/1771
f 1484/2082/1774 1495/2094/1784 1483/2081/1771 1472/2069/1750
f 1497/2096/1785 1496/2095/1786 1636/2226/1787 1637/2227/1788
f 1498/2097/1789 1497/2096/1785 1637/2227/1788 1638/2228/1790
f 1499/2098/1791 1498/2097/1789 1638/2228/1790 1639/2229/1792
f 1500/2099/1793 1499/2098/1791 1639/2229/1792 1640/2230/1794
f 1501/2100/1795 1500/2099/1793 1640/2230/1794 1641/2231/1796
f 1502/2101/1797 1501/2100/1795 1641/2231/1796 1642/2232/1798
f 1503/2102/1799 1502/2101/1797 1642/2232/1798 1643/2233/1800
f 1504/2103/1801 1503/2102/1799 1643/2233/1800 1644/2234/1802
f 1505/2104/1803 1504/2103/1801 1644/2234/1802 1645/2235/1804
f 1506/2106/1805 1505/2104/1803 1645/2235/1804 1646/2237/1806
f 1507/2107/1807 1506/2105/1805 1646/2236/1806 1635/2225/1808
f 1496/2095/1786 1507/2107/1807 1635/2225/1808 1636/2226/1787
f 1509/2109/1731 1508/2108/1733 1496/2095/1786 1497/2096/1785
f 1510/2110/1729 1509/2109/1731 1497/2096/1785 1498/2097/1789
f 1511/2111/1727 1510/2110/1729 1498/2097/1789 1499/2098/1791
f 1512/2112/1725 1511/2111/1727 1499/2098/1791 1500/2099/1793
f 1513/2113/1723 1512/2112/1725 1500/2099/1793 1501/2100/1795
f 1514/2114/1721 1513/2113/1723 1501/2100/1795 1502/2101/1797
f 1515/2115/1719 1514/2114/1721 1502/2101/1797 1503/2102/1799
f 1516/2116/1717 1515/2115/1719 1503/2102/1799 1504/2103/1801
f 1517/2117/1714 1516/2116/1717 1504/2103/1801 1505/2104/1803
f 1518/2119/1715 1517/2117/1714 1505/2104/1803 1506/2106/1805
f 1519/2120/1735 1518/2118/1715 1506/2105/1805 1507/2107/1807
f 1508/2108/1733 1519/2120/1735 1507/2107/1807 1496/2095/1786
f 1540/2063/1809 1544/2134/1810 1545/2135/1811 1541/2064/1812
f 1539/2062/1813 1546/2136/1814 1544/2134/1810 1540/2063/1809
f 1538/2061/1815 1547/2137/1816 1546/2136/1814 1539/2062/1813
f 1537/2060/1817 1548/2138/1818 1547/2137/1816 1538/2061/1815
f 1536/2059/1819 1549/2139/1820 1548/2138/1818 1537/2060/1817
f 1535/2058/1821 1550/2140/1822 1549/2139/1820 1536/2059/1819
f 1534/2057/1823 1551/2141/1824 1550/2140/1822 1535/2058/1821
f 1533/2056/1825 1552/2142/1826 1551/2141/1824 1534/2057/1823
f 1532/2055/1827 1553/2143/1828 1552/2142/1826 1533/2056/1825
f 1543/2066/1829 1554/2144/1830 1553/2145/1828 1532/2067/1827
f 1542/2065/1831 1555/2146/1832 1554/2144/1830 1543/2066/1829
f 1541/2064/1812 1545/2135/1811 1555/2146/1832 1542/2065/1831
f 1521/2122/1754 1520/2121/1752 1545/2135/1811 1544/2134/1810
f 1522/2123/1756 1521/2122/1754 1544/2134/1810 1546/2136/1814
f 1523/2124/1758 1522/2123/1756 1546/2136/1814 1547/2137/1816
f 1524/2125/1760 1523/2124/1758 1547/2137/1816 1548/2138/1818
f 1525/2126/1762 1524/2125/1760 1548/2138/1818 1549/2139/1820
f 1526/2127/1764 1525/2126/1762 1549/2139/1820 1550/2140/1822
f 1527/2128/1766 1526/2127/1764 1550/2140/1822 1551/2141/1824
f 1528/2129/1768 1527/2128/1766 1551/2141/1824 1552/2142/1826
f 1529/2131/1770 1528/2129/1768 1552/2142/1826 1553/2143/1828
f 1530/2132/1772 1529/2130/1770 1553/2145/1828 1554/2144/1830
f 1531/2133/1751 1530/2132/1772 1554/2144/1830 1555/2146/1832
f 1520/2121/1752 1531/2133/1751 1555/2146/1832 1545/2135/1811
f 1591/2183/1833 1590/2184/1834 1619/2209/1835 1620/2210/1836
f 1462/2032/1716 1461/2031/1713 1623/2213/1837 1624/2214/1838
f 1463/2033/1718 1462/2032/1716 1624/2214/1838 1625/2215/1839
f 1464/2034/1720 1463/2033/1718 1625/2215/1839 1626/2216/1840
f 1465/2035/1722 1464/2034/1720 1626/2216/1840 1627/2217/1841
f 1466/2036/1724 1465/2035/1722 1627/2217/1841 1628/2218/1842
f 1467/2037/1726 1466/2036/1724 1628/2218/1842 1629/2219/1843
f 1468/2038/1728 1467/2037/1726 1629/2219/1843 1630/2220/1844
f 1469/2039/1730 1468/2038/1728 1630/2220/1844 1631/2221/1845
f 1595/2186/1846 1594/2187/1847 1634/2224/1848 1617/2207/1849
f 1598/2189/1850 1595/2186/1846 1617/2207/1849 1618/2208/1851
f 1590/2184/1834 1598/2189/1850 1618/2208/1851 1619/2209/1835
f 1593/2185/1852 1592/2148/1853 1600/2190/1854 1601/2191/1855
f 1557/2149/1856 1556/2147/1857 1566/2159/1736 1568/2161/1739
f 1558/2150/1858 1557/2149/1856 1568/2161/1739 1569/2162/1740
f 1559/2151/1859 1558/2150/1858 1569/2162/1740 1570/2163/1741
f 1560/2152/1860 1559/2151/1859 1570/2163/1741 1571/2164/1742
f 1561/2153/1861 1560/2152/1860 1571/2164/1742 1572/2165/1743
f 1562/2154/1862 1561/2153/1861 1572/2165/1743 1573/2166/1744
f 1563/2155/1863 1562/2154/1862 1573/2166/1744 1574/2167/1745
f 1564/2156/1864 1563/2155/1863 1574/2167/1745 1575/2168/1746
f 1597/2157/1865 1596/2188/1866 1602/2192/1867 1603/2193/1868
f 1599/2158/1869 1597/2157/1865 1603/2193/1868 1604/2194/1870
f 1592/2148/1853 1599/2158/1869 1604/2194/1870 1600/2190/1854
f 1461/2031/1713 1460/2030/1712 1608/2198/1871 1609/2199/1872
f 1623/2213/1837 1461/2031/1713 1609/2199/1872 1622/2212/1873
f 1470/2040/1732 1469/2039/1730 1605/2195/1874 1606/2196/1875
f 1469/2039/1730 1631/2221/1845 1632/2222/1876 1605/2195/1874
f 1471/2041/1734 1470/2040/1732 1606/2196/1875 1607/2197/1877
f 1460/2030/1712 1471/2041/1734 1607/2197/1877 1608/2198/1871
f 1565/2160/1737 1566/2159/1736 1611/2201/1878 1612/2202/1879
f 1566/2159/1736 1556/2147/1857 1610/2200/1880 1611/2201/1878
f 1564/2156/1864 1575/2168/1746 1615/2205/1881 1616/2206/1882
f 1575/2168/1746 1576/2169/1747 1614/2204/1883 1615/2205/1881
f 1576/2169/1747 1577/2170/1748 1613/2203/1884 1614/2204/1883
f 1577/2170/1748 1565/2160/1737 1612/2202/1879 1613/2203/1884
f 1579/2171/1885 1578/2172/1886 1590/2184/1834 1591/2183/1833
f 1621/2211/1887 1579/2171/1885 1591/2183/1833 1620/2210/1836
f 1582/2174/1888 1581/2175/1889 1594/2187/1847 1595/2186/1846
f 1581/2175/1889 1633/2223/1890 1634/2224/1848 1594/2187/1847
f 1584/2177/1891 1582/2174/1888 1595/2186/1846 1598/2189/1850
f 1578/2172/1886 1584/2177/1891 1598/2189/1850 1590/2184/1834
f 1585/2178/1892 1586/2179/1893 1601/2191/1855 1600/2190/1854
f 1586/2179/1893 1580/2173/1894 1593/2185/1852 1601/2191/1855
f 1583/2176/1895 1587/2180/1896 1602/2192/1867 1596/2188/1866
f 1587/2180/1896 1588/2181/1897 1603/2193/1868 1602/2192/1867
f 1588/2181/1897 1589/2182/1898 1604/2194/1870 1603/2193/1868
f 1589/2182/1898 1585/2178/1892 1600/2190/1854 1604/2194/1870
f 1606/2196/1875 1605/2195/1874 1581/2175/1889 1582/2174/1888
f 1607/2197/1877 1606/2196/1875 1582/2174/1888 1584/2177/1891
f 1608/2198/1871 1607/2197/1877 1584/2177/1891 1578/2172/1886
f 1609/2199/1872 1608/2198/1871 1578/2172/1886 1579/2171/1885
f 1622/2212/1873 1609/2199/1872 1579/2171/1885 1621/2211/1887
f 1611/2201/1878 1610/2200/1880 1580/2173/1894 1586/2179/1893
f 1612/2202/1879 1611/2201/1878 1586/2179/1893 1585/2178/1892
f 1613/2203/1884 1612/2202/1879 1585/2178/1892 1589/2182/1898
f 1614/2204/1883 1613/2203/1884 1589/2182/1898 1588/2181/1897
f 1615/2205/1881 1614/2204/1883 1588/2181/1897 1587/2180/1896
f 1616/2206/1882 1615/2205/1881 1587/2180/1896 1583/2176/1895
f 1605/2195/1874 1632/2222/1876 1633/2223/1890 1581/2175/1889
f 1618/2208/1851 1617/2207/1849 1597/2157/1865 1599/2158/1869
f 1619/2209/1835 1618/2208/1851 1599/2158/1869 1592/2148/1853
f 1620/2210/1836 1619/2209/1835 1592/2148/1853 1593/2185/1852
f 1580/2173/1894 1621/2211/1887 1620/2210/1836 1593/2185/1852
f 1610/2200/1880 1622/2212/1873 1621/2211/1887 1580/2173/1894
f 1556/2147/1857 1623/2213/1837 1622/2212/1873 1610/2200/1880
f 1624/2214/1838 1623/2213/1837 1556/2147/1857 1557/2149/1856
f 1625/2215/1839 1624/2214/1838 1557/2149/1856 1558/2150/1858
f 1626/2216/1840 1625/2215/1839 1558/2150/1858 1559/2151/1859
f 1627/2217/1841 1626/2216/1840 1559/2151/1859 1560/2152/1860
f 1628/2218/1842 1627/2217/1841 1560/2152/1860 1561/2153/1861
f 1629/2219/1843 1628/2218/1842 1561/2153/1861 1562/2154/1862
f 1630/2220/1844 1629/2219/1843 1562/2154/1862 1563/2155/1863
f 1631/2221/1845 1630/2220/1844 1563/2155/1863 1564/2156/1864
f 1632/2222/1876 1631/2221/1845 1564/2156/1864 1616/2206/1882
f 1633/2223/1890 1632/2222/1876 1616/2206/1882 1583/2176/1895
f 1634/2224/1848 1633/2223/1890 1583/2176/1895 1596/2188/1866
f 1617/2207/1849 1634/2224/1848 1596/2188/1866 1597/2157/1865
f 1636/2226/1787 1635/2225/1808 1495/2094/1784 1484/2082/1774
f 1637/2227/1788 1636/2226/1787 1484/2082/1774 1485/2083/1773
f 1638/2228/1790 1637/2227/1788 1485/2083/1773 1486/2084/1775
f 1639/2229/1792 1638/2228/1790 1486/2084/1775 1487/2085/1776
f 1640/2230/1794 1639/2229/1792 1487/2085/1776 1488/2086/1777
f 1641/2231/1796 1640/2230/1794 1488/2086/1777 1489/2087/1778
f 1642/2232/1798 1641/2231/1796 1489/2087/1778 1490/2088/1779
f 1643/2233/1800 1642/2232/1798 1490/2088/1779 1491/2089/1780
f 1644/2234/1802 1643/2233/1800 1491/2089/1780 1492/2090/1781
f 1645/2235/1804 1644/2234/1802 1492/2090/1781 1493/2091/1782
f 1646/2237/1806 1645/2235/1804 1493/2091/1782 1494/2093/1783
f 1635/2225/1808 1646/2236/1806 1494/2092/1783 1495/2094/1784
g default
v 2.867225 -1.168677 0.205901
v 2.885429 -1.181315 0.182598
v 2.909096 -1.207793 0.172951
v 2.907661 -1.228967 0.176157
v 2.903687 -1.251374 0.194153
v 2.896820 -1.267400 0.222152
v 2.887596 -1.266945 0.253817
v 2.879791 -1.255936 0.279500
v 2.876914 -1.238935 0.292280
v 2.857559 -1.208284 0.285940
v 2.851135 -1.184248 0.265566
v 2.854820 -1.171581 0.235831
v 2.646749 -1.184137 0.210475
v 2.642034 -1.207743 0.227958
v 2.641876 -1.240286 0.228541
v 2.645726 -1.264015 0.214268
v 2.653097 -1.280898 0.186935
v 2.661685 -1.281392 0.155089
v 2.669188 -1.265327 0.127270
v 2.673596 -1.237045 0.110925
v 2.674058 -1.209145 0.109212
v 2.669904 -1.180773 0.124615
v 2.662840 -1.168566 0.150810
v 2.654401 -1.170358 0.182101
v 2.705094 -1.176046 0.228321
v 2.700379 -1.199651 0.245804
v 2.700752 -1.240286 0.244419
v 2.704601 -1.264015 0.230146
v 2.711973 -1.280898 0.202813
v 2.720561 -1.281392 0.170966
v 2.728063 -1.265327 0.143148
v 2.732471 -1.237045 0.126803
v 2.732934 -1.209145 0.125090
v 2.728249 -1.172682 0.142461
v 2.721184 -1.160475 0.168656
v 2.712746 -1.162266 0.199947
v 2.764500 -1.184138 0.242231
v 2.759785 -1.207743 0.259713
v 2.759628 -1.240287 0.260297
v 2.763460 -1.263955 0.246034
v 2.770868 -1.280500 0.218800
v 2.779507 -1.280994 0.186967
v 2.786959 -1.264929 0.159135
v 2.791330 -1.236986 0.142692
v 2.791809 -1.209145 0.140967
v 2.787655 -1.180774 0.156371
v 2.780591 -1.168567 0.182566
v 2.772152 -1.170358 0.213856
v 2.823376 -1.184138 0.258109
v 2.818661 -1.207743 0.275591
v 2.818121 -1.239323 0.276323
v 2.821124 -1.258362 0.263045
v 2.829163 -1.271280 0.236927
v 2.838388 -1.271749 0.205259
v 2.845254 -1.255709 0.177263
v 2.848994 -1.231393 0.159703
v 2.850302 -1.208182 0.156994
v 2.846531 -1.180774 0.172249
v 2.839467 -1.168567 0.198444
v 2.831028 -1.170358 0.229734
v 2.612596 -1.207743 0.220019
v 2.612439 -1.240286 0.220603
v 2.616288 -1.264015 0.206329
v 2.623659 -1.280898 0.178996
v 2.632248 -1.281391 0.147150
v 2.639750 -1.265327 0.119331
v 2.644158 -1.237045 0.102986
v 2.644620 -1.209145 0.101273
v 2.640466 -1.180773 0.116676
v 2.633402 -1.168566 0.142871
v 2.624963 -1.170358 0.174162
v 2.617311 -1.184137 0.202536
v 2.546379 -1.153337 0.114267
v 2.555370 -1.169357 0.080928
v 2.560618 -1.205044 0.061470
v 2.560029 -1.240368 0.063653
v 2.554438 -1.276168 0.084385
v 2.544926 -1.296513 0.119654
v 2.534040 -1.295906 0.160020
v 2.524699 -1.274556 0.194656
v 2.519823 -1.244520 0.212739
v 2.520040 -1.203545 0.211931
v 2.525982 -1.173075 0.189902
v 2.535774 -1.157018 0.153590
v 2.608110 -1.244113 0.236655
v 2.608309 -1.202858 0.235915
v 2.612989 -1.274193 0.218561
v 2.622333 -1.295594 0.183913
v 2.633221 -1.296220 0.143542
v 2.642731 -1.275856 0.108278
v 2.648319 -1.240005 0.087558
v 2.648905 -1.204636 0.085386
v 2.643639 -1.168670 0.104912
v 2.634684 -1.153196 0.138119
v 2.623986 -1.155467 0.177784
v 2.614286 -1.172935 0.213753
v 2.943319 -1.183979 0.208186
v 2.946031 -1.203467 0.196363
v 2.944435 -1.218905 0.199372
v 2.940515 -1.235788 0.214313
v 2.934732 -1.248595 0.237284
v 2.927337 -1.248540 0.263177
v 2.921610 -1.240992 0.284006
v 2.919675 -1.228971 0.294090
v 2.920494 -1.206066 0.292820
v 2.950219 -1.187501 0.240876
v 2.953628 -1.193098 0.228234
v 2.953453 -1.215767 0.250900
v 2.955372 -1.205150 0.221131
v 2.954624 -1.215822 0.222573
v 2.952206 -1.227183 0.231056
v 2.948650 -1.234899 0.244612
v 2.944392 -1.234745 0.260032
v 2.941088 -1.228920 0.272762
v 2.939743 -1.220274 0.279084
v 2.940093 -1.206196 0.278424
v 2.942404 -1.195063 0.269852
v 2.946165 -1.189055 0.255906
v 2.870834 -1.172103 0.210435
v 2.888109 -1.183087 0.190574
v 2.948253 -1.181144 0.210257
v 2.863887 -1.206526 0.280390
v 2.856849 -1.185636 0.262290
v 2.925429 -1.203231 0.294891
v 2.859523 -1.174627 0.236305
v 2.962815 -1.184666 0.245013
v 2.958372 -1.187363 0.231010
v 2.944837 -1.200461 0.281200
v 2.955000 -1.192228 0.273989
v 2.958761 -1.186220 0.260043
v 2.872811 -1.170885 0.212271
v 2.889546 -1.182034 0.192942
v 2.942093 -1.170474 0.232712
v 2.947681 -1.180068 0.211991
v 2.866130 -1.204692 0.279767
v 2.859292 -1.183967 0.262399
v 2.925616 -1.201420 0.293806
v 2.929354 -1.182802 0.279948
v 2.861868 -1.173183 0.237314
v 2.935477 -1.172882 0.257244
v 2.962004 -1.183348 0.245688
v 2.957466 -1.186138 0.232040
v 2.944382 -1.198800 0.280557
v 2.954450 -1.190658 0.273700
v 2.958081 -1.184776 0.260236
v 2.860723 -1.207405 0.283165
v 2.853992 -1.184942 0.263928
v 2.857172 -1.173104 0.236068
v 2.869030 -1.170390 0.208168
v 2.886769 -1.182201 0.186586
v 2.945786 -1.182562 0.209221
v 2.956000 -1.190231 0.229622
v 2.956517 -1.186083 0.242944
v 2.952463 -1.187637 0.257974
v 2.948702 -1.193645 0.271921
v 2.942465 -1.203329 0.279812
v 2.922962 -1.204649 0.293855
v 2.893991 -1.182029 0.272403
v 2.898560 -1.171317 0.247696
v 2.907577 -1.168882 0.222029
v 2.918939 -1.179614 0.201257
v 2.918524 -1.180715 0.199143
v 2.916638 -1.180991 0.196567
v 2.914752 -1.181266 0.193990
v 2.927851 -1.204366 0.182912
v 2.926160 -1.222498 0.186306
v 2.922174 -1.242795 0.203382
v 2.915681 -1.257664 0.229780
v 2.907031 -1.257449 0.259533
v 2.899931 -1.247879 0.283562
v 2.897565 -1.233674 0.295214
v 2.888523 -1.206647 0.291246
v 2.891353 -1.205458 0.290324
v 2.894183 -1.204270 0.289401
v 2.895409 -1.202384 0.288509
v 2.742184 -1.162266 0.207886
v 2.734531 -1.176046 0.236260
v 2.729817 -1.199651 0.253743
v 2.730190 -1.240287 0.252358
v 2.734039 -1.264015 0.238085
v 2.741410 -1.280898 0.210752
v 2.749999 -1.281392 0.178905
v 2.757501 -1.265327 0.151087
v 2.761909 -1.237045 0.134742
v 2.762371 -1.209145 0.133029
v 2.757687 -1.172682 0.150400
v 2.750622 -1.160475 0.176595
vt 0.635316 0.078125
vt 0.578125 0.020934
vt 0.500000 0.000000
vt 0.421875 0.020934
vt 0.364684 0.078125
vt 0.343750 0.156250
vt 0.364684 0.234375
vt 0.421875 0.291566
vt 0.500000 0.312500
vt 0.578125 0.291566
vt 0.635316 0.234375
vt 0.656250 0.156250
vt 0.375000 0.312500
vt 0.395833 0.312500
vt 0.416667 0.312500
vt 0.437500 0.312500
vt 0.458333 0.312500
vt 0.479167 0.312500
vt 0.500000 0.312500
vt 0.520833 0.312500
vt 0.541667 0.312500
vt 0.562500 0.312500
vt 0.583333 0.312500
vt 0.604167 0.312500
vt 0.625000 0.312500
vt 0.375000 0.687500
vt 0.395833 0.687500
vt 0.416667 0.687500
vt 0.437500 0.687500
vt 0.458333 0.687500
vt 0.479167 0.687500
vt 0.500000 0.687500
vt 0.520833 0.687500
vt 0.541667 0.687500
vt 0.562500 0.687500
vt 0.583333 0.687500
vt 0.604167 0.687500
vt 0.625000 0.687500
vt 0.500000 0.156250
vt 0.583333 0.562500
vt 0.562500 0.562500
vt 0.541667 0.562500
vt 0.520833 0.562500
vt 0.500000 0.562500
vt 0.479167 0.562500
vt 0.458333 0.562500
vt 0.437500 0.562500
vt 0.416667 0.562500
vt 0.395833 0.562500
vt 0.625000 0.562500
vt 0.375000 0.562500
vt 0.604167 0.562500
vt 0.583333 0.500000
vt 0.562500 0.500000
vt 0.541667 0.500000
vt 0.520833 0.500000
vt 0.500000 0.500000
vt 0.479167 0.500000
vt 0.458333 0.500000
vt 0.437500 0.500000
vt 0.416667 0.500000
vt 0.395833 0.500000
vt 0.625000 0.500000
vt 0.375000 0.500000
vt 0.604167 0.500000
vt 0.583333 0.437500
vt 0.562500 0.437500
vt 0.541667 0.437500
vt 0.520833 0.437500
vt 0.500000 0.437500
vt 0.479167 0.437500
vt 0.458333 0.437500
vt 0.437500 0.437500
vt 0.416667 0.437500
vt 0.395833 0.437500
vt 0.625000 0.437500
vt 0.375000 0.437500
vt 0.604167 0.437500
vt 0.583333 0.375000
vt 0.562500 0.375000
vt 0.541667 0.375000
vt 0.520833 0.375000
vt 0.500000 0.375000
vt 0.479167 0.375000
vt 0.458333 0.375000
vt 0.437500 0.375000
vt 0.416667 0.375000
vt 0.395833 0.375000
vt 0.625000 0.375000
vt 0.375000 0.375000
vt 0.604167 0.375000
vt 0.562500 0.593750
vt 0.541667 0.593750
vt 0.520833 0.593750
vt 0.500000 0.593750
vt 0.479167 0.593750
vt 0.458333 0.593750
vt 0.437500 0.593750
vt 0.416667 0.593750
vt 0.395833 0.593750
vt 0.625000 0.593750
vt 0.375000 0.593750
vt 0.604167 0.593750
vt 0.583333 0.593750
vt 0.541667 0.593750
vt 0.562500 0.593750
vt 0.520833 0.593750
vt 0.500000 0.593750
vt 0.479167 0.593750
vt 0.458333 0.593750
vt 0.437500 0.593750
vt 0.416667 0.593750
vt 0.395833 0.593750
vt 0.375000 0.593750
vt 0.604167 0.593750
vt 0.625000 0.593750
vt 0.583333 0.593750
vt 0.578125 0.020934
vt 0.635316 0.078125
vt 0.500000 0.000000
vt 0.421875 0.020934
vt 0.364684 0.078125
vt 0.343750 0.156250
vt 0.364684 0.234375
vt 0.421875 0.291566
vt 0.500000 0.312500
vt 0.578125 0.291566
vt 0.635316 0.234375
vt 0.656250 0.156250
vt 0.578125 0.020934
vt 0.635316 0.078125
vt 0.500000 0.000000
vt 0.421875 0.020934
vt 0.364684 0.078125
vt 0.343750 0.156250
vt 0.364684 0.234375
vt 0.421875 0.291566
vt 0.500000 0.312500
vt 0.578125 0.291566
vt 0.635316 0.234375
vt 0.656250 0.156250
vt 0.578125 0.020934
vt 0.635316 0.078125
vt 0.578125 0.020934
vt 0.635316 0.234375
vt 0.578125 0.291566
vt 0.578125 0.291566
vt 0.656250 0.156250
vt 0.635316 0.078125
vt 0.578125 0.020934
vt 0.578125 0.291566
vt 0.635316 0.234375
vt 0.656250 0.156250
vt 0.578125 0.020934
vt 0.635316 0.078125
vt 0.578125 0.020934
vt 0.635316 0.234375
vt 0.578125 0.291566
vt 0.578125 0.291566
vt 0.656250 0.156250
vt 0.635316 0.078125
vt 0.578125 0.020934
vt 0.578125 0.291566
vt 0.635316 0.234375
vt 0.656250 0.156250
vt 0.578125 0.291566
vt 0.635316 0.234375
vt 0.656250 0.156250
vt 0.635316 0.078125
vt 0.578125 0.020934
vt 0.578125 0.020934
vt 0.578125 0.020934
vt 0.635316 0.078125
vt 0.656250 0.156250
vt 0.635316 0.234375
vt 0.578125 0.291566
vt 0.578125 0.291566
vt 0.635316 0.234375
vt 0.656250 0.156250
vt 0.635316 0.078125
vt 0.578125 0.020934
vt 0.578125 0.020934
vt 0.578125 0.020934
vt 0.578125 0.020934
vt 0.500000 0.000000
vt 0.421875 0.020934
vt 0.364684 0.078125
vt 0.343750 0.156250
vt 0.364684 0.234375
vt 0.421875 0.291566
vt 0.500000 0.312500
vt 0.578125 0.291566
vt 0.578125 0.291566
vt 0.578125 0.291566
vt 0.578125 0.291566
vt 0.604167 0.468750
vt 0.583333 0.468750
vt 0.562500 0.468750
vt 0.541667 0.468750
vt 0.520833 0.468750
vt 0.500000 0.468750
vt 0.479167 0.468750
vt 0.458333 0.468750
vt 0.437500 0.468750
vt 0.416667 0.468750
vt 0.395833 0.468750
vt 0.625000 0.468750
vt 0.375000 0.468750
vn 0.114664 0.977395 -0.177629
vn 0.226340 0.658186 -0.718027
vn 0.181857 0.718305 -0.671540
vn 0.052222 0.983550 -0.172923
vn 0.309313 0.205186 -0.928560
vn 0.258955 0.233887 -0.937144
vn 0.335226 -0.432481 -0.837009
vn 0.283996 -0.380039 -0.880293
vn 0.306749 -0.757545 -0.576220
vn 0.262220 -0.743076 -0.615694
vn 0.217973 -0.957085 -0.190988
vn 0.174901 -0.963179 -0.204195
vn 0.088678 -0.968571 0.232393
vn 0.029379 -0.968394 0.247688
vn -0.049880 -0.805145 0.590976
vn -0.121514 -0.772447 0.623346
vn -0.194452 -0.282302 0.939412
vn -0.245988 -0.254742 0.935199
vn -0.223201 0.223169 0.948882
vn -0.247451 0.302867 0.920348
vn -0.104531 0.765282 0.635151
vn -0.157546 0.780560 0.604902
vn 0.003492 0.967357 0.253395
vn -0.056134 0.969662 0.237916
vn 0.979657 0.142006 -0.141795
vn 0.936778 -0.240251 0.254415
vn 0.967149 -0.034214 0.251897
vn 0.961487 0.112731 -0.250667
vn 0.919817 -0.292014 -0.262040
vn 0.844792 -0.505495 -0.175502
vn 0.767987 -0.639196 0.040302
vn 0.716474 -0.629667 0.300307
vn 0.714678 -0.490525 0.498619
vn 0.706474 -0.134043 0.694930
vn 0.770188 -0.060696 0.634922
vn 0.967262 -0.210751 0.141377
vn 0.940956 -0.287503 0.178732
vn -0.286294 0.252203 0.924353
vn -0.244050 0.773737 0.584612
vn 0.413152 0.648074 0.639770
vn 0.391175 0.250956 0.885440
vn -0.258669 -0.244328 0.934556
vn 0.376737 -0.195559 0.905443
vn -0.178582 -0.727750 0.662184
vn 0.402344 -0.598538 0.692728
vn -0.071021 -0.962085 0.263342
vn 0.480285 -0.798078 0.363864
vn 0.063618 -0.969691 -0.235905
vn 0.586788 -0.808029 -0.052625
vn 0.181244 -0.717970 -0.672064
vn 0.689547 -0.595578 -0.412083
vn 0.247051 -0.315869 -0.916075
vn 0.752405 -0.259787 -0.605308
vn 0.246303 0.244328 -0.937891
vn 0.780910 0.195556 -0.593243
vn 0.156112 0.680316 -0.716100
vn 0.728958 0.577825 -0.367068
vn -0.032004 0.978932 -0.201662
vn 0.582986 0.812421 0.010022
vn -0.152314 0.965566 0.210909
vn 0.467306 0.816477 0.339103
vn -0.290147 0.312824 0.904409
vn -0.236954 0.792793 0.561545
vn -0.258399 -0.244328 0.934630
vn -0.178582 -0.727750 0.662184
vn -0.071021 -0.962085 0.263342
vn 0.063618 -0.969691 -0.235905
vn 0.181244 -0.717970 -0.672064
vn 0.247051 -0.315869 -0.916075
vn 0.246573 0.244328 -0.937819
vn 0.135841 0.725049 -0.675167
vn -0.039069 0.984284 -0.172217
vn -0.149754 0.965802 0.211661
vn -0.218137 0.270283 0.937744
vn -0.080145 0.774888 0.626998
vn -0.038715 0.792483 0.608664
vn -0.177358 0.320287 0.930570
vn -0.240791 -0.249124 0.938060
vn -0.243641 -0.244308 0.938591
vn -0.125037 -0.762162 0.635197
vn -0.176777 -0.728676 0.661651
vn 0.023735 -0.968643 0.247322
vn -0.065670 -0.962855 0.261910
vn 0.164763 -0.964319 -0.207226
vn 0.070088 -0.969670 -0.234155
vn 0.257154 -0.742766 -0.618200
vn 0.185331 -0.719964 -0.668808
vn 0.285256 -0.365126 -0.886179
vn 0.248488 -0.317150 -0.915243
vn 0.264150 0.239502 -0.934272
vn 0.261319 0.244338 -0.933815
vn 0.219679 0.693953 -0.685690
vn 0.245697 0.729673 -0.638130
vn 0.130901 0.979114 -0.155564
vn 0.156209 0.981109 -0.114119
vn 0.028633 0.965283 0.259634
vn 0.062809 0.961414 0.267841
vn -0.252586 -0.246635 0.935613
vn -0.119679 -0.239807 0.963416
vn -0.118686 0.315960 0.941320
vn -0.250021 0.311756 0.916677
vn -0.176172 -0.729016 0.661437
vn -0.047956 -0.720425 0.691873
vn -0.067718 -0.962412 0.263015
vn 0.053556 -0.953986 0.295029
vn 0.066915 -0.969686 -0.235015
vn 0.185531 -0.961865 -0.200985
vn 0.184012 -0.718816 -0.670406
vn 0.303919 -0.711712 -0.633324
vn 0.248957 -0.317623 -0.914952
vn 0.374155 -0.311952 -0.873324
vn 0.252394 0.242030 -0.936867
vn 0.380657 0.244364 -0.891844
vn 0.176783 0.724771 -0.665924
vn 0.302504 0.723543 -0.620466
vn 0.036974 0.985873 -0.163363
vn 0.163728 0.978267 -0.127225
vn -0.072824 0.969647 0.233411
vn 0.054831 0.962425 0.265953
vn -0.166617 0.788860 0.591556
vn -0.038001 0.783057 0.620788
vn 0.056520 0.891701 -0.449083
vn -0.037908 0.984405 -0.171783
vn 0.035628 0.987703 -0.152226
vn 0.109254 0.900961 -0.419919
vn 0.351450 0.607008 -0.712759
vn 0.442961 0.340004 -0.829568
vn 0.560313 -0.420349 -0.713692
vn 0.541216 -0.705970 -0.456827
vn 0.472437 -0.875548 -0.101084
vn 0.343334 -0.897460 0.276926
vn 0.203313 -0.765815 0.610075
vn -0.047677 -0.134781 0.989728
vn -0.105237 0.165075 0.980650
vn -0.235750 0.792955 0.561822
vn -0.273028 0.572801 0.772888
vn -0.214372 0.587792 0.780093
vn -0.162751 0.795734 0.583370
vn -0.144811 0.966238 0.213108
vn -0.070735 0.969665 0.233979
vn 0.280777 0.888906 -0.361954
vn 0.235165 0.967754 -0.090270
vn 0.543239 0.835852 0.079010
vn 0.690738 0.685636 -0.229748
vn 0.686183 0.272485 -0.674467
vn 0.676381 0.428518 -0.599066
vn 0.715881 -0.404596 -0.569049
vn 0.641926 -0.664311 -0.382912
vn 0.547494 -0.833880 -0.069968
vn 0.461008 -0.839384 0.287935
vn 0.405487 -0.704962 0.581901
vn 0.246194 -0.153288 0.957022
vn 0.254039 0.019821 0.966991
vn 0.043097 0.781892 0.621922
vn -0.035826 0.582532 0.812018
vn 0.409449 0.413435 0.813279
vn 0.408198 0.705175 0.579744
vn 0.118901 0.952425 0.280622
vn 0.425132 0.841183 0.334177
vn 0.542503 0.826469 0.150462
vn 0.326234 0.941641 0.082964
vn 0.062080 0.985465 -0.158129
vn 0.207679 0.826917 0.522568
vn 0.442495 0.729693 0.521293
vn -0.142186 0.787798 0.599297
vn 0.463071 0.819078 0.338640
vn 0.605617 -0.776790 -0.172702
vn 0.278661 -0.958089 0.066437
vn 0.690665 -0.117388 -0.713584
vn 0.542591 -0.837779 0.060999
vn 0.279715 -0.515061 0.810229
vn 0.392753 -0.847682 -0.356623
vn 0.270339 -0.946874 -0.174201
vn 0.289176 0.956429 -0.040250
vn 0.264011 0.961661 -0.074203
vn 0.107555 0.915547 -0.387563
vn 0.076613 0.780318 0.620673
vn 0.115267 0.788140 0.604607
vn -0.202357 0.615648 0.761596
vn -0.008788 0.968132 0.250285
vn 0.556812 -0.830050 -0.031256
vn 0.858180 -0.446927 -0.252553
vn 0.641771 0.398617 -0.655160
vn 0.201011 -0.027904 0.979192
vn 0.684499 -0.614997 0.391458
vn 0.573455 -0.813945 -0.092966
vn 0.503717 -0.859332 -0.088417
s 1
g group1 pCylinder4
usemtl initialShadingGroup
f 1647/2250/1899 1648/2251/1900 1704/2325/1901 1705/2327/1902
f 1648/2251/1900 1649/2252/1903 1703/2324/1904 1704/2325/1901
f 1649/2252/1903 1650/2253/1905 1702/2323/1906 1703/2324/1904
f 1650/2253/1905 1651/2254/1907 1701/2322/1908 1702/2323/1906
f 1651/2254/1907 1652/2255/1909 1700/2321/1910 1701/2322/1908
f 1652/2255/1909 1653/2256/1911 1699/2320/1912 1700/2321/1910
f 1653/2256/1911 1654/2257/1913 1698/2319/1914 1699/2320/1912
f 1654/2257/1913 1655/2258/1915 1697/2318/1916 1698/2319/1914
f 1655/2258/1915 1656/2259/1917 1696/2317/1918 1697/2318/1916
f 1656/2259/1917 1657/2260/1919 1695/2316/1920 1696/2317/1918
f 1657/2260/1919 1658/2261/1921 1706/2328/1922 1695/2316/1920
f 1658/2261/1921 1647/2262/1899 1705/2326/1902 1706/2328/1922
f 1753/2367/1923 1752/2368/1924 1754/2276/1925
f 1755/2369/1926 1753/2367/1923 1754/2276/1925
f 1756/2370/1927 1755/2369/1926 1754/2276/1925
f 1757/2371/1928 1756/2370/1927 1754/2276/1925
f 1758/2372/1929 1757/2371/1928 1754/2276/1925
f 1759/2373/1930 1758/2372/1929 1754/2276/1925
f 1760/2374/1931 1759/2373/1930 1754/2276/1925
f 1761/2375/1932 1760/2374/1931 1754/2276/1925
f 1762/2376/1933 1761/2375/1932 1754/2276/1925
f 1763/2377/1934 1762/2376/1933 1754/2276/1925
f 1764/2378/1935 1763/2377/1934 1754/2276/1925
f 1752/2368/1924 1764/2378/1935 1754/2276/1925
f 1660/2278/1936 1659/2277/1937 1718/2341/1938 1707/2329/1939
f 1661/2279/1940 1660/2278/1936 1707/2329/1939 1708/2330/1941
f 1662/2280/1942 1661/2279/1940 1708/2330/1941 1709/2331/1943
f 1663/2281/1944 1662/2280/1942 1709/2331/1943 1710/2332/1945
f 1664/2282/1946 1663/2281/1944 1710/2332/1945 1711/2333/1947
f 1665/2283/1948 1664/2282/1946 1711/2333/1947 1712/2334/1949
f 1666/2284/1950 1665/2283/1948 1712/2334/1949 1713/2335/1951
f 1667/2285/1952 1666/2284/1950 1713/2335/1951 1714/2336/1953
f 1668/2286/1954 1667/2285/1952 1714/2336/1953 1715/2337/1955
f 1669/2288/1956 1668/2286/1954 1715/2337/1955 1716/2339/1957
f 1670/2289/1958 1669/2287/1956 1716/2338/1957 1717/2340/1959
f 1659/2277/1937 1670/2289/1958 1717/2340/1959 1718/2341/1938
f 1672/2291/1960 1671/2290/1961 1659/2277/1937 1660/2278/1936
f 1673/2292/1962 1672/2291/1960 1660/2278/1936 1661/2279/1940
f 1674/2293/1963 1673/2292/1962 1661/2279/1940 1662/2280/1942
f 1675/2294/1964 1674/2293/1963 1662/2280/1942 1663/2281/1944
f 1676/2295/1965 1675/2294/1964 1663/2281/1944 1664/2282/1946
f 1677/2296/1966 1676/2295/1965 1664/2282/1946 1665/2283/1948
f 1678/2297/1967 1677/2296/1966 1665/2283/1948 1666/2284/1950
f 1679/2298/1968 1678/2297/1967 1666/2284/1950 1667/2285/1952
f 1680/2299/1969 1679/2298/1968 1667/2285/1952 1668/2286/1954
f 1681/2301/1970 1680/2299/1969 1668/2286/1954 1669/2288/1956
f 1682/2302/1971 1681/2300/1970 1669/2287/1956 1670/2289/1958
f 1671/2290/1961 1682/2302/1971 1670/2289/1958 1659/2277/1937
f 1684/2304/1972 1683/2303/1973 1823/2434/1974 1824/2435/1975
f 1685/2305/1976 1684/2304/1972 1824/2435/1975 1825/2436/1977
f 1686/2306/1978 1685/2305/1976 1825/2436/1977 1826/2437/1979
f 1687/2307/1980 1686/2306/1978 1826/2437/1979 1827/2438/1981
f 1688/2308/1982 1687/2307/1980 1827/2438/1981 1828/2439/1983
f 1689/2309/1984 1688/2308/1982 1828/2439/1983 1829/2440/1985
f 1690/2310/1986 1689/2309/1984 1829/2440/1985 1830/2441/1987
f 1691/2311/1988 1690/2310/1986 1830/2441/1987 1831/2442/1989
f 1692/2312/1990 1691/2311/1988 1831/2442/1989 1832/2443/1991
f 1693/2314/1992 1692/2312/1990 1832/2443/1991 1833/2445/1993
f 1694/2315/1994 1693/2313/1992 1833/2444/1993 1822/2433/1995
f 1683/2303/1973 1694/2315/1994 1822/2433/1995 1823/2434/1974
f 1696/2317/1918 1695/2316/1920 1683/2303/1973 1684/2304/1972
f 1697/2318/1916 1696/2317/1918 1684/2304/1972 1685/2305/1976
f 1698/2319/1914 1697/2318/1916 1685/2305/1976 1686/2306/1978
f 1699/2320/1912 1698/2319/1914 1686/2306/1978 1687/2307/1980
f 1700/2321/1910 1699/2320/1912 1687/2307/1980 1688/2308/1982
f 1701/2322/1908 1700/2321/1910 1688/2308/1982 1689/2309/1984
f 1702/2323/1906 1701/2322/1908 1689/2309/1984 1690/2310/1986
f 1703/2324/1904 1702/2323/1906 1690/2310/1986 1691/2311/1988
f 1704/2325/1901 1703/2324/1904 1691/2311/1988 1692/2312/1990
f 1705/2327/1902 1704/2325/1901 1692/2312/1990 1693/2314/1992
f 1706/2328/1922 1705/2326/1902 1693/2313/1992 1694/2315/1994
f 1695/2316/1920 1706/2328/1922 1694/2315/1994 1683/2303/1973
f 1727/2271/1996 1731/2342/1997 1732/2343/1998 1728/2272/1999
f 1726/2270/2000 1733/2344/2001 1731/2342/1997 1727/2271/1996
f 1725/2269/2002 1734/2345/2003 1733/2344/2001 1726/2270/2000
f 1724/2268/2004 1735/2346/2005 1734/2345/2003 1725/2269/2002
f 1723/2267/2006 1736/2347/2007 1735/2346/2005 1724/2268/2004
f 1722/2266/2008 1737/2348/2009 1736/2347/2007 1723/2267/2006
f 1721/2265/2010 1738/2349/2011 1737/2348/2009 1722/2266/2008
f 1720/2264/2012 1739/2350/2013 1738/2349/2011 1721/2265/2010
f 1719/2263/2014 1740/2351/2015 1739/2350/2013 1720/2264/2012
f 1730/2274/2016 1741/2352/2017 1740/2353/2015 1719/2275/2014
f 1729/2273/2018 1742/2354/2019 1741/2352/2017 1730/2274/2016
f 1728/2272/1999 1732/2343/1998 1742/2354/2019 1729/2273/2018
f 1708/2330/1941 1707/2329/1939 1732/2343/1998 1731/2342/1997
f 1709/2331/1943 1708/2330/1941 1731/2342/1997 1733/2344/2001
f 1710/2332/1945 1709/2331/1943 1733/2344/2001 1734/2345/2003
f 1711/2333/1947 1710/2332/1945 1734/2345/2003 1735/2346/2005
f 1712/2334/1949 1711/2333/1947 1735/2346/2005 1736/2347/2007
f 1713/2335/1951 1712/2334/1949 1736/2347/2007 1737/2348/2009
f 1714/2336/1953 1713/2335/1951 1737/2348/2009 1738/2349/2011
f 1715/2337/1955 1714/2336/1953 1738/2349/2011 1739/2350/2013
f 1716/2339/1957 1715/2337/1955 1739/2350/2013 1740/2351/2015
f 1717/2340/1959 1716/2338/1957 1740/2353/2015 1741/2352/2017
f 1718/2341/1938 1717/2340/1959 1741/2352/2017 1742/2354/2019
f 1707/2329/1939 1718/2341/1938 1742/2354/2019 1732/2343/1998
f 1778/2391/2020 1777/2392/2021 1806/2417/2022 1807/2418/2023
f 1649/2240/1903 1648/2239/1900 1810/2421/2024 1811/2422/2025
f 1650/2241/1905 1649/2240/1903 1811/2422/2025 1812/2423/2026
f 1651/2242/1907 1650/2241/1905 1812/2423/2026 1813/2424/2027
f 1652/2243/1909 1651/2242/1907 1813/2424/2027 1814/2425/2028
f 1653/2244/1911 1652/2243/1909 1814/2425/2028 1815/2426/2029
f 1654/2245/1913 1653/2244/1911 1815/2426/2029 1816/2427/2030
f 1655/2246/1915 1654/2245/1913 1816/2427/2030 1817/2428/2031
f 1656/2247/1917 1655/2246/1915 1817/2428/2031 1818/2429/2032
f 1782/2394/2033 1781/2395/2034 1821/2432/2035 1804/2415/2036
f 1785/2397/2037 1782/2394/2033 1804/2415/2036 1805/2416/2038
f 1777/2392/2021 1785/2397/2037 1805/2416/2038 1806/2417/2022
f 1780/2393/2039 1779/2356/2040 1787/2398/2041 1788/2399/2042
f 1744/2357/2043 1743/2355/2044 1753/2367/1923 1755/2369/1926
f 1745/2358/2045 1744/2357/2043 1755/2369/1926 1756/2370/1927
f 1746/2359/2046 1745/2358/2045 1756/2370/1927 1757/2371/1928
f 1747/2360/2047 1746/2359/2046 1757/2371/1928 1758/2372/1929
f 1748/2361/2048 1747/2360/2047 1758/2372/1929 1759/2373/1930
f 1749/2362/2049 1748/2361/2048 1759/2373/1930 1760/2374/1931
f 1750/2363/2050 1749/2362/2049 1760/2374/1931 1761/2375/1932
f 1751/2364/2051 1750/2363/2050 1761/2375/1932 1762/2376/1933
f 1784/2365/2052 1783/2396/2053 1789/2400/2054 1790/2401/2055
f 1786/2366/2056 1784/2365/2052 1790/2401/2055 1791/2402/2057
f 1779/2356/2040 1786/2366/2056 1791/2402/2057 1787/2398/2041
f 1648/2239/1900 1647/2238/1899 1795/2406/2058 1796/2407/2059
f 1810/2421/2024 1648/2239/1900 1796/2407/2059 1809/2420/2060
f 1657/2248/1919 1656/2247/1917 1792/2403/2061 1793/2404/2062
f 1656/2247/1917 1818/2429/2032 1819/2430/2063 1792/2403/2061
f 1658/2249/1921 1657/2248/1919 1793/2404/2062 1794/2405/2064
f 1647/2238/1899 1658/2249/1921 1794/2405/2064 1795/2406/2058
f 1752/2368/1924 1753/2367/1923 1798/2409/2065 1799/2410/2066
f 1753/2367/1923 1743/2355/2044 1797/2408/2067 1798/2409/2065
f 1751/2364/2051 1762/2376/1933 1802/2413/2068 1803/2414/2069
f 1762/2376/1933 1763/2377/1934 1801/2412/2070 1802/2413/2068
f 1763/2377/1934 1764/2378/1935 1800/2411/2071 1801/2412/2070
f 1764/2378/1935 1752/2368/1924 1799/2410/2066 1800/2411/2071
f 1766/2379/2072 1765/2380/2073 1777/2392/2021 1778/2391/2020
f 1808/2419/2074 1766/2379/2072 1778/2391/2020 1807/2418/2023
f 1769/2382/2075 1768/2383/2076 1781/2395/2034 1782/2394/2033
f 1768/2383/2076 1820/2431/2077 1821/2432/2035 1781/2395/2034
f 1771/2385/2078 1769/2382/2075 1782/2394/2033 1785/2397/2037
f 1765/2380/2073 1771/2385/2078 1785/2397/2037 1777/2392/2021
f 1772/2386/2079 1773/2387/2080 1788/2399/2042 1787/2398/2041
f 1773/2387/2080 1767/2381/2081 1780/2393/2039 1788/2399/2042
f 1770/2384/2082 1774/2388/2083 1789/2400/2054 1783/2396/2053
f 1774/2388/2083 1775/2389/2084 1790/2401/2055 1789/2400/2054
f 1775/2389/2084 1776/2390/2085 1791/2402/2057 1790/2401/2055
f 1776/2390/2085 1772/2386/2079 1787/2398/2041 1791/2402/2057
f 1793/2404/2062 1792/2403/2061 1768/2383/2076 1769/2382/2075
f 1794/2405/2064 1793/2404/2062 1769/2382/2075 1771/2385/2078
f 1795/2406/2058 1794/2405/2064 1771/2385/2078 1765/2380/2073
f 1796/2407/2059 1795/2406/2058 1765/2380/2073 1766/2379/2072
f 1809/2420/2060 1796/2407/2059 1766/2379/2072 1808/2419/2074
f 1798/2409/2065 1797/2408/2067 1767/2381/2081 1773/2387/2080
f 1799/2410/2066 1798/2409/2065 1773/2387/2080 1772/2386/2079
f 1800/2411/2071 1799/2410/2066 1772/2386/2079 1776/2390/2085
f 1801/2412/2070 1800/2411/2071 1776/2390/2085 1775/2389/2084
f 1802/2413/2068 1801/2412/2070 1775/2389/2084 1774/2388/2083
f 1803/2414/2069 1802/2413/2068 1774/2388/2083 1770/2384/2082
f 1792/2403/2061 1819/2430/2063 1820/2431/2077 1768/2383/2076
f 1805/2416/2038 1804/2415/2036 1784/2365/2052 1786/2366/2056
f 1806/2417/2022 1805/2416/2038 1786/2366/2056 1779/2356/2040
f 1807/2418/2023 1806/2417/2022 1779/2356/2040 1780/2393/2039
f 1767/2381/2081 1808/2419/2074 1807/2418/2023 1780/2393/2039
f 1797/2408/2067 1809/2420/2060 1808/2419/2074 1767/2381/2081
f 1743/2355/2044 1810/2421/2024 1809/2420/2060 1797/2408/2067
f 1811/2422/2025 1810/2421/2024 1743/2355/2044 1744/2357/2043
f 1812/2423/2026 1811/2422/2025 1744/2357/2043 1745/2358/2045
f 1813/2424/2027 1812/2423/2026 1745/2358/2045 1746/2359/2046
f 1814/2425/2028 1813/2424/2027 1746/2359/2046 1747/2360/2047
f 1815/2426/2029 1814/2425/2028 1747/2360/2047 1748/2361/2048
f 1816/2427/2030 1815/2426/2029 1748/2361/2048 1749/2362/2049
f 1817/2428/2031 1816/2427/2030 1749/2362/2049 1750/2363/2050
f 1818/2429/2032 1817/2428/2031 1750/2363/2050 1751/2364/2051
f 1819/2430/2063 1818/2429/2032 1751/2364/2051 1803/2414/2069
f 1820/2431/2077 1819/2430/2063 1803/2414/2069 1770/2384/2082
f 1821/2432/2035 1820/2431/2077 1770/2384/2082 1783/2396/2053
f 1804/2415/2036 1821/2432/2035 1783/2396/2053 1784/2365/2052
f 1823/2434/1974 1822/2433/1995 1682/2302/1971 1671/2290/1961
f 1824/2435/1975 1823/2434/1974 1671/2290/1961 1672/2291/1960
f 1825/2436/1977 1824/2435/1975 1672/2291/1960 1673/2292/1962
f 1826/2437/1979 1825/2436/1977 1673/2292/1962 1674/2293/1963
f 1827/2438/1981 1826/2437/1979 1674/2293/1963 1675/2294/1964
f 1828/2439/1983 1827/2438/1981 1675/2294/1964 1676/2295/1965
f 1829/2440/1985 1828/2439/1983 1676/2295/1965 1677/2296/1966
f 1830/2441/1987 1829/2440/1985 1677/2296/1966 1678/2297/1967
f 1831/2442/1989 1830/2441/1987 1678/2297/1967 1679/2298/1968
f 1832/2443/1991 1831/2442/1989 1679/2298/1968 1680/2299/1969
f 1833/2445/1993 1832/2443/1991 1680/2299/1969 1681/2301/1970
f 1822/2433/1995 1833/2444/1993 1681/2300/1970 1682/2302/1971
g default
v 2.851135 -1.184248 -0.265425
v 2.857559 -1.208284 -0.285799
v 2.876914 -1.238934 -0.292140
v 2.879792 -1.255936 -0.279359
v 2.887597 -1.266945 -0.253677
v 2.896820 -1.267399 -0.222012
v 2.903687 -1.251374 -0.194012
v 2.907661 -1.228967 -0.176017
v 2.909096 -1.207793 -0.172810
v 2.885429 -1.181315 -0.182456
v 2.867225 -1.168677 -0.205760
v 2.854820 -1.171581 -0.235690
v 2.662839 -1.168567 -0.150669
v 2.669904 -1.180774 -0.124474
v 2.674058 -1.209145 -0.109071
v 2.673596 -1.237046 -0.110785
v 2.669188 -1.265327 -0.127130
v 2.661685 -1.281392 -0.154948
v 2.653097 -1.280898 -0.186795
v 2.645726 -1.264015 -0.214128
v 2.641877 -1.240286 -0.228401
v 2.642034 -1.207743 -0.227817
v 2.646749 -1.184137 -0.210334
v 2.654401 -1.170358 -0.181960
v 2.721184 -1.160475 -0.168516
v 2.728249 -1.172682 -0.142321
v 2.732933 -1.209145 -0.124949
v 2.732471 -1.237046 -0.126663
v 2.728063 -1.265327 -0.143008
v 2.720561 -1.281392 -0.170826
v 2.711973 -1.280898 -0.202673
v 2.704602 -1.264015 -0.230005
v 2.700752 -1.240286 -0.244279
v 2.700379 -1.199651 -0.245663
v 2.705094 -1.176046 -0.228181
v 2.712746 -1.162266 -0.199806
v 2.780591 -1.168567 -0.182425
v 2.787655 -1.180774 -0.156230
v 2.791809 -1.209145 -0.140827
v 2.791330 -1.236986 -0.142551
v 2.786959 -1.264929 -0.158995
v 2.779507 -1.280994 -0.186827
v 2.770868 -1.280500 -0.218660
v 2.763460 -1.263955 -0.245894
v 2.759628 -1.240286 -0.260157
v 2.759786 -1.207743 -0.259573
v 2.764500 -1.184137 -0.242090
v 2.772152 -1.170358 -0.213716
v 2.839467 -1.168567 -0.198303
v 2.846531 -1.180774 -0.172108
v 2.850302 -1.208182 -0.156853
v 2.848994 -1.231393 -0.159562
v 2.845254 -1.255709 -0.177122
v 2.838389 -1.271749 -0.205119
v 2.829163 -1.271280 -0.236787
v 2.821125 -1.258362 -0.262905
v 2.818121 -1.239323 -0.276183
v 2.818661 -1.207743 -0.275450
v 2.823376 -1.184137 -0.257968
v 2.831028 -1.170358 -0.229593
v 2.640466 -1.180774 -0.116536
v 2.644620 -1.209145 -0.101132
v 2.644158 -1.237046 -0.102846
v 2.639750 -1.265327 -0.119191
v 2.632248 -1.281392 -0.147010
v 2.623659 -1.280898 -0.178856
v 2.616288 -1.264015 -0.206189
v 2.612439 -1.240286 -0.220462
v 2.612596 -1.207743 -0.219878
v 2.617311 -1.184137 -0.202396
v 2.624963 -1.170358 -0.174021
v 2.633402 -1.168567 -0.142731
v 2.525981 -1.173076 -0.189762
v 2.520041 -1.203545 -0.211791
v 2.519823 -1.244520 -0.212599
v 2.524699 -1.274556 -0.194516
v 2.534040 -1.295906 -0.159880
v 2.544926 -1.296514 -0.119514
v 2.554437 -1.276168 -0.084246
v 2.560029 -1.240369 -0.063513
v 2.560617 -1.205044 -0.061330
v 2.555370 -1.169357 -0.080788
v 2.546379 -1.153337 -0.114127
v 2.535774 -1.157018 -0.153450
v 2.648904 -1.204637 -0.085246
v 2.643638 -1.168671 -0.104772
v 2.648318 -1.240005 -0.087418
v 2.642731 -1.275856 -0.108138
v 2.633221 -1.296220 -0.143402
v 2.622333 -1.295594 -0.183773
v 2.612989 -1.274193 -0.218421
v 2.608110 -1.244113 -0.236515
v 2.608309 -1.202858 -0.235775
v 2.614286 -1.172935 -0.213613
v 2.623986 -1.155467 -0.177644
v 2.634683 -1.153197 -0.137978
v 2.920495 -1.206066 -0.292679
v 2.919675 -1.228970 -0.293949
v 2.921610 -1.240991 -0.283866
v 2.927337 -1.248540 -0.263036
v 2.934732 -1.248595 -0.237143
v 2.940515 -1.235788 -0.214172
v 2.944435 -1.218905 -0.199231
v 2.946031 -1.203467 -0.196222
v 2.943319 -1.183979 -0.208045
v 2.942404 -1.195062 -0.269711
v 2.940093 -1.206195 -0.278282
v 2.953454 -1.215767 -0.250759
v 2.939744 -1.220273 -0.278943
v 2.941089 -1.228919 -0.272621
v 2.944392 -1.234744 -0.259892
v 2.948650 -1.234899 -0.244471
v 2.952206 -1.227182 -0.230915
v 2.954624 -1.215822 -0.222432
v 2.955373 -1.205149 -0.220990
v 2.953628 -1.193098 -0.228093
v 2.950219 -1.187500 -0.240734
v 2.946165 -1.189054 -0.255765
v 2.856850 -1.185636 -0.262149
v 2.863887 -1.206526 -0.280249
v 2.925429 -1.203230 -0.294750
v 2.888109 -1.183086 -0.190433
v 2.870834 -1.172103 -0.210294
v 2.948253 -1.181144 -0.210115
v 2.859524 -1.174626 -0.236164
v 2.955000 -1.192227 -0.273848
v 2.944837 -1.200461 -0.281058
v 2.958372 -1.187363 -0.230869
v 2.962815 -1.184665 -0.244871
v 2.958762 -1.186219 -0.259902
v 2.859293 -1.183967 -0.262258
v 2.866131 -1.204692 -0.279626
v 2.929354 -1.182801 -0.279807
v 2.925617 -1.201419 -0.293665
v 2.889546 -1.182033 -0.192801
v 2.872811 -1.170885 -0.212130
v 2.947681 -1.180068 -0.211850
v 2.942093 -1.170474 -0.232571
v 2.861868 -1.173183 -0.237173
v 2.935477 -1.172882 -0.257103
v 2.954450 -1.190658 -0.273559
v 2.944382 -1.198799 -0.280416
v 2.957466 -1.186138 -0.231898
v 2.962004 -1.183348 -0.245547
v 2.958081 -1.184776 -0.260095
v 2.886769 -1.182200 -0.186444
v 2.869030 -1.170390 -0.208027
v 2.857172 -1.173104 -0.235927
v 2.853992 -1.184942 -0.263787
v 2.860723 -1.207405 -0.283024
v 2.922962 -1.204648 -0.293714
v 2.942465 -1.203328 -0.279670
v 2.948702 -1.193645 -0.271780
v 2.952464 -1.187637 -0.257833
v 2.956517 -1.186083 -0.242803
v 2.956000 -1.190230 -0.229481
v 2.945786 -1.182561 -0.209080
v 2.907577 -1.168882 -0.221888
v 2.898560 -1.171317 -0.247555
v 2.893992 -1.182028 -0.272262
v 2.895409 -1.202384 -0.288368
v 2.894183 -1.204270 -0.289260
v 2.891353 -1.205458 -0.290183
v 2.888523 -1.206646 -0.291105
v 2.897565 -1.233673 -0.295073
v 2.899932 -1.247878 -0.283422
v 2.907031 -1.257448 -0.259392
v 2.915681 -1.257664 -0.229639
v 2.922174 -1.242795 -0.203241
v 2.926160 -1.222498 -0.186165
v 2.927851 -1.204366 -0.182771
v 2.914752 -1.181265 -0.193849
v 2.916638 -1.180990 -0.196426
v 2.918524 -1.180715 -0.199002
v 2.918939 -1.179614 -0.201116
v 2.742184 -1.162266 -0.207745
v 2.750622 -1.160475 -0.176455
v 2.757686 -1.172682 -0.150260
v 2.762371 -1.209145 -0.132888
v 2.761909 -1.237046 -0.134602
v 2.757501 -1.265327 -0.150947
v 2.749999 -1.281392 -0.178765
v 2.741411 -1.280898 -0.210612
v 2.734039 -1.264015 -0.237944
v 2.730190 -1.240286 -0.252218
v 2.729817 -1.199651 -0.253602
v 2.734532 -1.176046 -0.236120
vt 0.635316 0.078125
vt 0.578125 0.020934
vt 0.500000 0.000000
vt 0.421875 0.020934
vt 0.364684 0.078125
vt 0.343750 0.156250
vt 0.364684 0.234375
vt 0.421875 0.291566
vt 0.500000 0.312500
vt 0.578125 0.291566
vt 0.635316 0.234375
vt 0.656250 0.156250
vt 0.375000 0.312500
vt 0.395833 0.312500
vt 0.416667 0.312500
vt 0.437500 0.312500
vt 0.458333 0.312500
vt 0.479167 0.312500
vt 0.500000 0.312500
vt 0.520833 0.312500
vt 0.541667 0.312500
vt 0.562500 0.312500
vt 0.583333 0.312500
vt 0.604167 0.312500
vt 0.625000 0.312500
vt 0.375000 0.687500
vt 0.395833 0.687500
vt 0.416667 0.687500
vt 0.437500 0.687500
vt 0.458333 0.687500
vt 0.479167 0.687500
vt 0.500000 0.687500
vt 0.520833 0.687500
vt 0.541667 0.687500
vt 0.562500 0.687500
vt 0.583333 0.687500
vt 0.604167 0.687500
vt 0.625000 0.687500
vt 0.500000 0.156250
vt 0.583333 0.562500
vt 0.562500 0.562500
vt 0.541667 0.562500
vt 0.520833 0.562500
vt 0.500000 0.562500
vt 0.479167 0.562500
vt 0.458333 0.562500
vt 0.437500 0.562500
vt 0.416667 0.562500
vt 0.395833 0.562500
vt 0.625000 0.562500
vt 0.375000 0.562500
vt 0.604167 0.562500
vt 0.583333 0.500000
vt 0.562500 0.500000
vt 0.541667 0.500000
vt 0.520833 0.500000
vt 0.500000 0.500000
vt 0.479167 0.500000
vt 0.458333 0.500000
vt 0.437500 0.500000
vt 0.416667 0.500000
vt 0.395833 0.500000
vt 0.625000 0.500000
vt 0.375000 0.500000
vt 0.604167 0.500000
vt 0.583333 0.437500
vt 0.562500 0.437500
vt 0.541667 0.437500
vt 0.520833 0.437500
vt 0.500000 0.437500
vt 0.479167 0.437500
vt 0.458333 0.437500
vt 0.437500 0.437500
vt 0.416667 0.437500
vt 0.395833 0.437500
vt 0.625000 0.437500
vt 0.375000 0.437500
vt 0.604167 0.437500
vt 0.583333 0.375000
vt 0.562500 0.375000
vt 0.541667 0.375000
vt 0.520833 0.375000
vt 0.500000 0.375000
vt 0.479167 0.375000
vt 0.458333 0.375000
vt 0.437500 0.375000
vt 0.416667 0.375000
vt 0.395833 0.375000
vt 0.625000 0.375000
vt 0.375000 0.375000
vt 0.604167 0.375000
vt 0.562500 0.593750
vt 0.541667 0.593750
vt 0.520833 0.593750
vt 0.500000 0.593750
vt 0.479167 0.593750
vt 0.458333 0.593750
vt 0.437500 0.593750
vt 0.416667 0.593750
vt 0.395833 0.593750
vt 0.625000 0.593750
vt 0.375000 0.593750
vt 0.604167 0.593750
vt 0.583333 0.593750
vt 0.541667 0.593750
vt 0.562500 0.593750
vt 0.520833 0.593750
vt 0.500000 0.593750
vt 0.479167 0.593750
vt 0.458333 0.593750
vt 0.437500 0.593750
vt 0.416667 0.593750
vt 0.395833 0.593750
vt 0.375000 0.593750
vt 0.604167 0.593750
vt 0.625000 0.593750
vt 0.583333 0.593750
vt 0.578125 0.020934
vt 0.635316 0.078125
vt 0.500000 0.000000
vt 0.421875 0.020934
vt 0.364684 0.078125
vt 0.343750 0.156250
vt 0.364684 0.234375
vt 0.421875 0.291566
vt 0.500000 0.312500
vt 0.578125 0.291566
vt 0.635316 0.234375
vt 0.656250 0.156250
vt 0.578125 0.020934
vt 0.635316 0.078125
vt 0.500000 0.000000
vt 0.421875 0.020934
vt 0.364684 0.078125
vt 0.343750 0.156250
vt 0.364684 0.234375
vt 0.421875 0.291566
vt 0.500000 0.312500
vt 0.578125 0.291566
vt 0.635316 0.234375
vt 0.656250 0.156250
vt 0.578125 0.020934
vt 0.635316 0.078125
vt 0.578125 0.020934
vt 0.635316 0.234375
vt 0.578125 0.291566
vt 0.578125 0.291566
vt 0.656250 0.156250
vt 0.635316 0.078125
vt 0.578125 0.020934
vt 0.578125 0.291566
vt 0.635316 0.234375
vt 0.656250 0.156250
vt 0.578125 0.020934
vt 0.635316 0.078125
vt 0.578125 0.020934
vt 0.635316 0.234375
vt 0.578125 0.291566
vt 0.578125 0.291566
vt 0.656250 0.156250
vt 0.635316 0.078125
vt 0.578125 0.020934
vt 0.578125 0.291566
vt 0.635316 0.234375
vt 0.656250 0.156250
vt 0.578125 0.291566
vt 0.635316 0.234375
vt 0.656250 0.156250
vt 0.635316 0.078125
vt 0.578125 0.020934
vt 0.578125 0.020934
vt 0.578125 0.020934
vt 0.635316 0.078125
vt 0.656250 0.156250
vt 0.635316 0.234375
vt 0.578125 0.291566
vt 0.578125 0.291566
vt 0.635316 0.234375
vt 0.656250 0.156250
vt 0.635316 0.078125
vt 0.578125 0.020934
vt 0.578125 0.020934
vt 0.578125 0.020934
vt 0.578125 0.020934
vt 0.500000 0.000000
vt 0.421875 0.020934
vt 0.364684 0.078125
vt 0.343750 0.156250
vt 0.364684 0.234375
vt 0.421875 0.291566
vt 0.500000 0.312500
vt 0.578125 0.291566
vt 0.578125 0.291566
vt 0.578125 0.291566
vt 0.578125 0.291566
vt 0.604167 0.468750
vt 0.583333 0.468750
vt 0.562500 0.468750
vt 0.541667 0.468750
vt 0.520833 0.468750
vt 0.500000 0.468750
vt 0.479167 0.468750
vt 0.458333 0.468750
vt 0.437500 0.468750
vt 0.416667 0.468750
vt 0.395833 0.468750
vt 0.625000 0.468750
vt 0.375000 0.468750
vn -0.104530 0.765284 -0.635148
vn -0.223199 0.223173 -0.948881
vn -0.247449 0.302871 -0.920347
vn -0.157545 0.780562 -0.604899
vn -0.194449 -0.282298 -0.939413
vn -0.245985 -0.254738 -0.935200
vn -0.049878 -0.805143 -0.590980
vn -0.121511 -0.772444 -0.623350
vn 0.088679 -0.968570 -0.232397
vn 0.029380 -0.968393 -0.247692
vn 0.217973 -0.957085 0.190984
vn 0.174901 -0.963180 0.204191
vn 0.306748 -0.757548 0.576218
vn 0.262219 -0.743079 0.615691
vn 0.335224 -0.432485 0.837008
vn 0.283994 -0.380043 0.880292
vn 0.309310 0.205182 0.928562
vn 0.258953 0.233883 0.937146
vn 0.226337 0.658183 0.718030
vn 0.181855 0.718302 0.671544
vn 0.114662 0.977394 0.177634
vn 0.052220 0.983549 0.172928
vn 0.003492 0.967358 -0.253390
vn -0.056134 0.969663 -0.237912
vn 0.770190 -0.060692 -0.634921
vn 0.967263 -0.210750 -0.141376
vn 0.967150 -0.034212 -0.251895
vn 0.706475 -0.134039 -0.694929
vn 0.714680 -0.490522 -0.498619
vn 0.716475 -0.629665 -0.300308
vn 0.767987 -0.639196 -0.040303
vn 0.844792 -0.505495 0.175502
vn 0.919816 -0.292015 0.262041
vn 0.961487 0.112731 0.250670
vn 0.979657 0.142006 0.141798
vn 0.936778 -0.240249 -0.254414
vn 0.940956 -0.287501 -0.178731
vn 0.156110 0.680313 0.716104
vn -0.032005 0.978931 0.201666
vn 0.582985 0.812421 -0.010017
vn 0.728956 0.577824 0.367072
vn 0.246300 0.244324 0.937892
vn 0.780909 0.195554 0.593246
vn 0.247049 -0.315873 0.916074
vn 0.752404 -0.259789 0.605308
vn 0.181243 -0.717973 0.672061
vn 0.689546 -0.595579 0.412082
vn 0.063618 -0.969692 0.235901
vn 0.586789 -0.808028 0.052622
vn -0.071020 -0.962084 -0.263347
vn 0.480287 -0.798076 -0.363867
vn -0.178580 -0.727747 -0.662188
vn 0.402346 -0.598534 -0.692730
vn -0.258666 -0.244324 -0.934557
vn 0.376739 -0.195554 -0.905442
vn -0.286292 0.252207 -0.924353
vn 0.391177 0.250960 -0.885438
vn -0.244049 0.773739 -0.584609
vn 0.413153 0.648077 -0.639766
vn -0.152314 0.965567 -0.210905
vn 0.467306 0.816478 -0.339098
vn 0.135839 0.725046 0.675171
vn -0.039070 0.984283 0.172221
vn 0.246571 0.244324 0.937821
vn 0.247049 -0.315873 0.916074
vn 0.181243 -0.717973 0.672061
vn 0.063618 -0.969692 0.235901
vn -0.071020 -0.962083 -0.263347
vn -0.178580 -0.727747 -0.662188
vn -0.258396 -0.244324 -0.934632
vn -0.290145 0.312828 -0.904408
vn -0.236953 0.792795 -0.561542
vn -0.149754 0.965803 -0.211657
vn 0.219677 0.693950 0.685693
vn 0.130900 0.979114 0.155569
vn 0.156208 0.981109 0.114124
vn 0.245695 0.729671 0.638134
vn 0.264147 0.239498 0.934273
vn 0.261317 0.244334 0.933817
vn 0.285254 -0.365129 0.886178
vn 0.248485 -0.317154 0.915242
vn 0.257153 -0.742768 0.618197
vn 0.185330 -0.719967 0.668805
vn 0.164763 -0.964319 0.207222
vn 0.070088 -0.969671 0.234151
vn 0.023737 -0.968641 -0.247326
vn -0.065669 -0.962854 -0.261915
vn -0.125035 -0.762159 -0.635201
vn -0.176775 -0.728673 -0.661655
vn -0.240788 -0.249120 -0.938062
vn -0.243638 -0.244304 -0.938593
vn -0.218135 0.270287 -0.937743
vn -0.177356 0.320291 -0.930569
vn -0.080144 0.774890 -0.626994
vn -0.038714 0.792486 -0.608660
vn 0.028633 0.965284 -0.259629
vn 0.062809 0.961415 -0.267836
vn 0.252391 0.242026 0.936868
vn 0.380655 0.244360 0.891846
vn 0.302502 0.723540 0.620470
vn 0.176781 0.724768 0.665928
vn 0.248954 -0.317627 0.914951
vn 0.374153 -0.311956 0.873323
vn 0.184011 -0.718818 0.670403
vn 0.303918 -0.711715 0.633321
vn 0.066915 -0.969687 0.235011
vn 0.185531 -0.961865 0.200981
vn -0.067717 -0.962411 -0.263020
vn 0.053557 -0.953985 -0.295033
vn -0.176170 -0.729013 -0.661441
vn -0.047954 -0.720422 -0.691877
vn -0.252584 -0.246631 -0.935615
vn -0.119676 -0.239803 -0.963417
vn -0.250019 0.311760 -0.916677
vn -0.118684 0.315964 -0.941318
vn -0.166616 0.788863 -0.591553
vn -0.038000 0.783059 -0.620785
vn -0.072824 0.969648 -0.233407
vn 0.054831 0.962427 -0.265949
vn 0.036973 0.985872 0.163367
vn 0.163727 0.978267 0.127230
vn -0.273026 0.572804 -0.772886
vn -0.235749 0.792957 -0.561819
vn -0.162751 0.795736 -0.583366
vn -0.214371 0.587795 -0.780091
vn -0.105235 0.165080 -0.980650
vn -0.047674 -0.134776 -0.989729
vn 0.203315 -0.765812 -0.610078
vn 0.343335 -0.897458 -0.276930
vn 0.472438 -0.875548 0.101081
vn 0.541215 -0.705972 0.456825
vn 0.560312 -0.420352 0.713691
vn 0.442958 0.340001 0.829570
vn 0.351448 0.607005 0.712762
vn -0.037909 0.984404 0.171787
vn 0.056518 0.891699 0.449087
vn 0.109252 0.900960 0.419924
vn 0.035627 0.987703 0.152230
vn -0.144811 0.966238 -0.213104
vn -0.070735 0.969666 -0.233975
vn -0.035824 0.582536 -0.812015
vn 0.043098 0.781895 -0.621918
vn 0.408199 0.705178 -0.579739
vn 0.409450 0.413439 -0.813276
vn 0.246196 -0.153284 -0.957022
vn 0.254041 0.019826 -0.966990
vn 0.405488 -0.704959 -0.581904
vn 0.461010 -0.839382 -0.287938
vn 0.547494 -0.833879 0.069966
vn 0.641926 -0.664312 0.382911
vn 0.715880 -0.404598 0.569049
vn 0.686181 0.272482 0.674470
vn 0.676379 0.428516 0.599070
vn 0.235164 0.967754 0.090275
vn 0.280775 0.888905 0.361959
vn 0.690737 0.685636 0.229753
vn 0.543238 0.835853 -0.079005
vn 0.118901 0.952427 -0.280617
vn 0.425132 0.841185 -0.334172
vn 0.442496 0.729696 -0.521288
vn 0.207680 0.826920 -0.522564
vn -0.142185 0.787801 -0.599294
vn 0.326233 0.941642 -0.082959
vn 0.542503 0.826470 -0.150456
vn 0.062079 0.985464 0.158133
vn 0.463071 0.819080 -0.338635
vn 0.542592 -0.837778 -0.061002
vn 0.392753 -0.847684 0.356620
vn 0.279717 -0.515057 -0.810231
vn 0.605617 -0.776790 0.172699
vn 0.690663 -0.117391 0.713585
vn 0.278661 -0.958088 -0.066441
vn 0.270339 -0.946875 0.174197
vn 0.115269 0.788143 -0.604603
vn 0.076614 0.780321 -0.620669
vn -0.202355 0.615652 -0.761594
vn 0.264010 0.961661 0.074209
vn 0.289175 0.956429 0.040256
vn 0.107553 0.915545 0.387568
vn -0.008788 0.968133 -0.250281
vn 0.573454 -0.813946 0.092963
vn 0.684501 -0.614994 -0.391460
vn 0.201013 -0.027899 -0.979191
vn 0.641769 0.398613 0.655164
vn 0.858179 -0.446929 0.252553
vn 0.556813 -0.830050 0.031252
vn 0.503717 -0.859332 0.088414
s 1
g group1 pCylinder3
usemtl initialShadingGroup
f 1834/2458/2086 1835/2459/2087 1891/2533/2088 1892/2535/2089
f 1835/2459/2087 1836/2460/2090 1890/2532/2091 1891/2533/2088
f 1836/2460/2090 1837/2461/2092 1889/2531/2093 1890/2532/2091
f 1837/2461/2092 1838/2462/2094 1888/2530/2095 1889/2531/2093
f 1838/2462/2094 1839/2463/2096 1887/2529/2097 1888/2530/2095
f 1839/2463/2096 1840/2464/2098 1886/2528/2099 1887/2529/2097
f 1840/2464/2098 1841/2465/2100 1885/2527/2101 1886/2528/2099
f 1841/2465/2100 1842/2466/2102 1884/2526/2103 1885/2527/2101
f 1842/2466/2102 1843/2467/2104 1883/2525/2105 1884/2526/2103
f 1843/2467/2104 1844/2468/2106 1882/2524/2107 1883/2525/2105
f 1844/2468/2106 1845/2469/2108 1893/2536/2109 1882/2524/2107
f 1845/2469/2108 1834/2470/2086 1892/2534/2089 1893/2536/2109
f 1940/2575/2110 1939/2576/2111 1941/2484/2112
f 1942/2577/2113 1940/2575/2110 1941/2484/2112
f 1943/2578/2114 1942/2577/2113 1941/2484/2112
f 1944/2579/2115 1943/2578/2114 1941/2484/2112
f 1945/2580/2116 1944/2579/2115 1941/2484/2112
f 1946/2581/2117 1945/2580/2116 1941/2484/2112
f 1947/2582/2118 1946/2581/2117 1941/2484/2112
f 1948/2583/2119 1947/2582/2118 1941/2484/2112
f 1949/2584/2120 1948/2583/2119 1941/2484/2112
f 1950/2585/2121 1949/2584/2120 1941/2484/2112
f 1951/2586/2122 1950/2585/2121 1941/2484/2112
f 1939/2576/2111 1951/2586/2122 1941/2484/2112
f 1847/2486/2123 1846/2485/2124 1905/2549/2125 1894/2537/2126
f 1848/2487/2127 1847/2486/2123 1894/2537/2126 1895/2538/2128
f 1849/2488/2129 1848/2487/2127 1895/2538/2128 1896/2539/2130
f 1850/2489/2131 1849/2488/2129 1896/2539/2130 1897/2540/2132
f 1851/2490/2133 1850/2489/2131 1897/2540/2132 1898/2541/2134
f 1852/2491/2135 1851/2490/2133 1898/2541/2134 1899/2542/2136
f 1853/2492/2137 1852/2491/2135 1899/2542/2136 1900/2543/2138
f 1854/2493/2139 1853/2492/2137 1900/2543/2138 1901/2544/2140
f 1855/2494/2141 1854/2493/2139 1901/2544/2140 1902/2545/2142
f 1856/2496/2143 1855/2494/2141 1902/2545/2142 1903/2547/2144
f 1857/2497/2145 1856/2495/2143 1903/2546/2144 1904/2548/2146
f 1846/2485/2124 1857/2497/2145 1904/2548/2146 1905/2549/2125
f 1859/2499/2147 1858/2498/2148 1846/2485/2124 1847/2486/2123
f 1860/2500/2149 1859/2499/2147 1847/2486/2123 1848/2487/2127
f 1861/2501/2150 1860/2500/2149 1848/2487/2127 1849/2488/2129
f 1862/2502/2151 1861/2501/2150 1849/2488/2129 1850/2489/2131
f 1863/2503/2152 1862/2502/2151 1850/2489/2131 1851/2490/2133
f 1864/2504/2153 1863/2503/2152 1851/2490/2133 1852/2491/2135
f 1865/2505/2154 1864/2504/2153 1852/2491/2135 1853/2492/2137
f 1866/2506/2155 1865/2505/2154 1853/2492/2137 1854/2493/2139
f 1867/2507/2156 1866/2506/2155 1854/2493/2139 1855/2494/2141
f 1868/2509/2157 1867/2507/2156 1855/2494/2141 1856/2496/2143
f 1869/2510/2158 1868/2508/2157 1856/2495/2143 1857/2497/2145
f 1858/2498/2148 1869/2510/2158 1857/2497/2145 1846/2485/2124
f 1871/2512/2159 1870/2511/2160 2010/2642/2161 2011/2643/2162
f 1872/2513/2163 1871/2512/2159 2011/2643/2162 2012/2644/2164
f 1873/2514/2165 1872/2513/2163 2012/2644/2164 2013/2645/2166
f 1874/2515/2167 1873/2514/2165 2013/2645/2166 2014/2646/2168
f 1875/2516/2169 1874/2515/2167 2014/2646/2168 2015/2647/2170
f 1876/2517/2171 1875/2516/2169 2015/2647/2170 2016/2648/2172
f 1877/2518/2173 1876/2517/2171 2016/2648/2172 2017/2649/2174
f 1878/2519/2175 1877/2518/2173 2017/2649/2174 2018/2650/2176
f 1879/2520/2177 1878/2519/2175 2018/2650/2176 2019/2651/2178
f 1880/2522/2179 1879/2520/2177 2019/2651/2178 2020/2653/2180
f 1881/2523/2181 1880/2521/2179 2020/2652/2180 2009/2641/2182
f 1870/2511/2160 1881/2523/2181 2009/2641/2182 2010/2642/2161
f 1883/2525/2105 1882/2524/2107 1870/2511/2160 1871/2512/2159
f 1884/2526/2103 1883/2525/2105 1871/2512/2159 1872/2513/2163
f 1885/2527/2101 1884/2526/2103 1872/2513/2163 1873/2514/2165
f 1886/2528/2099 1885/2527/2101 1873/2514/2165 1874/2515/2167
f 1887/2529/2097 1886/2528/2099 1874/2515/2167 1875/2516/2169
f 1888/2530/2095 1887/2529/2097 1875/2516/2169 1876/2517/2171
f 1889/2531/2093 1888/2530/2095 1876/2517/2171 1877/2518/2173
f 1890/2532/2091 1889/2531/2093 1877/2518/2173 1878/2519/2175
f 1891/2533/2088 1890/2532/2091 1878/2519/2175 1879/2520/2177
f 1892/2535/2089 1891/2533/2088 1879/2520/2177 1880/2522/2179
f 1893/2536/2109 1892/2534/2089 1880/2521/2179 1881/2523/2181
f 1882/2524/2107 1893/2536/2109 1881/2523/2181 1870/2511/2160
f 1914/2479/2183 1918/2550/2184 1919/2551/2185 1915/2480/2186
f 1913/2478/2187 1920/2552/2188 1918/2550/2184 1914/2479/2183
f 1912/2477/2189 1921/2553/2190 1920/2552/2188 1913/2478/2187
f 1911/2476/2191 1922/2554/2192 1921/2553/2190 1912/2477/2189
f 1910/2475/2193 1923/2555/2194 1922/2554/2192 1911/2476/2191
f 1909/2474/2195 1924/2556/2196 1923/2555/2194 1910/2475/2193
f 1908/2473/2197 1925/2557/2198 1924/2556/2196 1909/2474/2195
f 1907/2472/2199 1926/2558/2200 1925/2557/2198 1908/2473/2197
f 1906/2471/2201 1927/2559/2202 1926/2558/2200 1907/2472/2199
f 1917/2482/2203 1928/2560/2204 1927/2561/2202 1906/2483/2201
f 1916/2481/2205 1929/2562/2206 1928/2560/2204 1917/2482/2203
f 1915/2480/2186 1919/2551/2185 1929/2562/2206 1916/2481/2205
f 1895/2538/2128 1894/2537/2126 1919/2551/2185 1918/2550/2184
f 1896/2539/2130 1895/2538/2128 1918/2550/2184 1920/2552/2188
f 1897/2540/2132 1896/2539/2130 1920/2552/2188 1921/2553/2190
f 1898/2541/2134 1897/2540/2132 1921/2553/2190 1922/2554/2192
f 1899/2542/2136 1898/2541/2134 1922/2554/2192 1923/2555/2194
f 1900/2543/2138 1899/2542/2136 1923/2555/2194 1924/2556/2196
f 1901/2544/2140 1900/2543/2138 1924/2556/2196 1925/2557/2198
f 1902/2545/2142 1901/2544/2140 1925/2557/2198 1926/2558/2200
f 1903/2547/2144 1902/2545/2142 1926/2558/2200 1927/2559/2202
f 1904/2548/2146 1903/2546/2144 1927/2561/2202 1928/2560/2204
f 1905/2549/2125 1904/2548/2146 1928/2560/2204 1929/2562/2206
f 1894/2537/2126 1905/2549/2125 1929/2562/2206 1919/2551/2185
f 1965/2599/2207 1964/2600/2208 1993/2625/2209 1994/2626/2210
f 1836/2448/2090 1835/2447/2087 1997/2629/2211 1998/2630/2212
f 1837/2449/2092 1836/2448/2090 1998/2630/2212 1999/2631/2213
f 1838/2450/2094 1837/2449/2092 1999/2631/2213 2000/2632/2214
f 1839/2451/2096 1838/2450/2094 2000/2632/2214 2001/2633/2215
f 1840/2452/2098 1839/2451/2096 2001/2633/2215 2002/2634/2216
f 1841/2453/2100 1840/2452/2098 2002/2634/2216 2003/2635/2217
f 1842/2454/2102 1841/2453/2100 2003/2635/2217 2004/2636/2218
f 1843/2455/2104 1842/2454/2102 2004/2636/2218 2005/2637/2219
f 1969/2602/2220 1968/2603/2221 2008/2640/2222 1991/2623/2223
f 1972/2605/2224 1969/2602/2220 1991/2623/2223 1992/2624/2225
f 1964/2600/2208 1972/2605/2224 1992/2624/2225 1993/2625/2209
f 1967/2601/2226 1966/2564/2227 1974/2606/2228 1975/2607/2229
f 1931/2565/2230 1930/2563/2231 1940/2575/2110 1942/2577/2113
f 1932/2566/2232 1931/2565/2230 1942/2577/2113 1943/2578/2114
f 1933/2567/2233 1932/2566/2232 1943/2578/2114 1944/2579/2115
f 1934/2568/2234 1933/2567/2233 1944/2579/2115 1945/2580/2116
f 1935/2569/2235 1934/2568/2234 1945/2580/2116 1946/2581/2117
f 1936/2570/2236 1935/2569/2235 1946/2581/2117 1947/2582/2118
f 1937/2571/2237 1936/2570/2236 1947/2582/2118 1948/2583/2119
f 1938/2572/2238 1937/2571/2237 1948/2583/2119 1949/2584/2120
f 1971/2573/2239 1970/2604/2240 1976/2608/2241 1977/2609/2242
f 1973/2574/2243 1971/2573/2239 1977/2609/2242 1978/2610/2244
f 1966/2564/2227 1973/2574/2243 1978/2610/2244 1974/2606/2228
f 1835/2447/2087 1834/2446/2086 1982/2614/2245 1983/2615/2246
f 1997/2629/2211 1835/2447/2087 1983/2615/2246 1996/2628/2247
f 1844/2456/2106 1843/2455/2104 1979/2611/2248 1980/2612/2249
f 1843/2455/2104 2005/2637/2219 2006/2638/2250 1979/2611/2248
f 1845/2457/2108 1844/2456/2106 1980/2612/2249 1981/2613/2251
f 1834/2446/2086 1845/2457/2108 1981/2613/2251 1982/2614/2245
f 1939/2576/2111 1940/2575/2110 1985/2617/2252 1986/2618/2253
f 1940/2575/2110 1930/2563/2231 1984/2616/2254 1985/2617/2252
f 1938/2572/2238 1949/2584/2120 1989/2621/2255 1990/2622/2256
f 1949/2584/2120 1950/2585/2121 1988/2620/2257 1989/2621/2255
f 1950/2585/2121 1951/2586/2122 1987/2619/2258 1988/2620/2257
f 1951/2586/2122 1939/2576/2111 1986/2618/2253 1987/2619/2258
f 1953/2587/2259 1952/2588/2260 1964/2600/2208 1965/2599/2207
f 1995/2627/2261 1953/2587/2259 1965/2599/2207 1994/2626/2210
f 1956/2590/2262 1955/2591/2263 1968/2603/2221 1969/2602/2220
f 1955/2591/2263 2007/2639/2264 2008/2640/2222 1968/2603/2221
f 1958/2593/2265 1956/2590/2262 1969/2602/2220 1972/2605/2224
f 1952/2588/2260 1958/2593/2265 1972/2605/2224 1964/2600/2208
f 1959/2594/2266 1960/2595/2267 1975/2607/2229 1974/2606/2228
f 1960/2595/2267 1954/2589/2268 1967/2601/2226 1975/2607/2229
f 1957/2592/2269 1961/2596/2270 1976/2608/2241 1970/2604/2240
f 1961/2596/2270 1962/2597/2271 1977/2609/2242 1976/2608/2241
f 1962/2597/2271 1963/2598/2272 1978/2610/2244 1977/2609/2242
f 1963/2598/2272 1959/2594/2266 1974/2606/2228 1978/2610/2244
f 1980/2612/2249 1979/2611/2248 1955/2591/2263 1956/2590/2262
f 1981/2613/2251 1980/2612/2249 1956/2590/2262 1958/2593/2265
f 1982/2614/2245 1981/2613/2251 1958/2593/2265 1952/2588/2260
f 1983/2615/2246 1982/2614/2245 1952/2588/2260 1953/2587/2259
f 1996/2628/2247 1983/2615/2246 1953/2587/2259 1995/2627/2261
f 1985/2617/2252 1984/2616/2254 1954/2589/2268 1960/2595/2267
f 1986/2618/2253 1985/2617/2252 1960/2595/2267 1959/2594/2266
f 1987/2619/2258 1986/2618/2253 1959/2594/2266 1963/2598/2272
f 1988/2620/2257 1987/2619/2258 1963/2598/2272 1962/2597/2271
f 1989/2621/2255 1988/2620/2257 1962/2597/2271 1961/2596/2270
f 1990/2622/2256 1989/2621/2255 1961/2596/2270 1957/2592/2269
f 1979/2611/2248 2006/2638/2250 2007/2639/2264 1955/2591/2263
f 1992/2624/2225 1991/2623/2223 1971/2573/2239 1973/2574/2243
f 1993/2625/2209 1992/2624/2225 1973/2574/2243 1966/2564/2227
f 1994/2626/2210 1993/2625/2209 1966/2564/2227 1967/2601/2226
f 1954/2589/2268 1995/2627/2261 1994/2626/2210 1967/2601/2226
f 1984/2616/2254 1996/2628/2247 1995/2627/2261 1954/2589/2268
f 1930/2563/2231 1997/2629/2211 1996/2628/2247 1984/2616/2254
f 1998/2630/2212 1997/2629/2211 1930/2563/2231 1931/2565/2230
f 1999/2631/2213 1998/2630/2212 1931/2565/2230 1932/2566/2232
f 2000/2632/2214 1999/2631/2213 1932/2566/2232 1933/2567/2233
f 2001/2633/2215 2000/2632/2214 1933/2567/2233 1934/2568/2234
f 2002/2634/2216 2001/2633/2215 1934/2568/2234 1935/2569/2235
f 2003/2635/2217 2002/2634/2216 1935/2569/2235 1936/2570/2236
f 2004/2636/2218 2003/2635/2217 1936/2570/2236 1937/2571/2237
f 2005/2637/2219 2004/2636/2218 1937/2571/2237 1938/2572/2238
f 2006/2638/2250 2005/2637/2219 1938/2572/2238 1990/2622/2256
f 2007/2639/2264 2006/2638/2250 1990/2622/2256 1957/2592/2269
f 2008/2640/2222 2007/2639/2264 1957/2592/2269 1970/2604/2240
f 1991/2623/2223 2008/2640/2222 1970/2604/2240 1971/2573/2239
f 2010/2642/2161 2009/2641/2182 1869/2510/2158 1858/2498/2148
f 2011/2643/2162 2010/2642/2161 1858/2498/2148 1859/2499/2147
f 2012/2644/2164 2011/2643/2162 1859/2499/2147 1860/2500/2149
f 2013/2645/2166 2012/2644/2164 1860/2500/2149 1861/2501/2150
f 2014/2646/2168 2013/2645/2166 1861/2501/2150 1862/2502/2151
f 2015/2647/2170 2014/2646/2168 1862/2502/2151 1863/2503/2152
f 2016/2648/2172 2015/2647/2170 1863/2503/2152 1864/2504/2153
f 2017/2649/2174 2016/2648/2172 1864/2504/2153 1865/2505/2154
f 2018/2650/2176 2017/2649/2174 1865/2505/2154 1866/2506/2155
f 2019/2651/2178 2018/2650/2176 1866/2506/2155 1867/2507/2156
f 2020/2653/2180 2019/2651/2178 1867/2507/2156 1868/2509/2157
f 2009/2641/2182 2020/2652/2180 1868/2508/2157 1869/2510/2158
g default
v 2.898599 -1.142623 -0.033260
v 2.910611 -1.162361 -0.057608
v 2.931841 -1.193109 -0.066520
v 2.931267 -1.213656 -0.057608
v 2.932153 -1.231641 -0.033260
v 2.932842 -1.240511 0.000000
v 2.932153 -1.231641 0.033260
v 2.931267 -1.213656 0.057608
v 2.931841 -1.193109 0.066520
v 2.910611 -1.162361 0.057608
v 2.898599 -1.142623 0.033260
v 2.894232 -1.137368 0.000000
v 2.677645 -1.142504 0.033260
v 2.677645 -1.161779 0.057608
v 2.677645 -1.194565 0.066520
v 2.677645 -1.222352 0.057608
v 2.677645 -1.246660 0.033260
v 2.677645 -1.255573 0.000000
v 2.677645 -1.246660 -0.033260
v 2.677645 -1.222352 -0.057608
v 2.677645 -1.194565 -0.066520
v 2.677645 -1.161779 -0.057608
v 2.677645 -1.142504 -0.033260
v 2.677645 -1.136052 0.000000
v 2.741296 -1.133794 0.033260
v 2.741296 -1.153069 0.057608
v 2.741296 -1.194565 0.066520
v 2.741296 -1.222352 0.057608
v 2.741296 -1.246660 0.033260
v 2.741296 -1.255573 0.000000
v 2.741296 -1.246660 -0.033260
v 2.741296 -1.222352 -0.057608
v 2.741296 -1.194565 -0.066520
v 2.741296 -1.153069 -0.057608
v 2.741296 -1.133794 -0.033260
v 2.741296 -1.127342 0.000000
v 2.804947 -1.142504 0.033260
v 2.804947 -1.161779 0.057608
v 2.804947 -1.194565 0.066520
v 2.804932 -1.222288 0.057608
v 2.804996 -1.246232 0.033260
v 2.805051 -1.255144 0.000000
v 2.804996 -1.246232 -0.033260
v 2.804932 -1.222288 -0.057608
v 2.804947 -1.194565 -0.066520
v 2.804947 -1.161779 -0.057608
v 2.804947 -1.142504 -0.033260
v 2.804947 -1.136052 0.000000
v 2.868597 -1.142504 0.033260
v 2.868597 -1.161779 0.057608
v 2.868252 -1.193527 0.066520
v 2.867670 -1.216267 0.057608
v 2.868673 -1.236307 0.033260
v 2.869363 -1.245193 0.000000
v 2.868673 -1.236307 -0.033260
v 2.867670 -1.216267 -0.057608
v 2.868252 -1.193527 -0.066520
v 2.868597 -1.161779 -0.057608
v 2.868597 -1.142504 -0.033260
v 2.868597 -1.136052 0.000000
v 2.645820 -1.161779 0.057608
v 2.645820 -1.194565 0.066520
v 2.645820 -1.222352 0.057608
v 2.645820 -1.246660 0.033260
v 2.645820 -1.255573 0.000000
v 2.645820 -1.246660 -0.033260
v 2.645820 -1.222352 -0.057608
v 2.645820 -1.194565 -0.066520
v 2.645820 -1.161779 -0.057608
v 2.645820 -1.142504 -0.033260
v 2.645820 -1.136052 0.000000
v 2.645820 -1.142504 0.033260
v 2.550344 -1.128354 -0.042162
v 2.550344 -1.153375 -0.073027
v 2.550344 -1.194636 -0.084324
v 2.550344 -1.229814 -0.073027
v 2.550344 -1.260573 -0.042162
v 2.550344 -1.271851 0.000000
v 2.550344 -1.260573 0.042162
v 2.550344 -1.229814 0.073027
v 2.550344 -1.194636 0.084324
v 2.550344 -1.153375 0.073027
v 2.550344 -1.128354 0.042162
v 2.550344 -1.121693 0.000000
v 2.645820 -1.194198 0.084324
v 2.645820 -1.152636 0.073027
v 2.645820 -1.229423 0.073027
v 2.645820 -1.260237 0.042162
v 2.645820 -1.271534 0.000000
v 2.645820 -1.260237 -0.042162
v 2.645820 -1.229423 -0.073027
v 2.645820 -1.194198 -0.084324
v 2.645820 -1.152636 -0.073027
v 2.645820 -1.128203 -0.042162
v 2.645820 -1.120023 0.000000
v 2.645820 -1.128203 0.042162
v 2.975908 -1.162602 -0.047179
v 2.975428 -1.185418 -0.054478
v 2.974637 -1.200197 -0.047179
v 2.974747 -1.213346 -0.027239
v 2.975163 -1.220269 0.000000
v 2.974747 -1.213346 0.027239
v 2.974637 -1.200197 0.047179
v 2.975428 -1.185418 0.054478
v 2.975908 -1.162602 0.047179
v 2.991746 -1.158575 -0.016153
v 2.991746 -1.167579 -0.027978
v 2.997731 -1.184932 0.000000
v 2.991574 -1.181643 -0.032306
v 2.991211 -1.192040 -0.027978
v 2.991080 -1.201290 -0.016153
v 2.991181 -1.205526 0.000000
v 2.991080 -1.201290 0.016153
v 2.991211 -1.192040 0.027978
v 2.991574 -1.181643 0.032306
v 2.991746 -1.167579 0.027978
v 2.991746 -1.158575 0.016153
v 2.991746 -1.156177 0.000000
v 2.903469 -1.145214 -0.028907
v 2.915480 -1.162369 -0.050068
v 2.981444 -1.159550 -0.047179
v 2.915480 -1.162369 0.050068
v 2.903469 -1.145214 0.028907
v 2.981444 -1.159550 0.047179
v 2.899101 -1.140647 0.000000
v 3.005565 -1.155523 -0.016153
v 2.997282 -1.161406 -0.027978
v 2.997282 -1.161406 0.027978
v 3.005565 -1.155523 0.016153
v 3.005565 -1.153125 0.000000
v 2.905960 -1.143660 -0.027944
v 2.917572 -1.160815 -0.048400
v 2.981338 -1.142812 -0.026331
v 2.981338 -1.157996 -0.045607
v 2.917572 -1.160815 0.048400
v 2.905960 -1.143660 0.027944
v 2.981338 -1.157996 0.045607
v 2.981338 -1.142812 0.026331
v 2.901738 -1.139093 -0.000000
v 2.981338 -1.138769 -0.000000
v 3.004932 -1.153969 -0.015615
v 2.996649 -1.159852 -0.027046
v 2.996649 -1.159852 0.027046
v 3.004932 -1.153969 0.015615
v 3.004932 -1.151572 -0.000000
v 2.913046 -1.162365 0.053838
v 2.901034 -1.143919 0.031083
v 2.896667 -1.139008 0.000000
v 2.901034 -1.143919 -0.031083
v 2.913046 -1.162365 -0.053838
v 2.978676 -1.161076 -0.047179
v 2.994514 -1.164493 -0.027978
v 2.998656 -1.157049 -0.016153
v 2.998656 -1.154651 0.000000
v 2.998656 -1.157049 0.016153
v 2.994514 -1.164493 0.027978
v 2.978676 -1.161076 0.047179
v 2.943649 -1.141539 0.028081
v 2.941538 -1.137084 -0.000000
v 2.943649 -1.141539 -0.028081
v 2.949455 -1.158271 -0.048638
v 2.948462 -1.159878 -0.050314
v 2.945861 -1.160666 -0.052264
v 2.943260 -1.161454 -0.054215
v 2.953450 -1.188433 -0.062602
v 2.952669 -1.205838 -0.054215
v 2.953293 -1.221912 -0.031301
v 2.953924 -1.230031 0.000000
v 2.953293 -1.221912 0.031301
v 2.952669 -1.205838 0.054215
v 2.953450 -1.188433 0.062602
v 2.943260 -1.161454 0.054215
v 2.945861 -1.160666 0.052264
v 2.948462 -1.159878 0.050314
v 2.949455 -1.158271 0.048638
v 2.773121 -1.127342 0.000000
v 2.773121 -1.133794 0.033260
v 2.773121 -1.153069 0.057608
v 2.773121 -1.194565 0.066520
v 2.773121 -1.222352 0.057608
v 2.773121 -1.246660 0.033260
v 2.773121 -1.255573 0.000000
v 2.773121 -1.246660 -0.033260
v 2.773121 -1.222352 -0.057608
v 2.773121 -1.194565 -0.066520
v 2.773121 -1.153069 -0.057608
v 2.773121 -1.133794 -0.033260
vt 0.635316 0.078125
vt 0.578125 0.020934
vt 0.500000 0.000000
vt 0.421875 0.020934
vt 0.364684 0.078125
vt 0.343750 0.156250
vt 0.364684 0.234375
vt 0.421875 0.291566
vt 0.500000 0.312500
vt 0.578125 0.291566
vt 0.635316 0.234375
vt 0.656250 0.156250
vt 0.375000 0.312500
vt 0.395833 0.312500
vt 0.416667 0.312500
vt 0.437500 0.312500
vt 0.458333 0.312500
vt 0.479167 0.312500
vt 0.500000 0.312500
vt 0.520833 0.312500
vt 0.541667 0.312500
vt 0.562500 0.312500
vt 0.583333 0.312500
vt 0.604167 0.312500
vt 0.625000 0.312500
vt 0.375000 0.687500
vt 0.395833 0.687500
vt 0.416667 0.687500
vt 0.437500 0.687500
vt 0.458333 0.687500
vt 0.479167 0.687500
vt 0.500000 0.687500
vt 0.520833 0.687500
vt 0.541667 0.687500
vt 0.562500 0.687500
vt 0.583333 0.687500
vt 0.604167 0.687500
vt 0.625000 0.687500
vt 0.500000 0.156250
vt 0.583333 0.562500
vt 0.562500 0.562500
vt 0.541667 0.562500
vt 0.520833 0.562500
vt 0.500000 0.562500
vt 0.479167 0.562500
vt 0.458333 0.562500
vt 0.437500 0.562500
vt 0.416667 0.562500
vt 0.395833 0.562500
vt 0.625000 0.562500
vt 0.375000 0.562500
vt 0.604167 0.562500
vt 0.583333 0.500000
vt 0.562500 0.500000
vt 0.541667 0.500000
vt 0.520833 0.500000
vt 0.500000 0.500000
vt 0.479167 0.500000
vt 0.458333 0.500000
vt 0.437500 0.500000
vt 0.416667 0.500000
vt 0.395833 0.500000
vt 0.625000 0.500000
vt 0.375000 0.500000
vt 0.604167 0.500000
vt 0.583333 0.437500
vt 0.562500 0.437500
vt 0.541667 0.437500
vt 0.520833 0.437500
vt 0.500000 0.437500
vt 0.479167 0.437500
vt 0.458333 0.437500
vt 0.437500 0.437500
vt 0.416667 0.437500
vt 0.395833 0.437500
vt 0.625000 0.437500
vt 0.375000 0.437500
vt 0.604167 0.437500
vt 0.583333 0.375000
vt 0.562500 0.375000
vt 0.541667 0.375000
vt 0.520833 0.375000
vt 0.500000 0.375000
vt 0.479167 0.375000
vt 0.458333 0.375000
vt 0.437500 0.375000
vt 0.416667 0.375000
vt 0.395833 0.375000
vt 0.625000 0.375000
vt 0.375000 0.375000
vt 0.604167 0.375000
vt 0.562500 0.593750
vt 0.541667 0.593750
vt 0.520833 0.593750
vt 0.500000 0.593750
vt 0.479167 0.593750
vt 0.458333 0.593750
vt 0.437500 0.593750
vt 0.416667 0.593750
vt 0.395833 0.593750
vt 0.625000 0.593750
vt 0.375000 0.593750
vt 0.604167 0.593750
vt 0.583333 0.593750
vt 0.541667 0.593750
vt 0.562500 0.593750
vt 0.520833 0.593750
vt 0.500000 0.593750
vt 0.479167 0.593750
vt 0.458333 0.593750
vt 0.437500 0.593750
vt 0.416667 0.593750
vt 0.395833 0.593750
vt 0.375000 0.593750
vt 0.604167 0.593750
vt 0.625000 0.593750
vt 0.583333 0.593750
vt 0.578125 0.020934
vt 0.635316 0.078125
vt 0.500000 0.000000
vt 0.421875 0.020934
vt 0.364684 0.078125
vt 0.343750 0.156250
vt 0.364684 0.234375
vt 0.421875 0.291566
vt 0.500000 0.312500
vt 0.578125 0.291566
vt 0.635316 0.234375
vt 0.656250 0.156250
vt 0.578125 0.020934
vt 0.635316 0.078125
vt 0.500000 0.000000
vt 0.421875 0.020934
vt 0.364684 0.078125
vt 0.343750 0.156250
vt 0.364684 0.234375
vt 0.421875 0.291566
vt 0.500000 0.312500
vt 0.578125 0.291566
vt 0.635316 0.234375
vt 0.656250 0.156250
vt 0.578125 0.020934
vt 0.635316 0.078125
vt 0.578125 0.020934
vt 0.635316 0.234375
vt 0.578125 0.291566
vt 0.578125 0.291566
vt 0.656250 0.156250
vt 0.635316 0.078125
vt 0.578125 0.020934
vt 0.578125 0.291566
vt 0.635316 0.234375
vt 0.656250 0.156250
vt 0.578125 0.020934
vt 0.635316 0.078125
vt 0.578125 0.020934
vt 0.635316 0.234375
vt 0.578125 0.291566
vt 0.578125 0.291566
vt 0.656250 0.156250
vt 0.635316 0.078125
vt 0.578125 0.020934
vt 0.578125 0.291566
vt 0.635316 0.234375
vt 0.656250 0.156250
vt 0.578125 0.291566
vt 0.635316 0.234375
vt 0.656250 0.156250
vt 0.635316 0.078125
vt 0.578125 0.020934
vt 0.578125 0.020934
vt 0.578125 0.020934
vt 0.635316 0.078125
vt 0.656250 0.156250
vt 0.635316 0.234375
vt 0.578125 0.291566
vt 0.578125 0.291566
vt 0.635316 0.234375
vt 0.656250 0.156250
vt 0.635316 0.078125
vt 0.578125 0.020934
vt 0.578125 0.020934
vt 0.578125 0.020934
vt 0.578125 0.020934
vt 0.500000 0.000000
vt 0.421875 0.020934
vt 0.364684 0.078125
vt 0.343750 0.156250
vt 0.364684 0.234375
vt 0.421875 0.291566
vt 0.500000 0.312500
vt 0.578125 0.291566
vt 0.578125 0.291566
vt 0.578125 0.291566
vt 0.578125 0.291566
vt 0.604167 0.468750
vt 0.583333 0.468750
vt 0.562500 0.468750
vt 0.541667 0.468750
vt 0.520833 0.468750
vt 0.500000 0.468750
vt 0.479167 0.468750
vt 0.458333 0.468750
vt 0.437500 0.468750
vt 0.416667 0.468750
vt 0.395833 0.468750
vt 0.625000 0.468750
vt 0.375000 0.468750
vn 0.064455 0.898573 -0.434065
vn 0.031570 0.454451 -0.890212
vn 0.000726 0.526545 -0.850147
vn 0.005392 0.909624 -0.415397
vn 0.056862 -0.039763 -0.997590
vn 0.006007 -0.010753 -0.999924
vn 0.105721 -0.638155 -0.762615
vn 0.044988 -0.594254 -0.803018
vn 0.146132 -0.890034 -0.431840
vn 0.092861 -0.882482 -0.461089
vn 0.160726 -0.986999 -0.000000
vn 0.115701 -0.993284 -0.000000
vn 0.146132 -0.890034 0.431840
vn 0.092861 -0.882482 0.461089
vn 0.105721 -0.638154 0.762615
vn 0.044988 -0.594254 0.803018
vn 0.056862 -0.039763 0.997590
vn 0.006007 -0.010753 0.999924
vn 0.031570 0.454451 0.890212
vn 0.000726 0.526545 0.850147
vn 0.064455 0.898573 0.434065
vn 0.005392 0.909624 0.415397
vn 0.069349 0.997592 -0.000000
vn 0.007750 0.999970 -0.000000
vn 0.908943 0.041927 -0.414806
vn 0.970710 -0.232548 0.060367
vn 0.999377 -0.035282 -0.000000
vn 0.863052 -0.010987 -0.504996
vn 0.819858 -0.403497 -0.406230
vn 0.769955 -0.585320 -0.254106
vn 0.751991 -0.659174 0.000000
vn 0.769955 -0.585320 0.254106
vn 0.819858 -0.403497 0.406230
vn 0.863052 -0.010987 0.504996
vn 0.908944 0.041927 0.414806
vn 0.970710 -0.232548 -0.060368
vn 0.955037 -0.296487 -0.000000
vn -0.035734 0.480833 0.876084
vn -0.083411 0.903725 0.419909
vn 0.565484 0.753073 0.336317
vn 0.608234 0.427344 0.668901
vn -0.006404 0.000000 0.999979
vn 0.599503 0.000000 0.800373
vn 0.000000 -0.538119 0.842869
vn 0.568840 -0.442575 0.693215
vn 0.000000 -0.866283 0.499553
vn 0.558463 -0.718607 0.414394
vn 0.000000 -1.000000 0.000000
vn 0.552846 -0.833283 -0.000000
vn -0.000000 -0.866283 -0.499554
vn 0.558463 -0.718607 -0.414394
vn -0.000000 -0.538119 -0.842869
vn 0.568841 -0.442575 -0.693215
vn -0.006404 0.000000 -0.999979
vn 0.599503 0.000000 -0.800373
vn -0.035734 0.480833 -0.876084
vn 0.608234 0.427344 -0.668902
vn -0.083411 0.903725 -0.419909
vn 0.565484 0.753073 -0.336317
vn -0.092145 0.995746 0.000000
vn 0.539482 0.841997 0.000000
vn -0.044647 0.535156 0.843572
vn -0.082566 0.916310 0.391865
vn -0.006124 0.000000 0.999981
vn 0.000000 -0.538119 0.842869
vn 0.000000 -0.866283 0.499554
vn 0.000000 -1.000000 0.000000
vn -0.000000 -0.866283 -0.499554
vn -0.000000 -0.538119 -0.842869
vn -0.006124 0.000000 -0.999981
vn -0.044647 0.535156 -0.843572
vn -0.082566 0.916310 -0.391865
vn -0.089477 0.995989 0.000000
vn 0.033558 0.497187 0.866994
vn 0.085878 0.904413 0.417927
vn 0.121104 0.914514 0.386002
vn 0.071063 0.541389 0.837764
vn 0.011770 -0.004961 0.999918
vn 0.009156 0.000015 0.999958
vn 0.044671 -0.581261 0.812490
vn 0.001604 -0.539257 0.842140
vn 0.087317 -0.882450 0.462232
vn 0.004794 -0.867709 0.497050
vn 0.105124 -0.994459 0.000000
vn 0.006702 -0.999978 0.000000
vn 0.087317 -0.882450 -0.462232
vn 0.004794 -0.867709 -0.497050
vn 0.044671 -0.581261 -0.812490
vn 0.001604 -0.539257 -0.842140
vn 0.011770 -0.004961 -0.999918
vn 0.009156 0.000015 -0.999958
vn 0.033558 0.497187 -0.866994
vn 0.071063 0.541389 -0.837764
vn 0.085878 0.904413 -0.417927
vn 0.121104 0.914514 -0.386002
vn 0.095247 0.995454 -0.000000
vn 0.130382 0.991464 -0.000000
vn -0.000256 -0.002374 0.999997
vn 0.135306 0.002350 0.990801
vn 0.130510 0.535997 0.834071
vn -0.002711 0.534463 0.845188
vn 0.002132 -0.539676 0.841870
vn 0.133851 -0.532322 0.835893
vn 0.003104 -0.866888 0.498493
vn 0.128531 -0.858881 0.495786
vn 0.003415 -0.999994 0.000000
vn 0.126800 -0.991928 -0.000000
vn 0.003104 -0.866888 -0.498493
vn 0.128531 -0.858881 -0.495786
vn 0.002132 -0.539676 -0.841870
vn 0.133851 -0.532322 -0.835893
vn -0.000256 -0.002374 -0.999997
vn 0.135306 0.002350 -0.990801
vn -0.002711 0.534463 -0.845188
vn 0.130510 0.535997 -0.834071
vn -0.006840 0.915102 -0.403164
vn 0.124951 0.908188 -0.399477
vn -0.009537 0.999955 0.000000
vn 0.122187 0.992507 0.000000
vn -0.006840 0.915102 0.403164
vn 0.124951 0.908188 0.399477
vn -0.062365 0.755138 -0.652593
vn -0.081331 0.916456 -0.391782
vn -0.005240 0.919590 -0.392844
vn -0.003856 0.767643 -0.640866
vn 0.153736 0.398108 -0.904365
vn 0.211676 0.105819 -0.971594
vn 0.355154 -0.611619 -0.706957
vn 0.403599 -0.826773 -0.391861
vn 0.429822 -0.902914 -0.000000
vn 0.403599 -0.826773 0.391861
vn 0.355154 -0.611619 0.706957
vn 0.211676 0.105819 0.971594
vn 0.153736 0.398108 0.904365
vn -0.081331 0.916456 0.391782
vn -0.062365 0.755138 0.652593
vn -0.003856 0.767643 0.640866
vn -0.005240 0.919590 0.392844
vn -0.084328 0.996438 -0.000000
vn -0.007372 0.999973 -0.000000
vn 0.176844 0.758715 -0.626959
vn 0.203547 0.902167 -0.380346
vn 0.545071 0.794598 -0.267417
vn 0.607087 0.566713 -0.557029
vn 0.486893 0.061462 -0.871296
vn 0.497063 0.231177 -0.836353
vn 0.543018 -0.572118 -0.614665
vn 0.520081 -0.775346 -0.358266
vn 0.510391 -0.859942 0.000000
vn 0.520081 -0.775346 0.358266
vn 0.543018 -0.572118 0.614665
vn 0.486893 0.061462 0.871296
vn 0.497063 0.231177 0.836353
vn 0.203547 0.902167 0.380346
vn 0.176843 0.758715 0.626959
vn 0.607088 0.566713 0.557028
vn 0.545071 0.794598 0.267417
vn 0.187867 0.982195 -0.000000
vn 0.497479 0.867476 -0.000000
vn 0.562966 0.802402 -0.198042
vn 0.336581 0.911919 -0.234770
vn 0.018763 0.914344 -0.404503
vn 0.336581 0.911919 0.234770
vn 0.562966 0.802402 0.198042
vn 0.018763 0.914344 0.404503
vn 0.535272 0.844680 -0.000000
vn 0.539760 -0.832516 -0.124808
vn 0.286349 -0.931106 0.225935
vn 0.481037 -0.326108 -0.813792
vn 0.539760 -0.832516 0.124808
vn 0.481037 -0.326108 0.813792
vn 0.286349 -0.931106 -0.225935
vn 0.215657 -0.976469 -0.000000
vn 0.268719 0.899549 -0.344386
vn 0.235581 0.898214 -0.371098
vn 0.002929 0.789527 -0.613708
vn 0.235581 0.898214 0.371098
vn 0.268719 0.899549 0.344386
vn 0.002929 0.789527 0.613709
vn 0.056683 0.998392 0.000000
vn 0.529468 -0.847689 0.032956
vn 0.762818 -0.547556 -0.343934
vn 0.449041 0.191151 -0.872825
vn 0.449041 0.191150 0.872825
vn 0.762818 -0.547557 0.343934
vn 0.529468 -0.847689 -0.032957
vn 0.463321 -0.886191 -0.000000
s 1
g group1 pCylinder2
usemtl initialShadingGroup
f 2021/2666/2273 2022/2667/2274 2078/2741/2275 2079/2743/2276
f 2022/2667/2274 2023/2668/2277 2077/2740/2278 2078/2741/2275
f 2023/2668/2277 2024/2669/2279 2076/2739/2280 2077/2740/2278
f 2024/2669/2279 2025/2670/2281 2075/2738/2282 2076/2739/2280
f 2025/2670/2281 2026/2671/2283 2074/2737/2284 2075/2738/2282
f 2026/2671/2283 2027/2672/2285 2073/2736/2286 2074/2737/2284
f 2027/2672/2285 2028/2673/2287 2072/2735/2288 2073/2736/2286
f 2028/2673/2287 2029/2674/2289 2071/2734/2290 2072/2735/2288
f 2029/2674/2289 2030/2675/2291 2070/2733/2292 2071/2734/2290
f 2030/2675/2291 2031/2676/2293 2069/2732/2294 2070/2733/2292
f 2031/2676/2293 2032/2677/2295 2080/2744/2296 2069/2732/2294
f 2032/2677/2295 2021/2678/2273 2079/2742/2276 2080/2744/2296
f 2127/2783/2297 2126/2784/2298 2128/2692/2299
f 2129/2785/2300 2127/2783/2297 2128/2692/2299
f 2130/2786/2301 2129/2785/2300 2128/2692/2299
f 2131/2787/2302 2130/2786/2301 2128/2692/2299
f 2132/2788/2303 2131/2787/2302 2128/2692/2299
f 2133/2789/2304 2132/2788/2303 2128/2692/2299
f 2134/2790/2305 2133/2789/2304 2128/2692/2299
f 2135/2791/2306 2134/2790/2305 2128/2692/2299
f 2136/2792/2307 2135/2791/2306 2128/2692/2299
f 2137/2793/2308 2136/2792/2307 2128/2692/2299
f 2138/2794/2309 2137/2793/2308 2128/2692/2299
f 2126/2784/2298 2138/2794/2309 2128/2692/2299
f 2034/2694/2310 2033/2693/2311 2092/2757/2312 2081/2745/2313
f 2035/2695/2314 2034/2694/2310 2081/2745/2313 2082/2746/2315
f 2036/2696/2316 2035/2695/2314 2082/2746/2315 2083/2747/2317
f 2037/2697/2318 2036/2696/2316 2083/2747/2317 2084/2748/2319
f 2038/2698/2320 2037/2697/2318 2084/2748/2319 2085/2749/2321
f 2039/2699/2322 2038/2698/2320 2085/2749/2321 2086/2750/2323
f 2040/2700/2324 2039/2699/2322 2086/2750/2323 2087/2751/2325
f 2041/2701/2326 2040/2700/2324 2087/2751/2325 2088/2752/2327
f 2042/2702/2328 2041/2701/2326 2088/2752/2327 2089/2753/2329
f 2043/2704/2330 2042/2702/2328 2089/2753/2329 2090/2755/2331
f 2044/2705/2332 2043/2703/2330 2090/2754/2331 2091/2756/2333
f 2033/2693/2311 2044/2705/2332 2091/2756/2333 2092/2757/2312
f 2046/2707/2334 2045/2706/2335 2033/2693/2311 2034/2694/2310
f 2047/2708/2336 2046/2707/2334 2034/2694/2310 2035/2695/2314
f 2048/2709/2337 2047/2708/2336 2035/2695/2314 2036/2696/2316
f 2049/2710/2338 2048/2709/2337 2036/2696/2316 2037/2697/2318
f 2050/2711/2339 2049/2710/2338 2037/2697/2318 2038/2698/2320
f 2051/2712/2340 2050/2711/2339 2038/2698/2320 2039/2699/2322
f 2052/2713/2341 2051/2712/2340 2039/2699/2322 2040/2700/2324
f 2053/2714/2342 2052/2713/2341 2040/2700/2324 2041/2701/2326
f 2054/2715/2343 2053/2714/2342 2041/2701/2326 2042/2702/2328
f 2055/2717/2344 2054/2715/2343 2042/2702/2328 2043/2704/2330
f 2056/2718/2345 2055/2716/2344 2043/2703/2330 2044/2705/2332
f 2045/2706/2335 2056/2718/2345 2044/2705/2332 2033/2693/2311
f 2058/2720/2346 2057/2719/2347 2197/2850/2348 2198/2851/2349
f 2059/2721/2350 2058/2720/2346 2198/2851/2349 2199/2852/2351
f 2060/2722/2352 2059/2721/2350 2199/2852/2351 2200/2853/2353
f 2061/2723/2354 2060/2722/2352 2200/2853/2353 2201/2854/2355
f 2062/2724/2356 2061/2723/2354 2201/2854/2355 2202/2855/2357
f 2063/2725/2358 2062/2724/2356 2202/2855/2357 2203/2856/2359
f 2064/2726/2360 2063/2725/2358 2203/2856/2359 2204/2857/2361
f 2065/2727/2362 2064/2726/2360 2204/2857/2361 2205/2858/2363
f 2066/2728/2364 2065/2727/2362 2205/2858/2363 2206/2859/2365
f 2067/2730/2366 2066/2728/2364 2206/2859/2365 2207/2861/2367
f 2068/2731/2368 2067/2729/2366 2207/2860/2367 2196/2849/2369
f 2057/2719/2347 2068/2731/2368 2196/2849/2369 2197/2850/2348
f 2070/2733/2292 2069/2732/2294 2057/2719/2347 2058/2720/2346
f 2071/2734/2290 2070/2733/2292 2058/2720/2346 2059/2721/2350
f 2072/2735/2288 2071/2734/2290 2059/2721/2350 2060/2722/2352
f 2073/2736/2286 2072/2735/2288 2060/2722/2352 2061/2723/2354
f 2074/2737/2284 2073/2736/2286 2061/2723/2354 2062/2724/2356
f 2075/2738/2282 2074/2737/2284 2062/2724/2356 2063/2725/2358
f 2076/2739/2280 2075/2738/2282 2063/2725/2358 2064/2726/2360
f 2077/2740/2278 2076/2739/2280 2064/2726/2360 2065/2727/2362
f 2078/2741/2275 2077/2740/2278 2065/2727/2362 2066/2728/2364
f 2079/2743/2276 2078/2741/2275 2066/2728/2364 2067/2730/2366
f 2080/2744/2296 2079/2742/2276 2067/2729/2366 2068/2731/2368
f 2069/2732/2294 2080/2744/2296 2068/2731/2368 2057/2719/2347
f 2101/2687/2370 2105/2758/2371 2106/2759/2372 2102/2688/2373
f 2100/2686/2374 2107/2760/2375 2105/2758/2371 2101/2687/2370
f 2099/2685/2376 2108/2761/2377 2107/2760/2375 2100/2686/2374
f 2098/2684/2378 2109/2762/2379 2108/2761/2377 2099/2685/2376
f 2097/2683/2380 2110/2763/2381 2109/2762/2379 2098/2684/2378
f 2096/2682/2382 2111/2764/2383 2110/2763/2381 2097/2683/2380
f 2095/2681/2384 2112/2765/2385 2111/2764/2383 2096/2682/2382
f 2094/2680/2386 2113/2766/2387 2112/2765/2385 2095/2681/2384
f 2093/2679/2388 2114/2767/2389 2113/2766/2387 2094/2680/2386
f 2104/2690/2390 2115/2768/2391 2114/2769/2389 2093/2691/2388
f 2103/2689/2392 2116/2770/2393 2115/2768/2391 2104/2690/2390
f 2102/2688/2373 2106/2759/2372 2116/2770/2393 2103/2689/2392
f 2082/2746/2315 2081/2745/2313 2106/2759/2372 2105/2758/2371
f 2083/2747/2317 2082/2746/2315 2105/2758/2371 2107/2760/2375
f 2084/2748/2319 2083/2747/2317 2107/2760/2375 2108/2761/2377
f 2085/2749/2321 2084/2748/2319 2108/2761/2377 2109/2762/2379
f 2086/2750/2323 2085/2749/2321 2109/2762/2379 2110/2763/2381
f 2087/2751/2325 2086/2750/2323 2110/2763/2381 2111/2764/2383
f 2088/2752/2327 2087/2751/2325 2111/2764/2383 2112/2765/2385
f 2089/2753/2329 2088/2752/2327 2112/2765/2385 2113/2766/2387
f 2090/2755/2331 2089/2753/2329 2113/2766/2387 2114/2767/2389
f 2091/2756/2333 2090/2754/2331 2114/2769/2389 2115/2768/2391
f 2092/2757/2312 2091/2756/2333 2115/2768/2391 2116/2770/2393
f 2081/2745/2313 2092/2757/2312 2116/2770/2393 2106/2759/2372
f 2152/2807/2394 2151/2808/2395 2180/2833/2396 2181/2834/2397
f 2023/2656/2277 2022/2655/2274 2184/2837/2398 2185/2838/2399
f 2024/2657/2279 2023/2656/2277 2185/2838/2399 2186/2839/2400
f 2025/2658/2281 2024/2657/2279 2186/2839/2400 2187/2840/2401
f 2026/2659/2283 2025/2658/2281 2187/2840/2401 2188/2841/2402
f 2027/2660/2285 2026/2659/2283 2188/2841/2402 2189/2842/2403
f 2028/2661/2287 2027/2660/2285 2189/2842/2403 2190/2843/2404
f 2029/2662/2289 2028/2661/2287 2190/2843/2404 2191/2844/2405
f 2030/2663/2291 2029/2662/2289 2191/2844/2405 2192/2845/2406
f 2156/2810/2407 2155/2811/2408 2195/2848/2409 2178/2831/2410
f 2159/2813/2411 2156/2810/2407 2178/2831/2410 2179/2832/2412
f 2151/2808/2395 2159/2813/2411 2179/2832/2412 2180/2833/2396
f 2154/2809/2413 2153/2772/2414 2161/2814/2415 2162/2815/2416
f 2118/2773/2417 2117/2771/2418 2127/2783/2297 2129/2785/2300
f 2119/2774/2419 2118/2773/2417 2129/2785/2300 2130/2786/2301
f 2120/2775/2420 2119/2774/2419 2130/2786/2301 2131/2787/2302
f 2121/2776/2421 2120/2775/2420 2131/2787/2302 2132/2788/2303
f 2122/2777/2422 2121/2776/2421 2132/2788/2303 2133/2789/2304
f 2123/2778/2423 2122/2777/2422 2133/2789/2304 2134/2790/2305
f 2124/2779/2424 2123/2778/2423 2134/2790/2305 2135/2791/2306
f 2125/2780/2425 2124/2779/2424 2135/2791/2306 2136/2792/2307
f 2158/2781/2426 2157/2812/2427 2163/2816/2428 2164/2817/2429
f 2160/2782/2430 2158/2781/2426 2164/2817/2429 2165/2818/2431
f 2153/2772/2414 2160/2782/2430 2165/2818/2431 2161/2814/2415
f 2022/2655/2274 2021/2654/2273 2169/2822/2432 2170/2823/2433
f 2184/2837/2398 2022/2655/2274 2170/2823/2433 2183/2836/2434
f 2031/2664/2293 2030/2663/2291 2166/2819/2435 2167/2820/2436
f 2030/2663/2291 2192/2845/2406 2193/2846/2437 2166/2819/2435
f 2032/2665/2295 2031/2664/2293 2167/2820/2436 2168/2821/2438
f 2021/2654/2273 2032/2665/2295 2168/2821/2438 2169/2822/2432
f 2126/2784/2298 2127/2783/2297 2172/2825/2439 2173/2826/2440
f 2127/2783/2297 2117/2771/2418 2171/2824/2441 2172/2825/2439
f 2125/2780/2425 2136/2792/2307 2176/2829/2442 2177/2830/2443
f 2136/2792/2307 2137/2793/2308 2175/2828/2444 2176/2829/2442
f 2137/2793/2308 2138/2794/2309 2174/2827/2445 2175/2828/2444
f 2138/2794/2309 2126/2784/2298 2173/2826/2440 2174/2827/2445
f 2140/2795/2446 2139/2796/2447 2151/2808/2395 2152/2807/2394
f 2182/2835/2448 2140/2795/2446 2152/2807/2394 2181/2834/2397
f 2143/2798/2449 2142/2799/2450 2155/2811/2408 2156/2810/2407
f 2142/2799/2450 2194/2847/2451 2195/2848/2409 2155/2811/2408
f 2145/2801/2452 2143/2798/2449 2156/2810/2407 2159/2813/2411
f 2139/2796/2447 2145/2801/2452 2159/2813/2411 2151/2808/2395
f 2146/2802/2453 2147/2803/2454 2162/2815/2416 2161/2814/2415
f 2147/2803/2454 2141/2797/2455 2154/2809/2413 2162/2815/2416
f 2144/2800/2456 2148/2804/2457 2163/2816/2428 2157/2812/2427
f 2148/2804/2457 2149/2805/2458 2164/2817/2429 2163/2816/2428
f 2149/2805/2458 2150/2806/2459 2165/2818/2431 2164/2817/2429
f 2150/2806/2459 2146/2802/2453 2161/2814/2415 2165/2818/2431
f 2167/2820/2436 2166/2819/2435 2142/2799/2450 2143/2798/2449
f 2168/2821/2438 2167/2820/2436 2143/2798/2449 2145/2801/2452
f 2169/2822/2432 2168/2821/2438 2145/2801/2452 2139/2796/2447
f 2170/2823/2433 2169/2822/2432 2139/2796/2447 2140/2795/2446
f 2183/2836/2434 2170/2823/2433 2140/2795/2446 2182/2835/2448
f 2172/2825/2439 2171/2824/2441 2141/2797/2455 2147/2803/2454
f 2173/2826/2440 2172/2825/2439 2147/2803/2454 2146/2802/2453
f 2174/2827/2445 2173/2826/2440 2146/2802/2453 2150/2806/2459
f 2175/2828/2444 2174/2827/2445 2150/2806/2459 2149/2805/2458
f 2176/2829/2442 2175/2828/2444 2149/2805/2458 2148/2804/2457
f 2177/2830/2443 2176/2829/2442 2148/2804/2457 2144/2800/2456
f 2166/2819/2435 2193/2846/2437 2194/2847/2451 2142/2799/2450
f 2179/2832/2412 2178/2831/2410 2158/2781/2426 2160/2782/2430
f 2180/2833/2396 2179/2832/2412 2160/2782/2430 2153/2772/2414
f 2181/2834/2397 2180/2833/2396 2153/2772/2414 2154/2809/2413
f 2141/2797/2455 2182/2835/2448 2181/2834/2397 2154/2809/2413
f 2171/2824/2441 2183/2836/2434 2182/2835/2448 2141/2797/2455
f 2117/2771/2418 2184/2837/2398 2183/2836/2434 2171/2824/2441
f 2185/2838/2399 2184/2837/2398 2117/2771/2418 2118/2773/2417
f 2186/2839/2400 2185/2838/2399 2118/2773/2417 2119/2774/2419
f 2187/2840/2401 2186/2839/2400 2119/2774/2419 2120/2775/2420
f 2188/2841/2402 2187/2840/2401 2120/2775/2420 2121/2776/2421
f 2189/2842/2403 2188/2841/2402 2121/2776/2421 2122/2777/2422
f 2190/2843/2404 2189/2842/2403 2122/2777/2422 2123/2778/2423
f 2191/2844/2405 2190/2843/2404 2123/2778/2423 2124/2779/2424
f 2192/2845/2406 2191/2844/2405 2124/2779/2424 2125/2780/2425
f 2193/2846/2437 2192/2845/2406 2125/2780/2425 2177/2830/2443
f 2194/2847/2451 2193/2846/2437 2177/2830/2443 2144/2800/2456
f 2195/2848/2409 2194/2847/2451 2144/2800/2456 2157/2812/2427
f 2178/2831/2410 2195/2848/2409 2157/2812/2427 2158/2781/2426
f 2197/2850/2348 2196/2849/2369 2056/2718/2345 2045/2706/2335
f 2198/2851/2349 2197/2850/2348 2045/2706/2335 2046/2707/2334
f 2199/2852/2351 2198/2851/2349 2046/2707/2334 2047/2708/2336
f 2200/2853/2353 2199/2852/2351 2047/2708/2336 2048/2709/2337
f 2201/2854/2355 2200/2853/2353 2048/2709/2337 2049/2710/2338
f 2202/2855/2357 2201/2854/2355 2049/2710/2338 2050/2711/2339
f 2203/2856/2359 2202/2855/2357 2050/2711/2339 2051/2712/2340
f 2204/2857/2361 2203/2856/2359 2051/2712/2340 2052/2713/2341
f 2205/2858/2363 2204/2857/2361 2052/2713/2341 2053/2714/2342
f 2206/2859/2365 2205/2858/2363 2053/2714/2342 2054/2715/2343
f 2207/2861/2367 2206/2859/2365 2054/2715/2343 2055/2717/2344
f 2196/2849/2369 2207/2860/2367 2055/2716/2344 2056/2718/2345
g default
v 2.163901 -1.172680 -0.066767
v 2.163901 -1.209462 -0.123369
v 2.163901 -1.264509 -0.161190
v 2.163901 -1.329441 -0.174470
v 2.163901 -1.394374 -0.161190
v 2.163901 -1.449421 -0.123369
v 2.163901 -1.486203 -0.066767
v 2.163901 -1.499118 -0.000000
v 2.163901 -1.486203 0.066767
v 2.163901 -1.449421 0.123369
v 2.163901 -1.394374 0.161190
v 2.163901 -1.329441 0.174470
v 2.163901 -1.264509 0.161190
v 2.163901 -1.209462 0.123369
v 2.163901 -1.172680 0.066767
v 2.163901 -1.159764 0.000000
v 0.745752 -1.166601 -0.099322
v 0.745752 -1.213209 -0.183523
v 0.745752 -1.282963 -0.239784
v 0.745752 -1.365243 -0.259541
v 0.745752 -1.447523 -0.239784
v 0.745752 -1.517277 -0.183523
v 0.745752 -1.563885 -0.099322
v 0.745752 -1.580252 -0.000000
v 0.745752 -1.563885 0.099322
v 0.745752 -1.517277 0.183523
v 0.745752 -1.447523 0.239784
v 0.745752 -1.365243 0.259541
v 0.745752 -1.282963 0.239784
v 0.745752 -1.213209 0.183523
v 0.745752 -1.166601 0.099322
v 0.745752 -1.150234 0.000000
v 0.745752 -1.365243 0.000000
v 0.874675 -1.280458 0.237358
v 0.874675 -1.360208 0.256914
v 0.874675 -1.439957 0.237358
v 0.874675 -1.507566 0.181666
v 0.874675 -1.552740 0.098317
v 0.874675 -1.568604 -0.000000
v 0.874675 -1.552740 -0.098317
v 0.874675 -1.507565 -0.181666
v 0.874675 -1.439957 -0.237358
v 0.874675 -1.360208 -0.256914
v 0.874675 -1.280458 -0.237358
v 0.874675 -1.212849 -0.181666
v 0.874675 -1.167675 -0.098317
v 0.874675 -1.151812 0.000000
v 0.874675 -1.167675 0.098317
v 0.874675 -1.212849 0.181666
v 1.003597 -1.279342 0.227964
v 1.003597 -1.357327 0.246746
v 1.003597 -1.435312 0.227964
v 1.003597 -1.501424 0.174476
v 1.003597 -1.545599 0.094426
v 1.003597 -1.561111 -0.000000
v 1.003597 -1.545599 -0.094426
v 1.003597 -1.501424 -0.174476
v 1.003597 -1.435312 -0.227964
v 1.003597 -1.357326 -0.246746
v 1.003597 -1.279342 -0.227964
v 1.003597 -1.213229 -0.174476
v 1.003597 -1.169054 -0.094426
v 1.003597 -1.153542 0.000000
v 1.003597 -1.169054 0.094426
v 1.003597 -1.213229 0.174476
v 1.132520 -1.275009 0.208127
v 1.132520 -1.349805 0.225252
v 1.132520 -1.424600 0.208105
v 1.132520 -1.488005 0.159227
v 1.132520 -1.530372 0.086173
v 1.132520 -1.545249 -0.000000
v 1.132520 -1.530372 -0.086173
v 1.132520 -1.488005 -0.159227
v 1.132520 -1.424600 -0.208105
v 1.132520 -1.349805 -0.225252
v 1.132520 -1.275009 -0.208127
v 1.132520 -1.211601 -0.159294
v 1.132520 -1.169232 -0.086209
v 1.132520 -1.154355 0.000000
v 1.132520 -1.169233 0.086209
v 1.132520 -1.211601 0.159294
v 1.261443 -1.269343 0.185799
v 1.261443 -1.340500 0.201107
v 1.261443 -1.411656 0.185692
v 1.261443 -1.471976 0.142072
v 1.261443 -1.512282 0.076889
v 1.261443 -1.526431 -0.000000
v 1.261443 -1.512282 -0.076889
v 1.261443 -1.471976 -0.142072
v 1.261443 -1.411656 -0.185693
v 1.261443 -1.340500 -0.201107
v 1.261443 -1.269343 -0.185799
v 1.261443 -1.209017 -0.142222
v 1.261443 -1.168709 -0.076970
v 1.261443 -1.154555 0.000000
v 1.261443 -1.168709 0.076970
v 1.261443 -1.209017 0.142222
v 1.390365 -1.261954 0.176560
v 1.390365 -1.332817 0.191108
v 1.390365 -1.403679 0.176507
v 1.390365 -1.463753 0.135093
v 1.390365 -1.503890 0.073089
v 1.390365 -1.517985 -0.000000
v 1.390365 -1.503890 -0.073089
v 1.390365 -1.463753 -0.135093
v 1.390365 -1.403679 -0.176507
v 1.390365 -1.332817 -0.191107
v 1.390365 -1.261954 -0.176560
v 1.390365 -1.201879 -0.135133
v 1.390365 -1.161738 -0.073134
v 1.390365 -1.147643 0.000000
v 1.390365 -1.161738 0.073134
v 1.390365 -1.201879 0.135133
v 1.519288 -1.257205 0.179321
v 1.519288 -1.329441 0.194095
v 1.519288 -1.401678 0.179321
v 1.519288 -1.462917 0.137246
v 1.519288 -1.503835 0.074277
v 1.519288 -1.518204 -0.000000
v 1.519288 -1.503835 -0.074277
v 1.519288 -1.462917 -0.137246
v 1.519288 -1.401677 -0.179321
v 1.519288 -1.329441 -0.194095
v 1.519288 -1.257205 -0.179320
v 1.519288 -1.195966 -0.137246
v 1.519288 -1.155047 -0.074277
v 1.519288 -1.140679 0.000000
v 1.519288 -1.155048 0.074277
v 1.519288 -1.195966 0.137246
v 1.648210 -1.260792 0.170415
v 1.648210 -1.329441 0.184456
v 1.648210 -1.398090 0.170415
v 1.648210 -1.456288 0.130430
v 1.648210 -1.495174 0.070588
v 1.648210 -1.508829 -0.000000
v 1.648210 -1.495174 -0.070588
v 1.648210 -1.456288 -0.130430
v 1.648210 -1.398090 -0.170415
v 1.648210 -1.329441 -0.184456
v 1.648210 -1.260792 -0.170415
v 1.648210 -1.202595 -0.130430
v 1.648210 -1.163708 -0.070588
v 1.648210 -1.150053 0.000000
v 1.648210 -1.163708 0.070588
v 1.648210 -1.202595 0.130430
v 1.777133 -1.263873 0.162768
v 1.777133 -1.329441 0.176179
v 1.777133 -1.395010 0.162768
v 1.777133 -1.450596 0.124577
v 1.777133 -1.487737 0.067421
v 1.777133 -1.500779 -0.000000
v 1.777133 -1.487737 -0.067421
v 1.777133 -1.450596 -0.124577
v 1.777133 -1.395010 -0.162768
v 1.777133 -1.329441 -0.176179
v 1.777133 -1.263873 -0.162768
v 1.777133 -1.208287 -0.124577
v 1.777133 -1.171146 -0.067421
v 1.777133 -1.158103 0.000000
v 1.777133 -1.171146 0.067421
v 1.777133 -1.208287 0.124577
v 1.906055 -1.264222 0.161901
v 1.906055 -1.329441 0.175241
v 1.906055 -1.394660 0.161901
v 1.906055 -1.449951 0.123914
v 1.906055 -1.486894 0.067062
v 1.906055 -1.499867 -0.000000
v 1.906055 -1.486894 -0.067062
v 1.906055 -1.449951 -0.123914
v 1.906055 -1.394660 -0.161901
v 1.906055 -1.329441 -0.175241
v 1.906055 -1.264222 -0.161901
v 1.906055 -1.208932 -0.123914
v 1.906055 -1.171988 -0.067062
v 1.906055 -1.159015 0.000000
v 1.906055 -1.171988 0.067062
v 1.906055 -1.208932 0.123914
v 2.034978 -1.264436 0.161369
v 2.034978 -1.329441 0.174665
v 2.034978 -1.394446 0.161369
v 2.034978 -1.449555 0.123507
v 2.034978 -1.486377 0.066841
v 2.034978 -1.499307 -0.000000
v 2.034978 -1.486377 -0.066841
v 2.034978 -1.449555 -0.123507
v 2.034978 -1.394446 -0.161369
v 2.034978 -1.329441 -0.174665
v 2.034978 -1.264436 -0.161369
v 2.034978 -1.209328 -0.123506
v 2.034978 -1.172506 -0.066841
v 2.034978 -1.159575 0.000000
v 2.034978 -1.172506 0.066841
v 2.034978 -1.209328 0.123507
v 2.286439 -1.109842 -0.097536
v 2.286439 -1.159487 -0.180223
v 2.286439 -1.233787 -0.235473
v 2.286439 -1.321428 -0.254875
v 2.286439 -1.409070 -0.235473
v 2.286439 -1.483370 -0.180224
v 2.286439 -1.533014 -0.097536
v 2.286439 -1.550448 -0.000000
v 2.286439 -1.533014 0.097536
v 2.286439 -1.483370 0.180223
v 2.286439 -1.409070 0.235473
v 2.286439 -1.321428 0.254875
v 2.286439 -1.233787 0.235473
v 2.286439 -1.159487 0.180224
v 2.286439 -1.109842 0.097536
v 2.286439 -1.092409 0.000000
v 2.163901 -1.119048 -0.097536
v 2.163901 -1.168693 -0.180223
v 2.163901 -1.242992 -0.235473
v 2.163901 -1.330634 -0.254875
v 2.163901 -1.418275 -0.235473
v 2.163901 -1.492575 -0.180224
v 2.163901 -1.542220 -0.097536
v 2.163901 -1.559653 -0.000000
v 2.163901 -1.542220 0.097536
v 2.163901 -1.492575 0.180223
v 2.163901 -1.418276 0.235473
v 2.163901 -1.330634 0.254875
v 2.163901 -1.242992 0.235473
v 2.163901 -1.168693 0.180224
v 2.163901 -1.119048 0.097536
v 2.163901 -1.101615 0.000000
v 2.286439 -1.131509 -0.087548
v 2.286439 -1.176070 -0.161768
v 2.286439 -1.242761 -0.211361
v 2.286439 -1.321428 -0.228775
v 2.286439 -1.400095 -0.211361
v 2.286439 -1.466786 -0.161768
v 2.286439 -1.511348 -0.087548
v 2.286439 -1.526996 -0.000000
v 2.286439 -1.511348 0.087548
v 2.286439 -1.466787 0.161768
v 2.286439 -1.400096 0.211361
v 2.286439 -1.321428 0.228775
v 2.286439 -1.242761 0.211361
v 2.286439 -1.176070 0.161768
v 2.286439 -1.131509 0.087548
v 2.286439 -1.115861 0.000000
v 2.474137 -1.130356 -0.087834
v 2.474137 -1.173923 -0.157990
v 2.474137 -1.242748 -0.209755
v 2.473145 -1.298711 -0.228775
v 2.471972 -1.350513 -0.211473
v 2.472013 -1.419188 -0.165524
v 2.471972 -1.461949 -0.087835
v 2.471976 -1.477504 -0.000000
v 2.471972 -1.461949 0.087834
v 2.472013 -1.419189 0.165524
v 2.471972 -1.350513 0.211473
v 2.473145 -1.298711 0.228775
v 2.474137 -1.242748 0.209755
v 2.474137 -1.173923 0.157990
v 2.474137 -1.130356 0.087835
v 2.474137 -1.127547 0.000000
v 2.562738 -1.152521 -0.079493
v 2.562738 -1.190658 -0.153997
v 2.562577 -1.250656 -0.192880
v 2.560967 -1.280848 -0.190557
v 2.559866 -1.322717 -0.194654
v 2.559866 -1.382450 -0.160809
v 2.559866 -1.416875 -0.079493
v 2.559866 -1.424880 -0.000000
v 2.559866 -1.416875 0.079493
v 2.559866 -1.382450 0.160808
v 2.559866 -1.322717 0.194654
v 2.560967 -1.280848 0.190557
v 2.562577 -1.250656 0.192880
v 2.562738 -1.190658 0.153997
v 2.562738 -1.152521 0.079493
v 2.562738 -1.155326 0.000000
v 2.588739 -1.230182 -0.042510
v 2.588739 -1.250460 -0.082100
v 2.588739 -1.321428 0.000000
v 2.588725 -1.283386 -0.105994
v 2.588427 -1.314280 -0.109572
v 2.588191 -1.346586 -0.105994
v 2.587784 -1.369494 -0.082100
v 2.587578 -1.384955 -0.042510
v 2.587297 -1.384901 -0.000000
v 2.587578 -1.384955 0.042510
v 2.587784 -1.369494 0.082100
v 2.588191 -1.346586 0.105994
v 2.588427 -1.314280 0.109572
v 2.588725 -1.283386 0.105994
v 2.588739 -1.250460 0.082100
v 2.588739 -1.230182 0.042510
v 2.588739 -1.224922 0.000000
v 2.518438 -1.139674 0.000000
v 2.518438 -1.143062 -0.089902
v 2.518438 -1.177828 -0.161383
v 2.518438 -1.243367 -0.209730
v 2.516972 -1.287864 -0.222455
v 2.515565 -1.333160 -0.214350
v 2.515565 -1.402330 -0.177154
v 2.515565 -1.443547 -0.089936
v 2.515565 -1.455529 -0.000000
v 2.515565 -1.443547 0.089935
v 2.515565 -1.402330 0.177153
v 2.515565 -1.333160 0.214350
v 2.516972 -1.287864 0.222455
v 2.518438 -1.243367 0.209730
v 2.518438 -1.177828 0.161383
v 2.518438 -1.143062 0.089902
v 2.168550 -1.118699 0.097536
v 2.168550 -1.101265 0.000000
v 2.168550 -1.118699 -0.097536
v 2.168550 -1.168343 -0.180223
v 2.168550 -1.242643 -0.235473
v 2.168550 -1.330284 -0.254875
v 2.168550 -1.417926 -0.235473
v 2.168550 -1.492226 -0.180224
v 2.168550 -1.541871 -0.097536
v 2.168550 -1.559304 -0.000000
v 2.168550 -1.541871 0.097536
v 2.168550 -1.492226 0.180223
v 2.168550 -1.417927 0.235473
v 2.168550 -1.330285 0.254875
v 2.168550 -1.242643 0.235473
v 2.168550 -1.168343 0.180224
v 2.282884 -1.110109 0.097536
v 2.282884 -1.092676 0.000000
v 2.282884 -1.110109 -0.097536
v 2.282884 -1.159754 -0.180223
v 2.282884 -1.234054 -0.235473
v 2.282884 -1.321695 -0.254875
v 2.282884 -1.409337 -0.235473
v 2.282884 -1.483637 -0.180224
v 2.282884 -1.533281 -0.097536
v 2.282884 -1.550715 -0.000000
v 2.282884 -1.533281 0.097536
v 2.282884 -1.483637 0.180223
v 2.282884 -1.409337 0.235473
v 2.282884 -1.321695 0.254875
v 2.282884 -1.234054 0.235473
v 2.282884 -1.159754 0.180224
vt 0.644356 0.096456
vt 0.610485 0.045765
vt 0.559794 0.011894
vt 0.500000 0.000000
vt 0.440206 0.011894
vt 0.389515 0.045765
vt 0.355644 0.096456
vt 0.343750 0.156250
vt 0.355644 0.216044
vt 0.389515 0.266735
vt 0.440206 0.300606
vt 0.500000 0.312500
vt 0.559794 0.300606
vt 0.610485 0.266735
vt 0.644356 0.216044
vt 0.656250 0.156250
vt 0.375000 0.312500
vt 0.390625 0.312500
vt 0.406250 0.312500
vt 0.421875 0.312500
vt 0.437500 0.312500
vt 0.453125 0.312500
vt 0.468750 0.312500
vt 0.484375 0.312500
vt 0.500000 0.312500
vt 0.515625 0.312500
vt 0.531250 0.312500
vt 0.546875 0.312500
vt 0.562500 0.312500
vt 0.578125 0.312500
vt 0.593750 0.312500
vt 0.609375 0.312500
vt 0.625000 0.312500
vt 0.375000 0.687500
vt 0.390625 0.687500
vt 0.406250 0.687500
vt 0.421875 0.687500
vt 0.437500 0.687500
vt 0.453125 0.687500
vt 0.468750 0.687500
vt 0.484375 0.687500
vt 0.500000 0.687500
vt 0.515625 0.687500
vt 0.531250 0.687500
vt 0.546875 0.687500
vt 0.562500 0.687500
vt 0.578125 0.687500
vt 0.593750 0.687500
vt 0.609375 0.687500
vt 0.625000 0.687500
vt 0.644356 0.783956
vt 0.610485 0.733265
vt 0.559794 0.699394
vt 0.500000 0.687500
vt 0.440206 0.699394
vt 0.389515 0.733265
vt 0.355644 0.783956
vt 0.343750 0.843750
vt 0.355644 0.903544
vt 0.389515 0.954235
vt 0.440206 0.988106
vt 0.500000 1.000000
vt 0.559794 0.988106
vt 0.610485 0.954235
vt 0.644356 0.903544
vt 0.656250 0.843750
vt 0.500000 0.156250
vt 0.500000 0.843750
vt 0.562500 0.653409
vt 0.546875 0.653409
vt 0.531250 0.653409
vt 0.515625 0.653409
vt 0.500000 0.653409
vt 0.484375 0.653409
vt 0.468750 0.653409
vt 0.453125 0.653409
vt 0.437500 0.653409
vt 0.421875 0.653409
vt 0.406250 0.653409
vt 0.390625 0.653409
vt 0.625000 0.653409
vt 0.375000 0.653409
vt 0.609375 0.653409
vt 0.593750 0.653409
vt 0.578125 0.653409
vt 0.562500 0.619318
vt 0.546875 0.619318
vt 0.531250 0.619318
vt 0.515625 0.619318
vt 0.500000 0.619318
vt 0.484375 0.619318
vt 0.468750 0.619318
vt 0.453125 0.619318
vt 0.437500 0.619318
vt 0.421875 0.619318
vt 0.406250 0.619318
vt 0.390625 0.619318
vt 0.625000 0.619318
vt 0.375000 0.619318
vt 0.609375 0.619318
vt 0.593750 0.619318
vt 0.578125 0.619318
vt 0.562500 0.585227
vt 0.546875 0.585227
vt 0.531250 0.585227
vt 0.515625 0.585227
vt 0.500000 0.585227
vt 0.484375 0.585227
vt 0.468750 0.585227
vt 0.453125 0.585227
vt 0.437500 0.585227
vt 0.421875 0.585227
vt 0.406250 0.585227
vt 0.390625 0.585227
vt 0.625000 0.585227
vt 0.375000 0.585227
vt 0.609375 0.585227
vt 0.593750 0.585227
vt 0.578125 0.585227
vt 0.562500 0.551136
vt 0.546875 0.551136
vt 0.531250 0.551136
vt 0.515625 0.551136
vt 0.500000 0.551136
vt 0.484375 0.551136
vt 0.468750 0.551136
vt 0.453125 0.551136
vt 0.437500 0.551136
vt 0.421875 0.551136
vt 0.406250 0.551136
vt 0.390625 0.551136
vt 0.625000 0.551136
vt 0.375000 0.551136
vt 0.609375 0.551136
vt 0.593750 0.551136
vt 0.578125 0.551136
vt 0.562500 0.517045
vt 0.546875 0.517045
vt 0.531250 0.517045
vt 0.515625 0.517045
vt 0.500000 0.517045
vt 0.484375 0.517045
vt 0.468750 0.517045
vt 0.453125 0.517045
vt 0.437500 0.517045
vt 0.421875 0.517045
vt 0.406250 0.517045
vt 0.390625 0.517045
vt 0.625000 0.517045
vt 0.375000 0.517045
vt 0.609375 0.517045
vt 0.593750 0.517045
vt 0.578125 0.517045
vt 0.562500 0.482955
vt 0.546875 0.482955
vt 0.531250 0.482955
vt 0.515625 0.482955
vt 0.500000 0.482955
vt 0.484375 0.482955
vt 0.468750 0.482955
vt 0.453125 0.482955
vt 0.437500 0.482955
vt 0.421875 0.482955
vt 0.406250 0.482955
vt 0.390625 0.482955
vt 0.625000 0.482955
vt 0.375000 0.482955
vt 0.609375 0.482955
vt 0.593750 0.482955
vt 0.578125 0.482955
vt 0.562500 0.448864
vt 0.546875 0.448864
vt 0.531250 0.448864
vt 0.515625 0.448864
vt 0.500000 0.448864
vt 0.484375 0.448864
vt 0.468750 0.448864
vt 0.453125 0.448864
vt 0.437500 0.448864
vt 0.421875 0.448864
vt 0.406250 0.448864
vt 0.390625 0.448864
vt 0.625000 0.448864
vt 0.375000 0.448864
vt 0.609375 0.448864
vt 0.593750 0.448864
vt 0.578125 0.448864
vt 0.562500 0.414773
vt 0.546875 0.414773
vt 0.531250 0.414773
vt 0.515625 0.414773
vt 0.500000 0.414773
vt 0.484375 0.414773
vt 0.468750 0.414773
vt 0.453125 0.414773
vt 0.437500 0.414773
vt 0.421875 0.414773
vt 0.406250 0.414773
vt 0.390625 0.414773
vt 0.625000 0.414773
vt 0.375000 0.414773
vt 0.609375 0.414773
vt 0.593750 0.414773
vt 0.578125 0.414773
vt 0.562500 0.380682
vt 0.546875 0.380682
vt 0.531250 0.380682
vt 0.515625 0.380682
vt 0.500000 0.380682
vt 0.484375 0.380682
vt 0.468750 0.380682
vt 0.453125 0.380682
vt 0.437500 0.380682
vt 0.421875 0.380682
vt 0.406250 0.380682
vt 0.390625 0.380682
vt 0.625000 0.380682
vt 0.375000 0.380682
vt 0.609375 0.380682
vt 0.593750 0.380682
vt 0.578125 0.380682
vt 0.562500 0.346591
vt 0.546875 0.346591
vt 0.531250 0.346591
vt 0.515625 0.346591
vt 0.500000 0.346591
vt 0.484375 0.346591
vt 0.468750 0.346591
vt 0.453125 0.346591
vt 0.437500 0.346591
vt 0.421875 0.346591
vt 0.406250 0.346591
vt 0.390625 0.346591
vt 0.625000 0.346591
vt 0.375000 0.346591
vt 0.609375 0.346591
vt 0.593750 0.346591
vt 0.578125 0.346591
vt 0.610485 0.045765
vt 0.644356 0.096456
vt 0.559794 0.011894
vt 0.500000 0.000000
vt 0.440206 0.011894
vt 0.389515 0.045765
vt 0.355644 0.096456
vt 0.343750 0.156250
vt 0.355644 0.216044
vt 0.389515 0.266735
vt 0.440206 0.300606
vt 0.500000 0.312500
vt 0.559794 0.300606
vt 0.610485 0.266735
vt 0.644356 0.216044
vt 0.656250 0.156250
vt 0.610485 0.045765
vt 0.644356 0.096456
vt 0.559794 0.011894
vt 0.500000 0.000000
vt 0.440206 0.011894
vt 0.389515 0.045765
vt 0.355644 0.096456
vt 0.343750 0.156250
vt 0.355644 0.216044
vt 0.389515 0.266735
vt 0.440206 0.300606
vt 0.500000 0.312500
vt 0.559794 0.300606
vt 0.610485 0.266735
vt 0.644356 0.216044
vt 0.656250 0.156250
vt 0.610485 0.045765
vt 0.644356 0.096456
vt 0.559794 0.011894
vt 0.500000 0.000000
vt 0.440206 0.011894
vt 0.389515 0.045765
vt 0.355644 0.096456
vt 0.343750 0.156250
vt 0.355644 0.216044
vt 0.389515 0.266735
vt 0.440206 0.300606
vt 0.500000 0.312500
vt 0.559794 0.300606
vt 0.610485 0.266735
vt 0.644356 0.216044
vt 0.656250 0.156250
vt 0.610485 0.045765
vt 0.644356 0.096456
vt 0.559794 0.011894
vt 0.500000 0.000000
vt 0.440206 0.011894
vt 0.389515 0.045765
vt 0.355644 0.096456
vt 0.343750 0.156250
vt 0.355644 0.216044
vt 0.389515 0.266735
vt 0.440206 0.300606
vt 0.500000 0.312500
vt 0.559794 0.300606
vt 0.610485 0.266735
vt 0.644356 0.216044
vt 0.656250 0.156250
vt 0.610485 0.045765
vt 0.644356 0.096456
vt 0.559794 0.011894
vt 0.500000 0.000000
vt 0.440206 0.011894
vt 0.389515 0.045765
vt 0.355644 0.096456
vt 0.343750 0.156250
vt 0.355644 0.216044
vt 0.389515 0.266735
vt 0.440206 0.300606
vt 0.500000 0.312500
vt 0.559794 0.300606
vt 0.610485 0.266735
vt 0.644356 0.216044
vt 0.656250 0.156250
vt 0.610485 0.045765
vt 0.644356 0.096456
vt 0.559794 0.011894
vt 0.500000 0.000000
vt 0.440206 0.011894
vt 0.389515 0.045765
vt 0.355644 0.096456
vt 0.343750 0.156250
vt 0.355644 0.216044
vt 0.389515 0.266735
vt 0.440206 0.300606
vt 0.500000 0.312500
vt 0.559794 0.300606
vt 0.610485 0.266735
vt 0.644356 0.216044
vt 0.656250 0.156250
vt 0.656250 0.156250
vt 0.644356 0.096456
vt 0.610485 0.045765
vt 0.559794 0.011894
vt 0.500000 0.000000
vt 0.440206 0.011894
vt 0.389515 0.045765
vt 0.355644 0.096456
vt 0.343750 0.156250
vt 0.355644 0.216044
vt 0.389515 0.266735
vt 0.440206 0.300606
vt 0.500000 0.312500
vt 0.559794 0.300606
vt 0.610485 0.266735
vt 0.644356 0.216044
vt 0.644356 0.216044
vt 0.656250 0.156250
vt 0.644356 0.096456
vt 0.610485 0.045765
vt 0.559794 0.011894
vt 0.500000 0.000000
vt 0.440206 0.011894
vt 0.389515 0.045765
vt 0.355644 0.096456
vt 0.343750 0.156250
vt 0.355644 0.216044
vt 0.389515 0.266735
vt 0.440206 0.300606
vt 0.500000 0.312500
vt 0.559794 0.300606
vt 0.610485 0.266735
vt 0.644356 0.216044
vt 0.656250 0.156250
vt 0.644356 0.096456
vt 0.610485 0.045765
vt 0.559794 0.011894
vt 0.500000 0.000000
vt 0.440206 0.011894
vt 0.389515 0.045765
vt 0.355644 0.096456
vt 0.343750 0.156250
vt 0.355644 0.216044
vt 0.389515 0.266735
vt 0.440206 0.300606
vt 0.500000 0.312500
vt 0.559794 0.300606
vt 0.610485 0.266735
vn -0.546541 0.776775 -0.312911
vn -0.581593 0.583173 -0.567150
vn 0.002949 0.716883 -0.697187
vn 0.002921 0.927564 -0.373653
vn -0.616360 0.308572 -0.724489
vn 0.002979 0.391853 -0.920023
vn -0.631916 0.000000 -0.775037
vn 0.002991 0.000000 -0.999995
vn -0.621520 -0.306977 -0.720748
vn 0.002979 -0.391851 -0.920024
vn -0.591742 -0.577900 -0.562025
vn 0.002949 -0.716882 -0.697188
vn -0.560451 -0.768200 -0.309456
vn 0.002920 -0.927564 -0.373653
vn -0.547309 -0.836931 -0.000000
vn 0.002908 -0.999996 -0.000000
vn -0.560450 -0.768201 0.309455
vn 0.002919 -0.927564 0.373653
vn -0.591745 -0.577901 0.562022
vn 0.002948 -0.716883 0.697187
vn -0.621520 -0.306977 0.720748
vn 0.002978 -0.391853 0.920023
vn -0.631915 -0.000000 0.775037
vn 0.002991 -0.000000 0.999995
vn -0.616360 0.308571 0.724489
vn 0.002979 0.391853 0.920023
vn -0.581593 0.583172 0.567150
vn 0.002949 0.716883 0.697187
vn -0.546541 0.776775 0.312911
vn 0.002920 0.927564 0.373654
vn -0.532047 0.846715 -0.000000
vn 0.002909 0.999996 -0.000000
vn 0.977026 0.164291 -0.135749
vn 0.973146 0.223836 -0.053706
vn 0.999964 -0.008452 -0.000000
vn 0.979003 0.068095 -0.192134
vn 0.976346 -0.014831 -0.215706
vn 0.958811 -0.132679 -0.251154
vn 0.925462 -0.331343 -0.183663
vn 0.901696 -0.426305 -0.072168
vn 0.903578 -0.428424 0.000000
vn 0.901696 -0.426305 0.072168
vn 0.925462 -0.331343 0.183663
vn 0.958811 -0.132679 0.251154
vn 0.976346 -0.014831 0.215706
vn 0.979003 0.068095 0.192134
vn 0.977026 0.164291 0.135749
vn 0.973146 0.223836 0.053705
vn 0.969370 0.245603 -0.000001
vn -0.603780 0.754371 -0.257632
vn -0.624631 0.601115 -0.498495
vn -1.000000 0.000000 -0.000000
vn -0.646036 0.335130 -0.685802
vn -0.651737 -0.016513 -0.758265
vn -0.634174 -0.364720 -0.681765
vn -0.603182 -0.625449 -0.494959
vn -0.576023 -0.776249 -0.256193
vn -0.565507 -0.824744 -0.000000
vn -0.576023 -0.776249 0.256192
vn -0.603182 -0.625450 0.494959
vn -0.634173 -0.364721 0.681765
vn -0.651738 -0.016514 0.758265
vn -0.646037 0.335131 0.685802
vn -0.624631 0.601115 0.498495
vn -0.603780 0.754371 0.257632
vn -0.595495 0.803359 0.000000
vn 0.048304 0.005063 0.998820
vn 0.034197 0.448273 0.893243
vn 0.060837 -0.440278 0.895798
vn 0.069122 -0.764939 0.640383
vn 0.073293 -0.942525 0.325999
vn 0.074510 -0.997220 -0.000001
vn 0.073294 -0.942525 -0.325999
vn 0.069123 -0.764939 -0.640383
vn 0.060837 -0.440278 -0.895798
vn 0.048304 0.005063 -0.998820
vn 0.034196 0.448275 -0.893242
vn 0.022399 0.769690 -0.638025
vn 0.015098 0.945630 -0.324895
vn 0.012686 0.999920 0.000000
vn 0.015098 0.945630 0.324895
vn 0.022399 0.769689 0.638026
vn 0.117045 -0.007233 0.993100
vn 0.090392 0.434088 0.896324
vn 0.122019 -0.444395 0.887482
vn 0.110396 -0.763468 0.636340
vn 0.096076 -0.940638 0.325531
vn 0.090016 -0.995940 -0.000002
vn 0.096077 -0.940637 -0.325531
vn 0.110396 -0.763469 -0.636339
vn 0.122019 -0.444394 -0.887483
vn 0.117045 -0.007232 -0.993100
vn 0.090392 0.434088 -0.896324
vn 0.053366 0.760944 -0.646619
vn 0.023279 0.943153 -0.331542
vn 0.011956 0.999929 0.000000
vn 0.023280 0.943153 0.331542
vn 0.053366 0.760943 0.646620
vn 0.170180 -0.001298 0.985412
vn 0.127436 0.426320 0.895551
vn 0.180509 -0.425258 0.886889
vn 0.164916 -0.745671 0.645583
vn 0.144201 -0.931323 0.334430
vn 0.135314 -0.990803 -0.000001
vn 0.144200 -0.931323 -0.334430
vn 0.164915 -0.745671 -0.645583
vn 0.180509 -0.425256 -0.886890
vn 0.170180 -0.001297 -0.985412
vn 0.127436 0.426321 -0.895550
vn 0.070184 0.752353 -0.655011
vn 0.024368 0.940285 -0.339515
vn 0.007269 0.999974 0.000001
vn 0.024368 0.940285 0.339515
vn 0.070184 0.752353 0.655010
vn 0.131350 0.001288 0.991335
vn 0.089350 0.414094 0.905838
vn 0.145148 -0.408727 0.901040
vn 0.135088 -0.731745 0.668057
vn 0.118767 -0.928715 0.351260
vn 0.111502 -0.993764 -0.000001
vn 0.118767 -0.928715 -0.351260
vn 0.135088 -0.731744 -0.668058
vn 0.145148 -0.408726 -0.901041
vn 0.131350 0.001289 -0.991335
vn 0.089350 0.414095 -0.905838
vn 0.035473 0.740185 -0.671466
vn -0.006667 0.936097 -0.351678
vn -0.022094 0.999756 0.000000
vn -0.006668 0.936097 0.351678
vn 0.035473 0.740185 0.671467
vn 0.025374 0.007005 0.999654
vn 0.001598 0.407697 0.913116
vn 0.037858 -0.395378 0.917738
vn 0.039255 -0.722798 0.689943
vn 0.035935 -0.929640 0.366713
vn 0.034049 -0.999420 -0.000001
vn 0.035935 -0.929639 -0.366714
vn 0.039255 -0.722798 -0.689944
vn 0.037858 -0.395377 -0.917739
vn 0.025374 0.007006 -0.999654
vn 0.001598 0.407698 -0.913115
vn -0.025285 0.730196 -0.682769
vn -0.045218 0.931283 -0.361478
vn -0.052375 0.998627 0.000000
vn -0.045217 0.931284 0.361478
vn -0.025285 0.730196 0.682770
vn 0.024536 0.006254 0.999679
vn 0.018991 0.397833 0.917261
vn 0.029169 -0.387091 0.921580
vn 0.032358 -0.714189 0.699204
vn 0.034115 -0.926413 0.374961
vn 0.034662 -0.999399 -0.000000
vn 0.034115 -0.926413 -0.374961
vn 0.032357 -0.714189 -0.699205
vn 0.029169 -0.387090 -0.921580
vn 0.024536 0.006255 -0.999679
vn 0.018991 0.397834 -0.917261
vn 0.013710 0.720591 -0.693225
vn 0.009979 0.928656 -0.370806
vn 0.008641 0.999963 0.000001
vn 0.009979 0.928656 0.370807
vn 0.013710 0.720591 0.693225
vn 0.069603 -0.000000 0.997575
vn 0.069315 0.390912 0.917814
vn 0.069315 -0.390911 0.917815
vn 0.068632 -0.715196 0.695546
vn 0.067969 -0.925423 0.372790
vn 0.067700 -0.997706 0.000000
vn 0.067969 -0.925423 -0.372790
vn 0.068632 -0.715195 -0.695547
vn 0.069315 -0.390910 -0.917815
vn 0.069603 0.000001 -0.997575
vn 0.069315 0.390913 -0.917814
vn 0.068632 0.715196 -0.695546
vn 0.067969 0.925423 -0.372790
vn 0.067700 0.997706 0.000001
vn 0.067969 0.925423 0.372791
vn 0.068632 0.715196 0.695546
vn 0.036523 -0.000000 0.999333
vn 0.036371 0.391595 0.919419
vn 0.036371 -0.391595 0.919419
vn 0.036011 -0.716422 0.696737
vn 0.035662 -0.926978 0.373417
vn 0.035521 -0.999369 0.000000
vn 0.035662 -0.926978 -0.373417
vn 0.036011 -0.716421 -0.696738
vn 0.036371 -0.391595 -0.919419
vn 0.036523 0.000001 -0.999333
vn 0.036371 0.391596 -0.919418
vn 0.036012 0.716421 -0.696738
vn 0.035662 0.926978 -0.373417
vn 0.035520 0.999369 0.000000
vn 0.035662 0.926978 0.373418
vn 0.036011 0.716422 0.696737
vn 0.005878 0.000000 0.999983
vn 0.005853 0.391848 0.920012
vn 0.005853 -0.391847 0.920012
vn 0.005795 -0.716875 0.697178
vn 0.005739 -0.927553 0.373648
vn 0.005716 -0.999984 -0.000000
vn 0.005739 -0.927553 -0.373649
vn 0.005795 -0.716874 -0.697179
vn 0.005853 -0.391846 -0.920012
vn 0.005878 0.000000 -0.999983
vn 0.005853 0.391848 -0.920011
vn 0.005795 0.716875 -0.697178
vn 0.005739 0.927553 -0.373649
vn 0.005716 0.999984 0.000000
vn 0.005739 0.927552 0.373649
vn 0.005795 0.716874 0.697178
vn -0.995830 0.066485 -0.062460
vn -0.994725 0.095743 -0.036817
vn -0.069968 0.931376 -0.357271
vn -0.054757 0.728889 -0.682439
vn -0.996670 0.031709 -0.075125
vn -0.029374 0.391009 -0.919918
vn -0.997013 -0.002884 -0.077185
vn 0.002586 -0.034422 -0.999404
vn -0.996868 -0.035484 -0.070677
vn 0.033511 -0.446080 -0.894365
vn -0.996286 -0.065366 -0.056051
vn 0.056846 -0.756694 -0.651293
vn -0.995483 -0.089349 -0.032096
vn 0.070504 -0.938467 -0.338097
vn -0.995064 -0.099232 0.000000
vn 0.074917 -0.997190 0.000000
vn -0.995483 -0.089349 0.032096
vn 0.070505 -0.938467 0.338096
vn -0.996286 -0.065366 0.056051
vn 0.056848 -0.756696 0.651291
vn -0.996868 -0.035484 0.070676
vn 0.033512 -0.446081 0.894365
vn -0.997013 -0.002884 0.077185
vn 0.002586 -0.034425 0.999404
vn -0.996670 0.031709 0.075126
vn -0.029374 0.391007 0.919919
vn -0.995830 0.066485 0.062461
vn -0.054757 0.728888 0.682440
vn -0.994725 0.095743 0.036817
vn -0.069968 0.931376 0.357271
vn -0.994147 0.108032 -0.000000
vn -0.074913 0.997190 0.000000
vn 0.985635 0.128206 -0.109937
vn 0.984921 0.162818 -0.058489
vn 0.163973 0.935709 -0.312347
vn 0.157907 0.723701 -0.671805
vn 0.986309 0.073993 -0.147378
vn 0.170138 0.446706 -0.878354
vn 0.986474 0.006120 -0.163801
vn 0.221680 -0.062051 -0.973143
vn 0.985934 -0.064993 -0.153981
vn 0.288135 -0.486323 -0.824905
vn 0.984910 -0.126133 -0.118498
vn 0.345372 -0.744282 -0.571631
vn 0.983940 -0.166606 -0.064067
vn 0.380998 -0.878638 -0.287812
vn 0.983545 -0.180661 -0.000000
vn 0.393728 -0.919227 0.000000
vn 0.983940 -0.166606 0.064067
vn 0.380997 -0.878638 0.287812
vn 0.984910 -0.126134 0.118498
vn 0.345372 -0.744283 0.571631
vn 0.985934 -0.064993 0.153981
vn 0.288135 -0.486324 0.824905
vn 0.986475 0.006120 0.163799
vn 0.221680 -0.062051 0.973143
vn 0.986309 0.073993 0.147376
vn 0.170138 0.446706 0.878355
vn 0.985635 0.128206 0.109936
vn 0.157907 0.723701 0.671806
vn 0.984921 0.162818 0.058488
vn 0.163973 0.935710 0.312347
vn 0.984620 0.174707 -0.000001
vn 0.176196 0.984355 -0.000000
vn 0.050974 0.953706 -0.296388
vn 0.017647 0.753538 -0.657167
vn 0.001556 0.462938 -0.886390
vn 0.022858 0.052118 -0.998379
vn 0.079117 -0.389521 -0.917613
vn 0.187152 -0.714056 -0.674610
vn 0.259874 -0.905281 -0.336053
vn 0.285846 -0.958276 0.000000
vn 0.259874 -0.905281 0.336053
vn 0.187152 -0.714056 0.674609
vn 0.079117 -0.389521 0.917613
vn 0.022858 0.052117 0.998379
vn 0.001556 0.462937 0.886390
vn 0.017647 0.753538 0.657168
vn 0.050974 0.953706 0.296388
vn 0.075536 0.997143 -0.000000
vn 0.244102 0.926853 -0.285233
vn 0.180096 0.732876 -0.656093
vn 0.189440 0.453444 -0.870920
vn 0.260562 0.088277 -0.961413
vn 0.309110 -0.328197 -0.892602
vn 0.313327 -0.658922 -0.683848
vn 0.435577 -0.855198 -0.280907
vn 0.482326 -0.875992 0.000000
vn 0.435577 -0.855199 0.280906
vn 0.313327 -0.658922 0.683848
vn 0.309110 -0.328198 0.892601
vn 0.260562 0.088276 0.961413
vn 0.189440 0.453443 0.870920
vn 0.180096 0.732876 0.656093
vn 0.244102 0.926853 0.285233
vn 0.271014 0.962575 -0.000000
vn 0.750500 0.491731 -0.441531
vn 0.715239 0.684829 -0.139435
vn 0.767169 0.259897 -0.586435
vn 0.827858 -0.001134 -0.560936
vn 0.746066 -0.196629 -0.636178
vn 0.685495 -0.540465 -0.487846
vn 0.657648 -0.724936 -0.204859
vn 0.649827 -0.760082 -0.000000
vn 0.657647 -0.724937 0.204858
vn 0.685495 -0.540465 0.487846
vn 0.746066 -0.196629 0.636178
vn 0.827858 -0.001135 0.560937
vn 0.767169 0.259896 0.586435
vn 0.750500 0.491731 0.441532
vn 0.715239 0.684829 0.139434
vn 0.729757 0.683707 -0.000001
vn -0.070506 0.938537 0.337901
vn -0.074913 0.997190 0.000000
vn -0.070506 0.938537 -0.337901
vn -0.056866 0.756969 -0.650972
vn -0.033552 0.446619 -0.894095
vn -0.002636 0.035089 -0.999381
vn 0.029334 -0.390479 -0.920144
vn 0.054737 -0.728624 -0.682723
vn 0.069966 -0.931309 -0.357447
vn 0.074917 -0.997190 0.000000
vn 0.069967 -0.931309 0.357446
vn 0.054739 -0.728624 0.682723
vn 0.029335 -0.390479 0.920144
vn -0.002636 0.035090 0.999381
vn -0.033552 0.446619 0.894095
vn -0.056866 0.756968 0.650972
s 1
g group1 pCylinder1
usemtl initialShadingGroup
f 2208/2878/2460 2209/2879/2461 2396/3094/2462 2397/3096/2463
f 2209/2879/2461 2210/2880/2464 2395/3093/2465 2396/3094/2462
f 2210/2880/2464 2211/2881/2466 2394/3092/2467 2395/3093/2465
f 2211/2881/2466 2212/2882/2468 2393/3091/2469 2394/3092/2467
f 2212/2882/2468 2213/2883/2470 2392/3090/2471 2393/3091/2469
f 2213/2883/2470 2214/2884/2472 2391/3089/2473 2392/3090/2471
f 2214/2884/2472 2215/2885/2474 2390/3088/2475 2391/3089/2473
f 2215/2885/2474 2216/2886/2476 2389/3087/2477 2390/3088/2475
f 2216/2886/2476 2217/2887/2478 2388/3086/2479 2389/3087/2477
f 2217/2887/2478 2218/2888/2480 2387/3085/2481 2388/3086/2479
f 2218/2888/2480 2219/2889/2482 2386/3084/2483 2387/3085/2481
f 2219/2889/2482 2220/2890/2484 2385/3083/2485 2386/3084/2483
f 2220/2890/2484 2221/2891/2486 2400/3099/2487 2385/3083/2485
f 2221/2891/2486 2222/2892/2488 2399/3098/2489 2400/3099/2487
f 2222/2892/2488 2223/2893/2490 2398/3097/2491 2399/3098/2489
f 2223/2893/2490 2208/2894/2460 2397/3095/2463 2398/3097/2491
f 2482/3180/2492 2481/3181/2493 2483/2928/2494
f 2484/3182/2495 2482/3180/2492 2483/2928/2494
f 2485/3183/2496 2484/3182/2495 2483/2928/2494
f 2486/3184/2497 2485/3183/2496 2483/2928/2494
f 2487/3185/2498 2486/3184/2497 2483/2928/2494
f 2488/3186/2499 2487/3185/2498 2483/2928/2494
f 2489/3187/2500 2488/3186/2499 2483/2928/2494
f 2490/3188/2501 2489/3187/2500 2483/2928/2494
f 2491/3189/2502 2490/3188/2501 2483/2928/2494
f 2492/3190/2503 2491/3189/2502 2483/2928/2494
f 2493/3191/2504 2492/3190/2503 2483/2928/2494
f 2494/3192/2505 2493/3191/2504 2483/2928/2494
f 2495/3193/2506 2494/3192/2505 2483/2928/2494
f 2496/3194/2507 2495/3193/2506 2483/2928/2494
f 2497/3195/2508 2496/3194/2507 2483/2928/2494
f 2481/3181/2493 2497/3195/2508 2483/2928/2494
f 2224/2926/2509 2225/2925/2510 2240/2929/2511
f 2225/2925/2510 2226/2924/2512 2240/2929/2511
f 2226/2924/2512 2227/2923/2513 2240/2929/2511
f 2227/2923/2513 2228/2922/2514 2240/2929/2511
f 2228/2922/2514 2229/2921/2515 2240/2929/2511
f 2229/2921/2515 2230/2920/2516 2240/2929/2511
f 2230/2920/2516 2231/2919/2517 2240/2929/2511
f 2231/2919/2517 2232/2918/2518 2240/2929/2511
f 2232/2918/2518 2233/2917/2519 2240/2929/2511
f 2233/2917/2519 2234/2916/2520 2240/2929/2511
f 2234/2916/2520 2235/2915/2521 2240/2929/2511
f 2235/2915/2521 2236/2914/2522 2240/2929/2511
f 2236/2914/2522 2237/2913/2523 2240/2929/2511
f 2237/2913/2523 2238/2912/2524 2240/2929/2511
f 2238/2912/2524 2239/2927/2525 2240/2929/2511
f 2239/2927/2525 2224/2926/2509 2240/2929/2511
f 2242/2931/2526 2241/2930/2527 2236/2907/2522 2235/2906/2521
f 2243/2932/2528 2242/2931/2526 2235/2906/2521 2234/2905/2520
f 2244/2933/2529 2243/2932/2528 2234/2905/2520 2233/2904/2519
f 2245/2934/2530 2244/2933/2529 2233/2904/2519 2232/2903/2518
f 2246/2935/2531 2245/2934/2530 2232/2903/2518 2231/2902/2517
f 2247/2936/2532 2246/2935/2531 2231/2902/2517 2230/2901/2516
f 2248/2937/2533 2247/2936/2532 2230/2901/2516 2229/2900/2515
f 2249/2938/2534 2248/2937/2533 2229/2900/2515 2228/2899/2514
f 2250/2939/2535 2249/2938/2534 2228/2899/2514 2227/2898/2513
f 2251/2940/2536 2250/2939/2535 2227/2898/2513 2226/2897/2512
f 2252/2941/2537 2251/2940/2536 2226/2897/2512 2225/2896/2510
f 2253/2943/2538 2252/2941/2537 2225/2896/2510 2224/2895/2509
f 2254/2944/2539 2253/2942/2538 2224/2911/2509 2239/2910/2525
f 2255/2945/2540 2254/2944/2539 2239/2910/2525 2238/2909/2524
f 2256/2946/2541 2255/2945/2540 2238/2909/2524 2237/2908/2523
f 2241/2930/2527 2256/2946/2541 2237/2908/2523 2236/2907/2522
f 2258/2948/2542 2257/2947/2543 2241/2930/2527 2242/2931/2526
f 2259/2949/2544 2258/2948/2542 2242/2931/2526 2243/2932/2528
f 2260/2950/2545 2259/2949/2544 2243/2932/2528 2244/2933/2529
f 2261/2951/2546 2260/2950/2545 2244/2933/2529 2245/2934/2530
f 2262/2952/2547 2261/2951/2546 2245/2934/2530 2246/2935/2531
f 2263/2953/2548 2262/2952/2547 2246/2935/2531 2247/2936/2532
f 2264/2954/2549 2263/2953/2548 2247/2936/2532 2248/2937/2533
f 2265/2955/2550 2264/2954/2549 2248/2937/2533 2249/2938/2534
f 2266/2956/2551 2265/2955/2550 2249/2938/2534 2250/2939/2535
f 2267/2957/2552 2266/2956/2551 2250/2939/2535 2251/2940/2536
f 2268/2958/2553 2267/2957/2552 2251/2940/2536 2252/2941/2537
f 2269/2960/2554 2268/2958/2553 2252/2941/2537 2253/2943/2538
f 2270/2961/2555 2269/2959/2554 2253/2942/2538 2254/2944/2539
f 2271/2962/2556 2270/2961/2555 2254/2944/2539 2255/2945/2540
f 2272/2963/2557 2271/2962/2556 2255/2945/2540 2256/2946/2541
f 2257/2947/2543 2272/2963/2557 2256/2946/2541 2241/2930/2527
f 2274/2965/2558 2273/2964/2559 2257/2947/2543 2258/2948/2542
f 2275/2966/2560 2274/2965/2558 2258/2948/2542 2259/2949/2544
f 2276/2967/2561 2275/2966/2560 2259/2949/2544 2260/2950/2545
f 2277/2968/2562 2276/2967/2561 2260/2950/2545 2261/2951/2546
f 2278/2969/2563 2277/2968/2562 2261/2951/2546 2262/2952/2547
f 2279/2970/2564 2278/2969/2563 2262/2952/2547 2263/2953/2548
f 2280/2971/2565 2279/2970/2564 2263/2953/2548 2264/2954/2549
f 2281/2972/2566 2280/2971/2565 2264/2954/2549 2265/2955/2550
f 2282/2973/2567 2281/2972/2566 2265/2955/2550 2266/2956/2551
f 2283/2974/2568 2282/2973/2567 2266/2956/2551 2267/2957/2552
f 2284/2975/2569 2283/2974/2568 2267/2957/2552 2268/2958/2553
f 2285/2977/2570 2284/2975/2569 2268/2958/2553 2269/2960/2554
f 2286/2978/2571 2285/2976/2570 2269/2959/2554 2270/2961/2555
f 2287/2979/2572 2286/2978/2571 2270/2961/2555 2271/2962/2556
f 2288/2980/2573 2287/2979/2572 2271/2962/2556 2272/2963/2557
f 2273/2964/2559 2288/2980/2573 2272/2963/2557 2257/2947/2543
f 2290/2982/2574 2289/2981/2575 2273/2964/2559 2274/2965/2558
f 2291/2983/2576 2290/2982/2574 2274/2965/2558 2275/2966/2560
f 2292/2984/2577 2291/2983/2576 2275/2966/2560 2276/2967/2561
f 2293/2985/2578 2292/2984/2577 2276/2967/2561 2277/2968/2562
f 2294/2986/2579 2293/2985/2578 2277/2968/2562 2278/2969/2563
f 2295/2987/2580 2294/2986/2579 2278/2969/2563 2279/2970/2564
f 2296/2988/2581 2295/2987/2580 2279/2970/2564 2280/2971/2565
f 2297/2989/2582 2296/2988/2581 2280/2971/2565 2281/2972/2566
f 2298/2990/2583 2297/2989/2582 2281/2972/2566 2282/2973/2567
f 2299/2991/2584 2298/2990/2583 2282/2973/2567 2283/2974/2568
f 2300/2992/2585 2299/2991/2584 2283/2974/2568 2284/2975/2569
f 2301/2994/2586 2300/2992/2585 2284/2975/2569 2285/2977/2570
f 2302/2995/2587 2301/2993/2586 2285/2976/2570 2286/2978/2571
f 2303/2996/2588 2302/2995/2587 2286/2978/2571 2287/2979/2572
f 2304/2997/2589 2303/2996/2588 2287/2979/2572 2288/2980/2573
f 2289/2981/2575 2304/2997/2589 2288/2980/2573 2273/2964/2559
f 2306/2999/2590 2305/2998/2591 2289/2981/2575 2290/2982/2574
f 2307/3000/2592 2306/2999/2590 2290/2982/2574 2291/2983/2576
f 2308/3001/2593 2307/3000/2592 2291/2983/2576 2292/2984/2577
f 2309/3002/2594 2308/3001/2593 2292/2984/2577 2293/2985/2578
f 2310/3003/2595 2309/3002/2594 2293/2985/2578 2294/2986/2579
f 2311/3004/2596 2310/3003/2595 2294/2986/2579 2295/2987/2580
f 2312/3005/2597 2311/3004/2596 2295/2987/2580 2296/2988/2581
f 2313/3006/2598 2312/3005/2597 2296/2988/2581 2297/2989/2582
f 2314/3007/2599 2313/3006/2598 2297/2989/2582 2298/2990/2583
f 2315/3008/2600 2314/3007/2599 2298/2990/2583 2299/2991/2584
f 2316/3009/2601 2315/3008/2600 2299/2991/2584 2300/2992/2585
f 2317/3011/2602 2316/3009/2601 2300/2992/2585 2301/2994/2586
f 2318/3012/2603 2317/3010/2602 2301/2993/2586 2302/2995/2587
f 2319/3013/2604 2318/3012/2603 2302/2995/2587 2303/2996/2588
f 2320/3014/2605 2319/3013/2604 2303/2996/2588 2304/2997/2589
f 2305/2998/2591 2320/3014/2605 2304/2997/2589 2289/2981/2575
f 2322/3016/2606 2321/3015/2607 2305/2998/2591 2306/2999/2590
f 2323/3017/2608 2322/3016/2606 2306/2999/2590 2307/3000/2592
f 2324/3018/2609 2323/3017/2608 2307/3000/2592 2308/3001/2593
f 2325/3019/2610 2324/3018/2609 2308/3001/2593 2309/3002/2594
f 2326/3020/2611 2325/3019/2610 2309/3002/2594 2310/3003/2595
f 2327/3021/2612 2326/3020/2611 2310/3003/2595 2311/3004/2596
f 2328/3022/2613 2327/3021/2612 2311/3004/2596 2312/3005/2597
f 2329/3023/2614 2328/3022/2613 2312/3005/2597 2313/3006/2598
f 2330/3024/2615 2329/3023/2614 2313/3006/2598 2314/3007/2599
f 2331/3025/2616 2330/3024/2615 2314/3007/2599 2315/3008/2600
f 2332/3026/2617 2331/3025/2616 2315/3008/2600 2316/3009/2601
f 2333/3028/2618 2332/3026/2617 2316/3009/2601 2317/3011/2602
f 2334/3029/2619 2333/3027/2618 2317/3010/2602 2318/3012/2603
f 2335/3030/2620 2334/3029/2619 2318/3012/2603 2319/3013/2604
f 2336/3031/2621 2335/3030/2620 2319/3013/2604 2320/3014/2605
f 2321/3015/2607 2336/3031/2621 2320/3014/2605 2305/2998/2591
f 2338/3033/2622 2337/3032/2623 2321/3015/2607 2322/3016/2606
f 2339/3034/2624 2338/3033/2622 2322/3016/2606 2323/3017/2608
f 2340/3035/2625 2339/3034/2624 2323/3017/2608 2324/3018/2609
f 2341/3036/2626 2340/3035/2625 2324/3018/2609 2325/3019/2610
f 2342/3037/2627 2341/3036/2626 2325/3019/2610 2326/3020/2611
f 2343/3038/2628 2342/3037/2627 2326/3020/2611 2327/3021/2612
f 2344/3039/2629 2343/3038/2628 2327/3021/2612 2328/3022/2613
f 2345/3040/2630 2344/3039/2629 2328/3022/2613 2329/3023/2614
f 2346/3041/2631 2345/3040/2630 2329/3023/2614 2330/3024/2615
f 2347/3042/2632 2346/3041/2631 2330/3024/2615 2331/3025/2616
f 2348/3043/2633 2347/3042/2632 2331/3025/2616 2332/3026/2617
f 2349/3045/2634 2348/3043/2633 2332/3026/2617 2333/3028/2618
f 2350/3046/2635 2349/3044/2634 2333/3027/2618 2334/3029/2619
f 2351/3047/2636 2350/3046/2635 2334/3029/2619 2335/3030/2620
f 2352/3048/2637 2351/3047/2636 2335/3030/2620 2336/3031/2621
f 2337/3032/2623 2352/3048/2637 2336/3031/2621 2321/3015/2607
f 2354/3050/2638 2353/3049/2639 2337/3032/2623 2338/3033/2622
f 2355/3051/2640 2354/3050/2638 2338/3033/2622 2339/3034/2624
f 2356/3052/2641 2355/3051/2640 2339/3034/2624 2340/3035/2625
f 2357/3053/2642 2356/3052/2641 2340/3035/2625 2341/3036/2626
f 2358/3054/2643 2357/3053/2642 2341/3036/2626 2342/3037/2627
f 2359/3055/2644 2358/3054/2643 2342/3037/2627 2343/3038/2628
f 2360/3056/2645 2359/3055/2644 2343/3038/2628 2344/3039/2629
f 2361/3057/2646 2360/3056/2645 2344/3039/2629 2345/3040/2630
f 2362/3058/2647 2361/3057/2646 2345/3040/2630 2346/3041/2631
f 2363/3059/2648 2362/3058/2647 2346/3041/2631 2347/3042/2632
f 2364/3060/2649 2363/3059/2648 2347/3042/2632 2348/3043/2633
f 2365/3062/2650 2364/3060/2649 2348/3043/2633 2349/3045/2634
f 2366/3063/2651 2365/3061/2650 2349/3044/2634 2350/3046/2635
f 2367/3064/2652 2366/3063/2651 2350/3046/2635 2351/3047/2636
f 2368/3065/2653 2367/3064/2652 2351/3047/2636 2352/3048/2637
f 2353/3049/2639 2368/3065/2653 2352/3048/2637 2337/3032/2623
f 2370/3067/2654 2369/3066/2655 2353/3049/2639 2354/3050/2638
f 2371/3068/2656 2370/3067/2654 2354/3050/2638 2355/3051/2640
f 2372/3069/2657 2371/3068/2656 2355/3051/2640 2356/3052/2641
f 2373/3070/2658 2372/3069/2657 2356/3052/2641 2357/3053/2642
f 2374/3071/2659 2373/3070/2658 2357/3053/2642 2358/3054/2643
f 2375/3072/2660 2374/3071/2659 2358/3054/2643 2359/3055/2644
f 2376/3073/2661 2375/3072/2660 2359/3055/2644 2360/3056/2645
f 2377/3074/2662 2376/3073/2661 2360/3056/2645 2361/3057/2646
f 2378/3075/2663 2377/3074/2662 2361/3057/2646 2362/3058/2647
f 2379/3076/2664 2378/3075/2663 2362/3058/2647 2363/3059/2648
f 2380/3077/2665 2379/3076/2664 2363/3059/2648 2364/3060/2649
f 2381/3079/2666 2380/3077/2665 2364/3060/2649 2365/3062/2650
f 2382/3080/2667 2381/3078/2666 2365/3061/2650 2366/3063/2651
f 2383/3081/2668 2382/3080/2667 2366/3063/2651 2367/3064/2652
f 2384/3082/2669 2383/3081/2668 2367/3064/2652 2368/3065/2653
f 2369/3066/2655 2384/3082/2669 2368/3065/2653 2353/3049/2639
f 2386/3084/2483 2385/3083/2485 2369/3066/2655 2370/3067/2654
f 2387/3085/2481 2386/3084/2483 2370/3067/2654 2371/3068/2656
f 2388/3086/2479 2387/3085/2481 2371/3068/2656 2372/3069/2657
f 2389/3087/2477 2388/3086/2479 2372/3069/2657 2373/3070/2658
f 2390/3088/2475 2389/3087/2477 2373/3070/2658 2374/3071/2659
f 2391/3089/2473 2390/3088/2475 2374/3071/2659 2375/3072/2660
f 2392/3090/2471 2391/3089/2473 2375/3072/2660 2376/3073/2661
f 2393/3091/2469 2392/3090/2471 2376/3073/2661 2377/3074/2662
f 2394/3092/2467 2393/3091/2469 2377/3074/2662 2378/3075/2663
f 2395/3093/2465 2394/3092/2467 2378/3075/2663 2379/3076/2664
f 2396/3094/2462 2395/3093/2465 2379/3076/2664 2380/3077/2665
f 2397/3096/2463 2396/3094/2462 2380/3077/2665 2381/3079/2666
f 2398/3097/2491 2397/3095/2463 2381/3078/2666 2382/3080/2667
f 2399/3098/2489 2398/3097/2491 2382/3080/2667 2383/3081/2668
f 2400/3099/2487 2399/3098/2489 2383/3081/2668 2384/3082/2669
f 2385/3083/2485 2400/3099/2487 2384/3082/2669 2369/3066/2655
f 2418/3116/2670 2417/3117/2671 2516/3214/2672 2517/3215/2673
f 2419/3118/2674 2418/3116/2670 2517/3215/2673 2518/3216/2675
f 2420/3119/2676 2419/3118/2674 2518/3216/2675 2519/3217/2677
f 2421/3120/2678 2420/3119/2676 2519/3217/2677 2520/3218/2679
f 2422/3121/2680 2421/3120/2678 2520/3218/2679 2521/3219/2681
f 2423/3122/2682 2422/3121/2680 2521/3219/2681 2522/3220/2683
f 2424/3123/2684 2423/3122/2682 2522/3220/2683 2523/3221/2685
f 2425/3124/2686 2424/3123/2684 2523/3221/2685 2524/3222/2687
f 2426/3125/2688 2425/3124/2686 2524/3222/2687 2525/3223/2689
f 2427/3126/2690 2426/3125/2688 2525/3223/2689 2526/3224/2691
f 2428/3127/2692 2427/3126/2690 2526/3224/2691 2527/3225/2693
f 2429/3128/2694 2428/3127/2692 2527/3225/2693 2528/3226/2695
f 2430/3129/2696 2429/3128/2694 2528/3226/2695 2529/3227/2697
f 2431/3130/2698 2430/3129/2696 2529/3227/2697 2514/3212/2699
f 2432/3131/2700 2431/3130/2698 2514/3212/2699 2515/3213/2701
f 2417/3117/2671 2432/3131/2700 2515/3213/2701 2516/3214/2672
f 2209/2863/2461 2208/2862/2460 2417/3117/2671 2418/3116/2670
f 2210/2864/2464 2209/2863/2461 2418/3116/2670 2419/3118/2674
f 2211/2865/2466 2210/2864/2464 2419/3118/2674 2420/3119/2676
f 2212/2866/2468 2211/2865/2466 2420/3119/2676 2421/3120/2678
f 2213/2867/2470 2212/2866/2468 2421/3120/2678 2422/3121/2680
f 2214/2868/2472 2213/2867/2470 2422/3121/2680 2423/3122/2682
f 2215/2869/2474 2214/2868/2472 2423/3122/2682 2424/3123/2684
f 2216/2870/2476 2215/2869/2474 2424/3123/2684 2425/3124/2686
f 2217/2871/2478 2216/2870/2476 2425/3124/2686 2426/3125/2688
f 2218/2872/2480 2217/2871/2478 2426/3125/2688 2427/3126/2690
f 2219/2873/2482 2218/2872/2480 2427/3126/2690 2428/3127/2692
f 2220/2874/2484 2219/2873/2482 2428/3127/2692 2429/3128/2694
f 2221/2875/2486 2220/2874/2484 2429/3128/2694 2430/3129/2696
f 2222/2876/2488 2221/2875/2486 2430/3129/2696 2431/3130/2698
f 2223/2877/2490 2222/2876/2488 2431/3130/2698 2432/3131/2700
f 2208/2862/2460 2223/2877/2490 2432/3131/2700 2417/3117/2671
f 2402/3100/2702 2401/3101/2703 2433/3133/2704 2434/3132/2705
f 2403/3102/2706 2402/3100/2702 2434/3132/2705 2435/3134/2707
f 2404/3103/2708 2403/3102/2706 2435/3134/2707 2436/3135/2709
f 2405/3104/2710 2404/3103/2708 2436/3135/2709 2437/3136/2711
f 2406/3105/2712 2405/3104/2710 2437/3136/2711 2438/3137/2713
f 2407/3106/2714 2406/3105/2712 2438/3137/2713 2439/3138/2715
f 2408/3107/2716 2407/3106/2714 2439/3138/2715 2440/3139/2717
f 2409/3108/2718 2408/3107/2716 2440/3139/2717 2441/3140/2719
f 2410/3109/2720 2409/3108/2718 2441/3140/2719 2442/3141/2721
f 2411/3110/2722 2410/3109/2720 2442/3141/2721 2443/3142/2723
f 2412/3111/2724 2411/3110/2722 2443/3142/2723 2444/3143/2725
f 2413/3112/2726 2412/3111/2724 2444/3143/2725 2445/3144/2727
f 2414/3113/2728 2413/3112/2726 2445/3144/2727 2446/3145/2729
f 2415/3114/2730 2414/3113/2728 2446/3145/2729 2447/3146/2731
f 2416/3115/2732 2415/3114/2730 2447/3146/2731 2448/3147/2733
f 2401/3101/2703 2416/3115/2732 2448/3147/2733 2433/3133/2704
f 2434/3132/2705 2433/3133/2704 2449/3149/2734 2450/3148/2735
f 2435/3134/2707 2434/3132/2705 2450/3148/2735 2451/3150/2736
f 2436/3135/2709 2435/3134/2707 2451/3150/2736 2452/3151/2737
f 2437/3136/2711 2436/3135/2709 2452/3151/2737 2453/3152/2738
f 2438/3137/2713 2437/3136/2711 2453/3152/2738 2454/3153/2739
f 2439/3138/2715 2438/3137/2713 2454/3153/2739 2455/3154/2740
f 2440/3139/2717 2439/3138/2715 2455/3154/2740 2456/3155/2741
f 2441/3140/2719 2440/3139/2717 2456/3155/2741 2457/3156/2742
f 2442/3141/2721 2441/3140/2719 2457/3156/2742 2458/3157/2743
f 2443/3142/2723 2442/3141/2721 2458/3157/2743 2459/3158/2744
f 2444/3143/2725 2443/3142/2723 2459/3158/2744 2460/3159/2745
f 2445/3144/2727 2444/3143/2725 2460/3159/2745 2461/3160/2746
f 2446/3145/2729 2445/3144/2727 2461/3160/2746 2462/3161/2747
f 2447/3146/2731 2446/3145/2729 2462/3161/2747 2463/3162/2748
f 2448/3147/2733 2447/3146/2731 2463/3162/2748 2464/3163/2749
f 2433/3133/2704 2448/3147/2733 2464/3163/2749 2449/3149/2734
f 2450/3148/2735 2449/3149/2734 2499/3197/2750 2500/3198/2751
f 2451/3150/2736 2450/3148/2735 2500/3198/2751 2501/3199/2752
f 2452/3151/2737 2451/3150/2736 2501/3199/2752 2502/3200/2753
f 2453/3152/2738 2452/3151/2737 2502/3200/2753 2503/3201/2754
f 2454/3153/2739 2453/3152/2738 2503/3201/2754 2504/3202/2755
f 2455/3154/2740 2454/3153/2739 2504/3202/2755 2505/3203/2756
f 2456/3155/2741 2455/3154/2740 2505/3203/2756 2506/3204/2757
f 2457/3156/2742 2456/3155/2741 2506/3204/2757 2507/3205/2758
f 2458/3157/2743 2457/3156/2742 2507/3205/2758 2508/3206/2759
f 2459/3158/2744 2458/3157/2743 2508/3206/2759 2509/3207/2760
f 2460/3159/2745 2459/3158/2744 2509/3207/2760 2510/3208/2761
f 2461/3160/2746 2460/3159/2745 2510/3208/2761 2511/3209/2762
f 2462/3161/2747 2461/3160/2746 2511/3209/2762 2512/3210/2763
f 2463/3162/2748 2462/3161/2747 2512/3210/2763 2513/3211/2764
f 2464/3163/2749 2463/3162/2748 2513/3211/2764 2498/3196/2765
f 2449/3149/2734 2464/3163/2749 2498/3196/2765 2499/3197/2750
f 2466/3164/2766 2465/3165/2767 2481/3181/2493 2482/3180/2492
f 2467/3166/2768 2466/3164/2766 2482/3180/2492 2484/3182/2495
f 2468/3167/2769 2467/3166/2768 2484/3182/2495 2485/3183/2496
f 2469/3168/2770 2468/3167/2769 2485/3183/2496 2486/3184/2497
f 2470/3169/2771 2469/3168/2770 2486/3184/2497 2487/3185/2498
f 2471/3170/2772 2470/3169/2771 2487/3185/2498 2488/3186/2499
f 2472/3171/2773 2471/3170/2772 2488/3186/2499 2489/3187/2500
f 2473/3172/2774 2472/3171/2773 2489/3187/2500 2490/3188/2501
f 2474/3173/2775 2473/3172/2774 2490/3188/2501 2491/3189/2502
f 2475/3174/2776 2474/3173/2775 2491/3189/2502 2492/3190/2503
f 2476/3175/2777 2475/3174/2776 2492/3190/2503 2493/3191/2504
f 2477/3176/2778 2476/3175/2777 2493/3191/2504 2494/3192/2505
f 2478/3177/2779 2477/3176/2778 2494/3192/2505 2495/3193/2506
f 2479/3178/2780 2478/3177/2779 2495/3193/2506 2496/3194/2507
f 2480/3179/2781 2479/3178/2780 2496/3194/2507 2497/3195/2508
f 2465/3165/2767 2480/3179/2781 2497/3195/2508 2481/3181/2493
f 2499/3197/2750 2498/3196/2765 2480/3179/2781 2465/3165/2767
f 2500/3198/2751 2499/3197/2750 2465/3165/2767 2466/3164/2766
f 2501/3199/2752 2500/3198/2751 2466/3164/2766 2467/3166/2768
f 2502/3200/2753 2501/3199/2752 2467/3166/2768 2468/3167/2769
f 2503/3201/2754 2502/3200/2753 2468/3167/2769 2469/3168/2770
f 2504/3202/2755 2503/3201/2754 2469/3168/2770 2470/3169/2771
f 2505/3203/2756 2504/3202/2755 2470/3169/2771 2471/3170/2772
f 2506/3204/2757 2505/3203/2756 2471/3170/2772 2472/3171/2773
f 2507/3205/2758 2506/3204/2757 2472/3171/2773 2473/3172/2774
f 2508/3206/2759 2507/3205/2758 2473/3172/2774 2474/3173/2775
f 2509/3207/2760 2508/3206/2759 2474/3173/2775 2475/3174/2776
f 2510/3208/2761 2509/3207/2760 2475/3174/2776 2476/3175/2777
f 2511/3209/2762 2510/3208/2761 2476/3175/2777 2477/3176/2778
f 2512/3210/2763 2511/3209/2762 2477/3176/2778 2478/3177/2779
f 2513/3211/2764 2512/3210/2763 2478/3177/2779 2479/3178/2780
f 2498/3196/2765 2513/3211/2764 2479/3178/2780 2480/3179/2781
f 2515/3213/2701 2514/3212/2699 2530/3228/2782 2531/3229/2783
f 2516/3214/2672 2515/3213/2701 2531/3229/2783 2532/3230/2784
f 2517/3215/2673 2516/3214/2672 2532/3230/2784 2533/3231/2785
f 2518/3216/2675 2517/3215/2673 2533/3231/2785 2534/3232/2786
f 2519/3217/2677 2518/3216/2675 2534/3232/2786 2535/3233/2787
f 2520/3218/2679 2519/3217/2677 2535/3233/2787 2536/3234/2788
f 2521/3219/2681 2520/3218/2679 2536/3234/2788 2537/3235/2789
f 2522/3220/2683 2521/3219/2681 2537/3235/2789 2538/3236/2790
f 2523/3221/2685 2522/3220/2683 2538/3236/2790 2539/3237/2791
f 2524/3222/2687 2523/3221/2685 2539/3237/2791 2540/3238/2792
f 2525/3223/2689 2524/3222/2687 2540/3238/2792 2541/3239/2793
f 2526/3224/2691 2525/3223/2689 2541/3239/2793 2542/3240/2794
f 2527/3225/2693 2526/3224/2691 2542/3240/2794 2543/3241/2795
f 2528/3226/2695 2527/3225/2693 2543/3241/2795 2544/3242/2796
f 2529/3227/2697 2528/3226/2695 2544/3242/2796 2545/3243/2797
f 2514/3212/2699 2529/3227/2697 2545/3243/2797 2530/3228/2782
f 2531/3229/2783 2530/3228/2782 2415/3114/2730 2416/3115/2732
f 2532/3230/2784 2531/3229/2783 2416/3115/2732 2401/3101/2703
f 2533/3231/2785 2532/3230/2784 2401/3101/2703 2402/3100/2702
f 2534/3232/2786 2533/3231/2785 2402/3100/2702 2403/3102/2706
f 2535/3233/2787 2534/3232/2786 2403/3102/2706 2404/3103/2708
f 2536/3234/2788 2535/3233/2787 2404/3103/2708 2405/3104/2710
f 2537/3235/2789 2536/3234/2788 2405/3104/2710 2406/3105/2712
f 2538/3236/2790 2537/3235/2789 2406/3105/2712 2407/3106/2714
f 2539/3237/2791 2538/3236/2790 2407/3106/2714 2408/3107/2716
f 2540/3238/2792 2539/3237/2791 2408/3107/2716 2409/3108/2718
f 2541/3239/2793 2540/3238/2792 2409/3108/2718 2410/3109/2720
f 2542/3240/2794 2541/3239/2793 2410/3109/2720 2411/3110/2722
f 2543/3241/2795 2542/3240/2794 2411/3110/2722 2412/3111/2724
f 2544/3242/2796 2543/3241/2795 2412/3111/2724 2413/3112/2726
f 2545/3243/2797 2544/3242/2796 2413/3112/2726 2414/3113/2728
f 2530/3228/2782 2545/3243/2797 2414/3113/2728 2415/3114/2730
g default
v 0.940719 -0.154980 0.709965
v 0.905629 -0.027413 0.700397
v 0.827147 0.087097 0.718735
v 0.717221 0.171115 0.762186
v 0.592587 0.211852 0.824134
v 0.472219 0.203104 0.895150
v 0.374443 0.146205 0.964422
v 0.314142 0.049815 1.021403
v 0.300499 -0.071389 1.057418
v 0.335590 -0.198957 1.066986
v 0.414072 -0.313467 1.048648
v 0.523997 -0.397485 1.005197
v 0.648631 -0.438222 0.943249
v 0.768999 -0.429474 0.872233
v 0.866776 -0.372574 0.802961
v 0.927076 -0.276185 0.745980
v 0.939302 -0.129868 0.817022
v 0.909460 -0.021381 0.808886
v 0.842716 0.076001 0.824480
v 0.749232 0.147453 0.861432
v 0.643240 0.182097 0.914115
v 0.540876 0.174658 0.974509
v 0.457723 0.126268 1.033420
v 0.406442 0.044296 1.081878
v 0.394840 -0.058780 1.112507
v 0.424682 -0.167267 1.120643
v 0.491425 -0.264650 1.105048
v 0.584909 -0.336102 1.068097
v 0.690902 -0.370745 1.015414
v 0.793266 -0.363306 0.955019
v 0.876418 -0.314917 0.896109
v 0.927699 -0.232944 0.847651
v 0.907058 -0.111657 0.894221
v 0.883611 -0.026419 0.887828
v 0.831171 0.050093 0.900081
v 0.757721 0.106233 0.929114
v 0.674444 0.133452 0.970507
v 0.594016 0.127607 1.017958
v 0.528684 0.089588 1.064244
v 0.488393 0.025183 1.102317
v 0.479277 -0.055804 1.126382
v 0.502723 -0.141042 1.132775
v 0.555163 -0.217555 1.120522
v 0.628613 -0.273694 1.091489
v 0.711891 -0.300913 1.050096
v 0.792318 -0.295068 1.002645
v 0.857651 -0.257049 0.956359
v 0.897942 -0.192644 0.918286
v 0.852389 -0.098140 0.951093
v 0.836239 -0.039427 0.946690
v 0.800117 0.013276 0.955130
v 0.749524 0.051946 0.975128
v 0.692161 0.070695 1.003640
v 0.636762 0.066669 1.036325
v 0.591760 0.040480 1.068207
v 0.564007 -0.003883 1.094432
v 0.557728 -0.059667 1.111009
v 0.573878 -0.118380 1.115412
v 0.610000 -0.171083 1.106972
v 0.660593 -0.209753 1.086974
v 0.717956 -0.228501 1.058462
v 0.773355 -0.224475 1.025777
v 0.818357 -0.198287 0.993895
v 0.846110 -0.153924 0.967669
v 0.787489 -0.085738 1.003066
v 0.779256 -0.055806 1.000821
v 0.760842 -0.028938 1.005124
v 0.735049 -0.009225 1.015319
v 0.705806 0.000333 1.029854
v 0.677564 -0.001719 1.046517
v 0.654622 -0.015070 1.062770
v 0.640474 -0.037686 1.076140
v 0.637273 -0.066124 1.084590
v 0.645506 -0.096056 1.086835
v 0.663921 -0.122924 1.082533
v 0.689713 -0.142637 1.072338
v 0.718956 -0.152195 1.057802
v 0.747198 -0.150143 1.041140
v 0.770140 -0.136792 1.024886
v 0.784288 -0.114176 1.011517
v 0.714854 -0.074927 1.048143
vt 0.000000 0.687500
vt 0.062500 0.687500
vt 0.125000 0.687500
vt 0.187500 0.687500
vt 0.250000 0.687500
vt 0.312500 0.687500
vt 0.375000 0.687500
vt 0.437500 0.687500
vt 0.500000 0.687500
vt 0.562500 0.687500
vt 0.625000 0.687500
vt 0.687500 0.687500
vt 0.750000 0.687500
vt 0.812500 0.687500
vt 0.875000 0.687500
vt 0.937500 0.687500
vt 1.000000 0.687500
vt 0.000000 0.750000
vt 0.062500 0.750000
vt 0.125000 0.750000
vt 0.187500 0.750000
vt 0.250000 0.750000
vt 0.312500 0.750000
vt 0.375000 0.750000
vt 0.437500 0.750000
vt 0.500000 0.750000
vt 0.562500 0.750000
vt 0.625000 0.750000
vt 0.687500 0.750000
vt 0.750000 0.750000
vt 0.812500 0.750000
vt 0.875000 0.750000
vt 0.937500 0.750000
vt 1.000000 0.750000
vt 0.000000 0.812500
vt 0.062500 0.812500
vt 0.125000 0.812500
vt 0.187500 0.812500
vt 0.250000 0.812500
vt 0.312500 0.812500
vt 0.375000 0.812500
vt 0.437500 0.812500
vt 0.500000 0.812500
vt 0.562500 0.812500
vt 0.625000 0.812500
vt 0.687500 0.812500
vt 0.750000 0.812500
vt 0.812500 0.812500
vt 0.875000 0.812500
vt 0.937500 0.812500
vt 1.000000 0.812500
vt 0.000000 0.875000
vt 0.062500 0.875000
vt 0.125000 0.875000
vt 0.187500 0.875000
vt 0.250000 0.875000
vt 0.312500 0.875000
vt 0.375000 0.875000
vt 0.437500 0.875000
vt 0.500000 0.875000
vt 0.562500 0.875000
vt 0.625000 0.875000
vt 0.687500 0.875000
vt 0.750000 0.875000
vt 0.812500 0.875000
vt 0.875000 0.875000
vt 0.937500 0.875000
vt 1.000000 0.875000
vt 0.000000 0.937500
vt 0.062500 0.937500
vt 0.125000 0.937500
vt 0.187500 0.937500
vt 0.250000 0.937500
vt 0.312500 0.937500
vt 0.375000 0.937500
vt 0.437500 0.937500
vt 0.500000 0.937500
vt 0.562500 0.937500
vt 0.625000 0.937500
vt 0.687500 0.937500
vt 0.750000 0.937500
vt 0.812500 0.937500
vt 0.875000 0.937500
vt 0.937500 0.937500
vt 1.000000 0.937500
vt 0.031250 1.000000
vt 0.093750 1.000000
vt 0.156250 1.000000
vt 0.218750 1.000000
vt 0.281250 1.000000
vt 0.343750 1.000000
vt 0.406250 1.000000
vt 0.468750 1.000000
vt 0.531250 1.000000
vt 0.593750 1.000000
vt 0.656250 1.000000
vt 0.718750 1.000000
vt 0.781250 1.000000
vt 0.843750 1.000000
vt 0.906250 1.000000
vt 0.968750 1.000000
vn 0.996386 0.084678 -0.006673
vn 0.903143 0.425730 -0.055564
vn 0.903763 0.421260 0.075846
vn 0.986235 0.107972 0.125234
vn 0.719770 0.693417 -0.033220
vn 0.736441 0.670178 0.092281
vn 0.486715 0.872075 0.050931
vn 0.520874 0.836797 0.168703
vn 0.226922 0.955548 0.188241
vn 0.280451 0.912705 0.297180
vn -0.042004 0.928425 0.369139
vn 0.034116 0.883798 0.466622
vn -0.289102 0.768389 0.570963
vn -0.189053 0.733071 0.653350
vn -0.461674 0.476624 0.748122
vn -0.344480 0.465493 0.815261
vn -0.512201 0.111873 0.851548
vn -0.393026 0.132836 0.909882
vn -0.438014 -0.236915 0.867188
vn -0.330259 -0.188451 0.924887
vn -0.271611 -0.511491 0.815233
vn -0.180800 -0.444621 0.877282
vn -0.045061 -0.692789 0.719731
vn 0.027842 -0.614051 0.788775
vn 0.221237 -0.773622 0.593771
vn 0.275190 -0.687148 0.672382
vn 0.507134 -0.739610 0.442485
vn 0.539388 -0.650990 0.534110
vn 0.773287 -0.571838 0.273913
vn 0.782261 -0.492263 0.381765
vn 0.954468 -0.276579 0.111777
vn 0.946467 -0.221122 0.235172
vn 0.821473 0.369671 0.434195
vn 0.867207 0.161097 0.471169
vn 0.715575 0.541913 0.440775
vn 0.570708 0.658095 0.491125
vn 0.406732 0.706177 0.579554
vn 0.242607 0.677552 0.694309
vn 0.099691 0.569315 0.816053
vn 0.001480 0.392572 0.919720
vn -0.033513 0.177334 0.983580
vn 0.000066 -0.036174 0.999345
vn 0.094327 -0.213141 0.972457
vn 0.234516 -0.331221 0.913945
vn 0.403169 -0.377405 0.833679
vn 0.578933 -0.344056 0.739231
vn 0.734003 -0.230884 0.638696
vn 0.837409 -0.052033 0.544094
vn 0.679683 0.294542 0.671771
vn 0.699399 0.186711 0.689913
vn 0.628073 0.385716 0.675831
vn 0.553589 0.447418 0.702393
vn 0.467462 0.471139 0.748002
vn 0.381778 0.452988 0.805634
vn 0.308666 0.394529 0.865489
vn 0.259078 0.303801 0.916833
vn 0.240854 0.194977 0.950775
vn 0.256958 0.085680 0.962617
vn 0.304999 -0.006943 0.952327
vn 0.378016 -0.069241 0.923206
vn 0.465610 -0.092367 0.880157
vn 0.554863 -0.072767 0.828753
vn 0.631586 -0.012842 0.775199
vn 0.682682 0.078499 0.726487
vn 0.604740 0.256402 0.754021
vn 0.615525 0.193073 0.764102
vn 0.575161 0.310264 0.756919
vn 0.531645 0.346722 0.772747
vn 0.480847 0.360426 0.799299
vn 0.430241 0.349212 0.832432
vn 0.387231 0.314496 0.866686
vn 0.358212 0.261344 0.896317
vn 0.347610 0.197903 0.916516
vn 0.357128 0.134060 0.924385
vn 0.385445 0.079685 0.919284
vn 0.428439 0.043015 0.902546
vn 0.479759 0.029523 0.876904
vn 0.531626 0.041249 0.845974
vn 0.575904 0.076480 0.813932
vn 0.605450 0.129845 0.785220
vn 0.487392 0.197853 0.850472
s 1
g group1 pSphere5
usemtl initialShadingGroup
f 2546/3244/2798 2547/3245/2799 2563/3262/2800 2562/3261/2801
f 2547/3245/2799 2548/3246/2802 2564/3263/2803 2563/3262/2800
f 2548/3246/2802 2549/3247/2804 2565/3264/2805 2564/3263/2803
f 2549/3247/2804 2550/3248/2806 2566/3265/2807 2565/3264/2805
f 2550/3248/2806 2551/3249/2808 2567/3266/2809 2566/3265/2807
f 2551/3249/2808 2552/3250/2810 2568/3267/2811 2567/3266/2809
f 2552/3250/2810 2553/3251/2812 2569/3268/2813 2568/3267/2811
f 2553/3251/2812 2554/3252/2814 2570/3269/2815 2569/3268/2813
f 2554/3252/2814 2555/3253/2816 2571/3270/2817 2570/3269/2815
f 2555/3253/2816 2556/3254/2818 2572/3271/2819 2571/3270/2817
f 2556/3254/2818 2557/3255/2820 2573/3272/2821 2572/3271/2819
f 2557/3255/2820 2558/3256/2822 2574/3273/2823 2573/3272/2821
f 2558/3256/2822 2559/3257/2824 2575/3274/2825 2574/3273/2823
f 2559/3257/2824 2560/3258/2826 2576/3275/2827 2575/3274/2825
f 2560/3258/2826 2561/3259/2828 2577/3276/2829 2576/3275/2827
f 2561/3259/2828 2546/3260/2798 2562/3277/2801 2577/3276/2829
f 2562/3261/2801 2563/3262/2800 2579/3279/2830 2578/3278/2831
f 2563/3262/2800 2564/3263/2803 2580/3280/2832 2579/3279/2830
f 2564/3263/2803 2565/3264/2805 2581/3281/2833 2580/3280/2832
f 2565/3264/2805 2566/3265/2807 2582/3282/2834 2581/3281/2833
f 2566/3265/2807 2567/3266/2809 2583/3283/2835 2582/3282/2834
f 2567/3266/2809 2568/3267/2811 2584/3284/2836 2583/3283/2835
f 2568/3267/2811 2569/3268/2813 2585/3285/2837 2584/3284/2836
f 2569/3268/2813 2570/3269/2815 2586/3286/2838 2585/3285/2837
f 2570/3269/2815 2571/3270/2817 2587/3287/2839 2586/3286/2838
f 2571/3270/2817 2572/3271/2819 2588/3288/2840 2587/3287/2839
f 2572/3271/2819 2573/3272/2821 2589/3289/2841 2588/3288/2840
f 2573/3272/2821 2574/3273/2823 2590/3290/2842 2589/3289/2841
f 2574/3273/2823 2575/3274/2825 2591/3291/2843 2590/3290/2842
f 2575/3274/2825 2576/3275/2827 2592/3292/2844 2591/3291/2843
f 2576/3275/2827 2577/3276/2829 2593/3293/2845 2592/3292/2844
f 2577/3276/2829 2562/3277/2801 2578/3294/2831 2593/3293/2845
f 2578/3278/2831 2579/3279/2830 2595/3296/2846 2594/3295/2847
f 2579/3279/2830 2580/3280/2832 2596/3297/2848 2595/3296/2846
f 2580/3280/2832 2581/3281/2833 2597/3298/2849 2596/3297/2848
f 2581/3281/2833 2582/3282/2834 2598/3299/2850 2597/3298/2849
f 2582/3282/2834 2583/3283/2835 2599/3300/2851 2598/3299/2850
f 2583/3283/2835 2584/3284/2836 2600/3301/2852 2599/3300/2851
f 2584/3284/2836 2585/3285/2837 2601/3302/2853 2600/3301/2852
f 2585/3285/2837 2586/3286/2838 2602/3303/2854 2601/3302/2853
f 2586/3286/2838 2587/3287/2839 2603/3304/2855 2602/3303/2854
f 2587/3287/2839 2588/3288/2840 2604/3305/2856 2603/3304/2855
f 2588/3288/2840 2589/3289/2841 2605/3306/2857 2604/3305/2856
f 2589/3289/2841 2590/3290/2842 2606/3307/2858 2605/3306/2857
f 2590/3290/2842 2591/3291/2843 2607/3308/2859 2606/3307/2858
f 2591/3291/2843 2592/3292/2844 2608/3309/2860 2607/3308/2859
f 2592/3292/2844 2593/3293/2845 2609/3310/2861 2608/3309/2860
f 2593/3293/2845 2578/3294/2831 2594/3311/2847 2609/3310/2861
f 2594/3295/2847 2595/3296/2846 2611/3313/2862 2610/3312/2863
f 2595/3296/2846 2596/3297/2848 2612/3314/2864 2611/3313/2862
f 2596/3297/2848 2597/3298/2849 2613/3315/2865 2612/3314/2864
f 2597/3298/2849 2598/3299/2850 2614/3316/2866 2613/3315/2865
f 2598/3299/2850 2599/3300/2851 2615/3317/2867 2614/3316/2866
f 2599/3300/2851 2600/3301/2852 2616/3318/2868 2615/3317/2867
f 2600/3301/2852 2601/3302/2853 2617/3319/2869 2616/3318/2868
f 2601/3302/2853 2602/3303/2854 2618/3320/2870 2617/3319/2869
f 2602/3303/2854 2603/3304/2855 2619/3321/2871 2618/3320/2870
f 2603/3304/2855 2604/3305/2856 2620/3322/2872 2619/3321/2871
f 2604/3305/2856 2605/3306/2857 2621/3323/2873 2620/3322/2872
f 2605/3306/2857 2606/3307/2858 2622/3324/2874 2621/3323/2873
f 2606/3307/2858 2607/3308/2859 2623/3325/2875 2622/3324/2874
f 2607/3308/2859 2608/3309/2860 2624/3326/2876 2623/3325/2875
f 2608/3309/2860 2609/3310/2861 2625/3327/2877 2624/3326/2876
f 2609/3310/2861 2594/3311/2847 2610/3328/2863 2625/3327/2877
f 2610/3312/2863 2611/3313/2862 2626/3329/2878
f 2611/3313/2862 2612/3314/2864 2626/3330/2878
f 2612/3314/2864 2613/3315/2865 2626/3331/2878
f 2613/3315/2865 2614/3316/2866 2626/3332/2878
f 2614/3316/2866 2615/3317/2867 2626/3333/2878
f 2615/3317/2867 2616/3318/2868 2626/3334/2878
f 2616/3318/2868 2617/3319/2869 2626/3335/2878
f 2617/3319/2869 2618/3320/2870 2626/3336/2878
f 2618/3320/2870 2619/3321/2871 2626/3337/2878
f 2619/3321/2871 2620/3322/2872 2626/3338/2878
f 2620/3322/2872 2621/3323/2873 2626/3339/2878
f 2621/3323/2873 2622/3324/2874 2626/3340/2878
f 2622/3324/2874 2623/3325/2875 2626/3341/2878
f 2623/3325/2875 2624/3326/2876 2626/3342/2878
f 2624/3326/2876 2625/3327/2877 2626/3343/2878
f 2625/3327/2877 2610/3328/2863 2626/3344/2878
g default
v 0.915617 -1.832533 -0.248848
v 0.778900 -1.832533 -0.482411
v 0.565930 -1.832533 -0.667811
v 0.297538 -1.832533 -0.786892
v 0.000000 -1.832533 -0.827934
v -0.297538 -1.832533 -0.786892
v -0.565930 -1.832533 -0.667811
v -0.778900 -1.832533 -0.482411
v -0.915617 -1.832533 -0.248848
v -0.962737 -1.832533 0.012481
v -0.915617 -1.832533 0.285563
v -0.778900 -1.832533 0.519071
v -0.565930 -1.832533 0.704472
v -0.297538 -1.832533 0.823563
v -0.000000 -1.832533 0.864328
v 0.297538 -1.832533 0.813100
v 0.565930 -1.832533 0.704417
v 0.778899 -1.832533 0.519071
v 0.915617 -1.832533 0.285563
v 0.962736 -1.832533 0.012481
v 0.875091 -1.657863 -0.249604
v 0.744397 -1.664785 -0.463861
v 0.540841 -1.667272 -0.632952
v 0.284337 -1.667272 -0.744304
v 0.000000 -1.667272 -0.782673
v -0.284337 -1.667272 -0.744304
v -0.540841 -1.667272 -0.632952
v -0.744396 -1.664785 -0.463861
v -0.875090 -1.657863 -0.249604
v -0.920124 -1.654603 0.023981
v -0.875090 -1.660344 0.310484
v -0.744396 -1.666015 0.501534
v -0.540840 -1.680660 0.681031
v -0.284337 -1.681126 0.792724
v -0.000000 -1.681796 0.793048
v 0.284337 -1.681126 0.758654
v 0.540840 -1.680725 0.673874
v 0.744396 -1.666015 0.501534
v 0.875090 -1.660344 0.310484
v 0.920124 -1.654603 0.023981
v 0.819151 -1.475710 -0.257219
v 0.696812 -1.493337 -0.460222
v 0.506263 -1.504557 -0.598579
v 0.266158 -1.506583 -0.696273
v 0.000000 -1.506583 -0.732105
v -0.266158 -1.506583 -0.696273
v -0.506263 -1.504557 -0.598579
v -0.696812 -1.493337 -0.460222
v -0.819151 -1.475710 -0.257219
v -0.861307 -1.450737 0.028053
v -0.819151 -1.484783 0.317856
v -0.696812 -1.497550 0.512557
v -0.506263 -1.512361 0.656856
v -0.266158 -1.512820 0.759324
v -0.000000 -1.475927 0.741227
v 0.266158 -1.512820 0.721040
v 0.506263 -1.512035 0.646158
v 0.696811 -1.497550 0.512557
v 0.819151 -1.484783 0.317856
v 0.861306 -1.450737 0.028053
v 0.743774 -1.279732 -0.260445
v 0.632692 -1.346991 -0.447995
v 0.459678 -1.359180 -0.566540
v 0.241667 -1.364225 -0.640958
v 0.000000 -1.365235 -0.668669
v -0.241667 -1.364225 -0.640958
v -0.459678 -1.359180 -0.566540
v -0.632692 -1.346991 -0.447995
v -0.743774 -1.279732 -0.260445
v -0.782050 -1.226068 0.007287
v -0.743774 -1.289627 0.282549
v -0.632692 -1.348782 0.466406
v -0.459677 -1.360246 0.583631
v -0.241667 -1.364784 0.659463
v -0.000000 -1.361901 0.678331
v 0.241667 -1.363841 0.629982
v 0.459677 -1.359678 0.574392
v 0.632692 -1.348782 0.466406
v 0.743774 -1.289627 0.282548
v 0.782050 -1.226068 0.007287
v 0.650082 -1.175920 -0.236352
v 0.552993 -1.236949 -0.411387
v 0.401773 -1.250680 -0.523441
v 0.211225 -1.254875 -0.586176
v 0.000000 -1.255943 -0.608534
v -0.211225 -1.254875 -0.586176
v -0.401773 -1.250680 -0.523441
v -0.552993 -1.236949 -0.411387
v -0.650082 -1.175920 -0.236352
v -0.683537 -1.131314 0.000000
v -0.650082 -1.175920 0.236352
v -0.552993 -1.236949 0.411471
v -0.401773 -1.250680 0.523644
v -0.211224 -1.254875 0.586509
v -0.000000 -1.255869 0.606526
v 0.211224 -1.254380 0.575518
v 0.401773 -1.250531 0.520699
v 0.552993 -1.236949 0.411471
v 0.650082 -1.175920 0.236352
v 0.683537 -1.131314 0.000000
v 0.540383 -1.119407 -0.198739
v 0.459678 -1.155997 -0.356214
v 0.333975 -1.173120 -0.460238
v 0.175581 -1.175339 -0.519727
v 0.000000 -1.176007 -0.539158
v -0.175581 -1.175339 -0.519727
v -0.333975 -1.173120 -0.460238
v -0.459677 -1.155997 -0.356214
v -0.540383 -1.119407 -0.198739
v -0.568193 -1.097800 0.000000
v -0.540383 -1.119407 0.198739
v -0.459677 -1.155997 0.356214
v -0.333975 -1.173120 0.460237
v -0.175581 -1.175339 0.519727
v -0.000000 -1.176007 0.539158
v 0.175581 -1.175316 0.519003
v 0.333975 -1.173120 0.460237
v 0.459677 -1.155997 0.356214
v 0.540383 -1.119407 0.198739
v 0.568192 -1.097800 0.000000
v 0.417379 -1.078911 -0.154915
v 0.355043 -1.096411 -0.283993
v 0.257954 -1.107264 -0.377019
v 0.135614 -1.112670 -0.430634
v 0.000000 -1.113913 -0.448015
v -0.135614 -1.112670 -0.430634
v -0.257954 -1.107264 -0.377019
v -0.355043 -1.096411 -0.283993
v -0.417378 -1.078911 -0.154915
v -0.438858 -1.070837 0.000000
v -0.417378 -1.078911 0.154915
v -0.355043 -1.096411 0.283993
v -0.257954 -1.107264 0.377019
v -0.135614 -1.112670 0.430634
v -0.000000 -1.113913 0.448015
v 0.135614 -1.112670 0.430634
v 0.257954 -1.107264 0.377019
v 0.355043 -1.096411 0.283993
v 0.417378 -1.078911 0.154915
v 0.438858 -1.070837 0.000000
v 0.284096 -1.053053 -0.106185
v 0.241667 -1.058213 -0.198381
v 0.175581 -1.062078 -0.268686
v 0.092308 -1.065336 -0.310545
v 0.000000 -1.065809 -0.325716
v -0.092308 -1.065336 -0.310545
v -0.175581 -1.062078 -0.268686
v -0.241667 -1.058213 -0.198381
v -0.284096 -1.053053 -0.106185
v -0.298716 -1.051089 0.000000
v -0.284096 -1.053053 0.106185
v -0.241667 -1.058213 0.198381
v -0.175581 -1.062078 0.268686
v -0.092308 -1.065336 0.310545
v -0.000000 -1.065809 0.325716
v 0.092308 -1.065336 0.310545
v 0.175581 -1.062078 0.268686
v 0.241667 -1.058213 0.198381
v 0.284096 -1.053053 0.106185
v 0.298716 -1.051089 0.000000
v 0.161887 -2.772057 -0.048008
v 0.138837 -2.772057 -0.088731
v 0.293851 -2.743815 -0.177096
v 0.343119 -2.743815 -0.093799
v 0.101561 -2.772057 -0.121477
v 0.214800 -2.743815 -0.244204
v 0.053493 -2.772057 -0.142366
v 0.113555 -2.743815 -0.287873
v 0.000000 -2.772057 -0.149801
v 0.000000 -2.743815 -0.302413
v -0.053493 -2.772057 -0.142366
v -0.113555 -2.743815 -0.287873
v -0.101561 -2.772057 -0.121476
v -0.214800 -2.743815 -0.244204
v -0.138837 -2.772057 -0.088731
v -0.293851 -2.743815 -0.177096
v -0.161887 -2.772057 -0.048008
v -0.343119 -2.743815 -0.093799
v -0.168562 -2.772057 -0.003308
v -0.357822 -2.743815 -0.001417
v -0.159131 -2.772057 0.041347
v -0.339706 -2.743815 0.093888
v -0.135747 -2.772057 0.081845
v -0.289282 -2.743815 0.180917
v -0.098857 -2.772057 0.114238
v -0.210542 -2.743815 0.250156
v -0.052111 -2.772057 0.135182
v -0.110826 -2.743815 0.294325
v 0.000000 -2.772057 0.142692
v 0.000000 -2.743815 0.310329
v 0.052111 -2.772057 0.135182
v 0.110826 -2.743815 0.294325
v 0.098857 -2.772057 0.114238
v 0.210542 -2.743815 0.250156
v 0.135747 -2.772057 0.081845
v 0.289282 -2.743815 0.180917
v 0.159131 -2.772057 0.041347
v 0.339706 -2.743815 0.093888
v 0.168562 -2.772057 -0.003308
v 0.357822 -2.743815 -0.001417
v 0.466022 -2.697518 -0.259622
v 0.545897 -2.697518 -0.131530
v 0.339599 -2.697518 -0.361130
v 0.178978 -2.697518 -0.425953
v 0.000000 -2.697518 -0.448268
v -0.178977 -2.697518 -0.425953
v -0.339599 -2.697518 -0.361130
v -0.466022 -2.697518 -0.259622
v -0.545897 -2.697518 -0.131530
v -0.572414 -2.697518 0.011539
v -0.543742 -2.697518 0.156562
v -0.462702 -2.697518 0.289481
v -0.336299 -2.697518 0.394844
v -0.177025 -2.697518 0.463957
v 0.000000 -2.697518 0.487874
v 0.177025 -2.697518 0.463957
v 0.336299 -2.697518 0.394844
v 0.462702 -2.697518 0.289481
v 0.543742 -2.697518 0.156562
v 0.572414 -2.697518 0.011539
v 0.631584 -2.634307 -0.326741
v 0.741929 -2.634307 -0.157376
v 0.459259 -2.634307 -0.461443
v 0.241608 -2.634307 -0.548249
v 0.000000 -2.634307 -0.578227
v -0.241608 -2.634307 -0.548249
v -0.459258 -2.634307 -0.461443
v -0.631584 -2.634307 -0.326741
v -0.741928 -2.634307 -0.157376
v -0.779791 -2.634307 0.030519
v -0.741643 -2.634307 0.219452
v -0.631149 -2.634307 0.391453
v -0.458859 -2.634307 0.529417
v -0.241380 -2.634307 0.618829
v 0.000000 -2.634307 0.649810
v 0.241380 -2.634307 0.618829
v 0.458859 -2.634307 0.529417
v 0.631149 -2.634307 0.391453
v 0.741643 -2.634307 0.219452
v 0.779791 -2.634307 0.030519
v 0.754878 -2.555738 -0.388035
v 0.886619 -2.555738 -0.183547
v 0.548878 -2.555738 -0.550900
v 0.288731 -2.555738 -0.655877
v 0.000000 -2.555738 -0.692130
v -0.288731 -2.555738 -0.655877
v -0.548878 -2.555738 -0.550900
v -0.754878 -2.555738 -0.388035
v -0.886618 -2.555738 -0.183547
v -0.931456 -2.555738 0.042605
v -0.885307 -2.555738 0.268726
v -0.752885 -2.555738 0.473208
v -0.547066 -2.555738 0.636188
v -0.287687 -2.555738 0.741356
v 0.000000 -2.555738 0.777683
v 0.287687 -2.555738 0.741356
v 0.547065 -2.555738 0.636188
v 0.752885 -2.555738 0.473208
v 0.885307 -2.555738 0.268726
v 0.931456 -2.555738 0.042605
v 0.819850 -2.463745 -0.440375
v 0.962986 -2.463745 -0.210902
v 0.595996 -2.463745 -0.622964
v 0.313453 -2.463745 -0.740468
v 0.000000 -2.463745 -0.781015
v -0.313453 -2.463745 -0.740468
v -0.595996 -2.463745 -0.622964
v -0.819849 -2.463745 -0.440375
v -0.962985 -2.463745 -0.210902
v -1.011411 -2.463745 0.042809
v -0.960736 -2.463745 0.295791
v -0.816561 -2.463745 0.523777
v -0.593179 -2.463745 0.704855
v -0.311916 -2.463745 0.821589
v -0.000000 -2.463745 0.861886
v 0.311916 -2.463745 0.821589
v 0.593178 -2.463745 0.704855
v 0.816561 -2.463745 0.523777
v 0.960736 -2.463745 0.295791
v 1.011411 -2.463745 0.042809
v 0.840906 -2.360594 -0.477612
v 0.988255 -2.360594 -0.233457
v 0.611096 -2.360594 -0.671999
v 0.321342 -2.360594 -0.797198
v 0.000000 -2.360594 -0.840288
v -0.321342 -2.360594 -0.797198
v -0.611096 -2.360594 -0.671999
v -0.840906 -2.360594 -0.477612
v -0.988255 -2.360594 -0.233457
v -1.038666 -2.360594 0.036466
v -0.987403 -2.360594 0.305947
v -0.839935 -2.360594 0.549154
v -0.610513 -2.360594 0.742645
v -0.321206 -2.360594 0.867480
v -0.000000 -2.360594 0.910536
v 0.321206 -2.360594 0.867480
v 0.610513 -2.360594 0.742645
v 0.839935 -2.360594 0.549154
v 0.987403 -2.360594 0.305947
v 1.038666 -2.360594 0.036466
v 0.843009 -2.248825 -0.503953
v 0.990713 -2.248825 -0.250837
v 0.612781 -2.248825 -0.705756
v 0.322320 -2.248825 -0.835962
v 0.000000 -2.248825 -0.880938
v -0.322320 -2.248825 -0.835962
v -0.612781 -2.248825 -0.705756
v -0.843009 -2.248825 -0.503953
v -0.990712 -2.248825 -0.250837
v -1.041833 -2.248825 0.028872
v -0.991401 -2.248825 0.308560
v -0.843987 -2.248825 0.561480
v -0.614121 -2.248825 0.763297
v -0.323284 -2.248825 0.893740
v -0.000000 -2.248825 0.938815
v 0.323284 -2.248825 0.893740
v 0.614121 -2.248825 0.763297
v 0.843987 -2.248825 0.561480
v 0.991400 -2.248825 0.308560
v 1.041833 -2.248825 0.028872
v 0.987542 -2.128750 -0.263379
v 0.840243 -2.128750 -0.521515
v 0.836361 -2.035204 -0.522526
v 0.983085 -2.035204 -0.266822
v 0.610689 -2.128750 -0.727074
v 0.607781 -2.035204 -0.725686
v 0.321166 -2.128750 -0.859479
v 0.319576 -2.035204 -0.856288
v 0.000000 -2.128750 -0.905078
v 0.000000 -2.035204 -0.901210
v -0.321166 -2.128750 -0.859478
v -0.319576 -2.035204 -0.856288
v -0.610689 -2.128750 -0.727074
v -0.607781 -2.035204 -0.725686
v -0.840242 -2.128750 -0.521515
v -0.836361 -2.035204 -0.522526
v -0.987542 -2.128750 -0.263379
v -0.983085 -2.035204 -0.266821
v -1.038428 -2.128750 0.022211
v -1.033657 -2.035204 0.016372
v -0.987936 -2.128750 0.307727
v -0.983220 -2.035204 0.299554
v -0.840843 -2.128750 0.565617
v -0.836593 -2.035204 0.555105
v -0.611544 -2.128750 0.771108
v -0.608013 -2.035204 0.758086
v -0.321785 -2.128750 0.903429
v -0.319733 -2.035204 0.888508
v -0.000000 -2.128750 0.949188
v -0.000000 -2.035204 0.933330
v 0.321785 -2.128750 0.903429
v 0.319733 -2.035204 0.888508
v 0.611544 -2.128750 0.771108
v 0.608013 -2.035204 0.758086
v 0.840843 -2.128750 0.565617
v 0.836593 -2.035204 0.555104
v 0.987936 -2.128750 0.307727
v 0.983220 -2.035204 0.299554
v 1.038428 -2.128750 0.022211
v 1.033656 -2.035204 0.016372
v 0.000000 -2.781549 -0.002357
v -0.298584 -1.832533 0.826129
v -0.000000 -1.832533 0.867040
v 0.298584 -1.832533 0.815720
v 0.567919 -1.832533 0.706585
v 0.781636 -1.832533 0.520526
v 0.918834 -1.832533 0.286228
v 0.966120 -1.832533 0.012334
v 0.918835 -1.832533 -0.249799
v 0.781637 -1.832533 -0.484183
v 0.567919 -1.832533 -0.670235
v 0.298584 -1.832533 -0.789734
v 0.000000 -1.832533 -0.830921
v -0.298584 -1.832533 -0.789734
v -0.567919 -1.832533 -0.670235
v -0.781637 -1.832533 -0.484183
v -0.918835 -1.832533 -0.249799
v -0.966120 -1.832533 0.012334
v -0.918835 -1.832533 0.286228
v -0.781637 -1.832533 0.520526
v -0.567919 -1.832533 0.706641
v -0.253913 -1.436285 0.705977
v -0.482970 -1.433605 0.616748
v -0.664752 -1.422260 0.491555
v -0.781462 -1.391225 0.303536
v -0.821678 -1.330237 0.019448
v -0.781462 -1.375170 -0.260408
v -0.664752 -1.419108 -0.454880
v -0.482970 -1.431804 -0.580965
v -0.253913 -1.435999 -0.665436
v -0.000000 -1.436285 -0.698421
v 0.253913 -1.435999 -0.665436
v 0.482971 -1.431804 -0.580965
v 0.664752 -1.419108 -0.454880
v 0.781463 -1.375170 -0.260409
v 0.821678 -1.330237 0.019448
v 0.781462 -1.391225 0.303536
v 0.664752 -1.422260 0.491555
v 0.482970 -1.433087 0.605507
v 0.253912 -1.436041 0.668719
v -0.000000 -1.414612 0.727967
v -0.275247 -1.619256 0.808539
v -0.523552 -1.619256 0.700868
v -0.720604 -1.582912 0.522049
v -0.847121 -1.572651 0.320645
v -0.890715 -1.564488 0.030363
v -0.847121 -1.568852 -0.252226
v -0.720604 -1.579196 -0.460086
v -0.523552 -1.586708 -0.613212
v -0.275248 -1.586928 -0.720289
v 0.000000 -1.586928 -0.757389
v 0.275248 -1.586928 -0.720289
v 0.523552 -1.586708 -0.613212
v 0.720604 -1.579196 -0.460086
v 0.847121 -1.568852 -0.252226
v 0.890715 -1.564488 0.030363
v 0.847121 -1.572651 0.320645
v 0.720604 -1.582912 0.522049
v 0.523552 -1.619256 0.690706
v 0.275247 -1.619256 0.770255
v -0.000000 -1.536198 0.763415
v 0.276907 -1.633924 0.770243
v -0.000000 -1.574806 0.773641
v -0.276907 -1.633924 0.807757
v -0.526708 -1.633924 0.699406
v -0.724948 -1.598115 0.518056
v -0.852227 -1.588667 0.318532
v -0.896085 -1.580888 0.029136
v -0.852227 -1.585089 -0.251571
v -0.724948 -1.594912 -0.460402
v -0.526708 -1.601596 -0.616331
v -0.276907 -1.601596 -0.724673
v 0.000000 -1.601596 -0.762005
v 0.276907 -1.601596 -0.724673
v 0.526708 -1.601596 -0.616331
v 0.724948 -1.594912 -0.460402
v 0.852228 -1.585089 -0.251571
v 0.896084 -1.580888 0.029136
v 0.852227 -1.588667 0.318531
v 0.724948 -1.598115 0.518056
v 0.526708 -1.633924 0.689785
v 0.259515 -1.037764 -0.096998
v 0.220757 -1.042924 -0.181216
v 0.160389 -1.046790 -0.245438
v 0.084322 -1.050047 -0.283675
v -0.000000 -1.050520 -0.297533
v -0.084322 -1.050047 -0.283675
v -0.160389 -1.046790 -0.245438
v -0.220757 -1.042924 -0.181216
v -0.259515 -1.037764 -0.096997
v -0.272870 -1.035801 -0.000000
v -0.259515 -1.037764 0.096997
v -0.220757 -1.042924 0.181216
v -0.160389 -1.046790 0.245438
v -0.084321 -1.050047 0.283675
v -0.000000 -1.050520 0.297533
v 0.084321 -1.050047 0.283675
v 0.160389 -1.046790 0.245438
v 0.220756 -1.042924 0.181216
v 0.259515 -1.037764 0.096997
v 0.272870 -1.035801 -0.000000
v 0.259515 -0.934919 -0.096998
v 0.220757 -0.940078 -0.181216
v 0.160389 -0.943944 -0.245438
v 0.084322 -0.947201 -0.283675
v -0.000000 -0.947675 -0.297533
v -0.084322 -0.947201 -0.283675
v -0.160389 -0.943944 -0.245438
v -0.220757 -0.940078 -0.181216
v -0.259515 -0.934919 -0.096997
v -0.272870 -0.932955 -0.000000
v -0.259515 -0.934919 0.096997
v -0.220757 -0.940078 0.181216
v -0.160389 -0.943944 0.245438
v -0.084321 -0.947201 0.283675
v -0.000000 -0.947675 0.297533
v 0.084321 -0.947201 0.283675
v 0.160389 -0.943944 0.245438
v 0.220756 -0.940078 0.181216
v 0.259515 -0.934919 0.096997
v 0.272870 -0.932955 -0.000000
v 1.010621 -2.035204 -0.275170
v 0.859805 -2.035204 -0.538386
v 0.837086 -1.832533 -0.519934
v 0.984017 -1.832533 -0.268923
v 0.624823 -2.035204 -0.747521
v 0.608207 -1.832533 -0.719184
v 0.328549 -2.035204 -0.881943
v 0.319765 -1.832533 -0.847161
v 0.000000 -2.035204 -0.928204
v 0.000000 -1.832533 -0.891270
v -0.328549 -2.035204 -0.881943
v -0.319765 -1.832533 -0.847161
v -0.624823 -2.035204 -0.747521
v -0.608207 -1.832533 -0.719184
v -0.859805 -2.035204 -0.538386
v -0.837086 -1.832533 -0.519934
v -1.010621 -2.035204 -0.275170
v -0.984017 -1.832533 -0.268923
v -1.062611 -2.035204 0.016341
v -1.034657 -1.832533 0.010464
v -1.010787 -2.035204 0.307823
v -0.984017 -1.832533 0.301474
v -0.860111 -2.035204 0.570847
v -0.837086 -1.832533 0.552512
v -0.625117 -2.035204 0.779707
v -0.608207 -1.832533 0.751880
v -0.328747 -2.035204 0.913902
v -0.319765 -1.832533 0.879964
v -0.000000 -2.035204 0.960020
v -0.000000 -1.832533 0.923987
v 0.328747 -2.035204 0.913902
v 0.319765 -1.832533 0.870157
v 0.625117 -2.035204 0.779707
v 0.608207 -1.832533 0.751880
v 0.860111 -2.035204 0.570847
v 0.837086 -1.832533 0.552512
v 1.010786 -2.035204 0.307822
v 0.984017 -1.832533 0.301474
v 1.062611 -2.035204 0.016341
v 1.034656 -1.832533 0.010464
vt 0.000000 0.050000
vt 0.050000 0.050000
vt 0.100000 0.050000
vt 0.150000 0.050000
vt 0.200000 0.050000
vt 0.250000 0.050000
vt 0.300000 0.050000
vt 0.350000 0.050000
vt 0.400000 0.050000
vt 0.450000 0.050000
vt 0.500000 0.050000
vt 0.550000 0.050000
vt 0.600000 0.050000
vt 0.650000 0.050000
vt 0.700000 0.050000
vt 0.750000 0.050000
vt 0.800000 0.050000
vt 0.850000 0.050000
vt 0.900000 0.050000
vt 0.950000 0.050000
vt 1.000000 0.050000
vt 0.000000 0.100000
vt 0.050000 0.100000
vt 0.100000 0.100000
vt 0.150000 0.100000
vt 0.200000 0.100000
vt 0.250000 0.100000
vt 0.300000 0.100000
vt 0.350000 0.100000
vt 0.400000 0.100000
vt 0.450000 0.100000
vt 0.500000 0.100000
vt 0.550000 0.100000
vt 0.600000 0.100000
vt 0.650000 0.100000
vt 0.700000 0.100000
vt 0.750000 0.100000
vt 0.800000 0.100000
vt 0.850000 0.100000
vt 0.900000 0.100000
vt 0.950000 0.100000
vt 1.000000 0.100000
vt 0.000000 0.150000
vt 0.050000 0.150000
vt 0.100000 0.150000
vt 0.150000 0.150000
vt 0.200000 0.150000
vt 0.250000 0.150000
vt 0.300000 0.150000
vt 0.350000 0.150000
vt 0.400000 0.150000
vt 0.450000 0.150000
vt 0.500000 0.150000
vt 0.550000 0.150000
vt 0.600000 0.150000
vt 0.650000 0.150000
vt 0.700000 0.150000
vt 0.750000 0.150000
vt 0.800000 0.150000
vt 0.850000 0.150000
vt 0.900000 0.150000
vt 0.950000 0.150000
vt 1.000000 0.150000
vt 0.000000 0.200000
vt 0.050000 0.200000
vt 0.100000 0.200000
vt 0.150000 0.200000
vt 0.200000 0.200000
vt 0.250000 0.200000
vt 0.300000 0.200000
vt 0.350000 0.200000
vt 0.400000 0.200000
vt 0.450000 0.200000
vt 0.500000 0.200000
vt 0.550000 0.200000
vt 0.600000 0.200000
vt 0.650000 0.200000
vt 0.700000 0.200000
vt 0.750000 0.200000
vt 0.800000 0.200000
vt 0.850000 0.200000
vt 0.900000 0.200000
vt 0.950000 0.200000
vt 1.000000 0.200000
vt 0.000000 0.250000
vt 0.050000 0.250000
vt 0.100000 0.250000
vt 0.150000 0.250000
vt 0.200000 0.250000
vt 0.250000 0.250000
vt 0.300000 0.250000
vt 0.350000 0.250000
vt 0.400000 0.250000
vt 0.450000 0.250000
vt 0.500000 0.250000
vt 0.550000 0.250000
vt 0.600000 0.250000
vt 0.650000 0.250000
vt 0.700000 0.250000
vt 0.750000 0.250000
vt 0.800000 0.250000
vt 0.850000 0.250000
vt 0.900000 0.250000
vt 0.950000 0.250000
vt 1.000000 0.250000
vt 0.000000 0.300000
vt 0.050000 0.300000
vt 0.100000 0.300000
vt 0.150000 0.300000
vt 0.200000 0.300000
vt 0.250000 0.300000
vt 0.300000 0.300000
vt 0.350000 0.300000
vt 0.400000 0.300000
vt 0.450000 0.300000
vt 0.500000 0.300000
vt 0.550000 0.300000
vt 0.600000 0.300000
vt 0.650000 0.300000
vt 0.700000 0.300000
vt 0.750000 0.300000
vt 0.800000 0.300000
vt 0.850000 0.300000
vt 0.900000 0.300000
vt 0.950000 0.300000
vt 1.000000 0.300000
vt 0.000000 0.350000
vt 0.050000 0.350000
vt 0.100000 0.350000
vt 0.150000 0.350000
vt 0.200000 0.350000
vt 0.250000 0.350000
vt 0.300000 0.350000
vt 0.350000 0.350000
vt 0.400000 0.350000
vt 0.450000 0.350000
vt 0.500000 0.350000
vt 0.550000 0.350000
vt 0.600000 0.350000
vt 0.650000 0.350000
vt 0.700000 0.350000
vt 0.750000 0.350000
vt 0.800000 0.350000
vt 0.850000 0.350000
vt 0.900000 0.350000
vt 0.950000 0.350000
vt 1.000000 0.350000
vt 0.000000 0.400000
vt 0.050000 0.400000
vt 0.100000 0.400000
vt 0.150000 0.400000
vt 0.200000 0.400000
vt 0.250000 0.400000
vt 0.300000 0.400000
vt 0.350000 0.400000
vt 0.400000 0.400000
vt 0.450000 0.400000
vt 0.500000 0.400000
vt 0.550000 0.400000
vt 0.600000 0.400000
vt 0.650000 0.400000
vt 0.700000 0.400000
vt 0.750000 0.400000
vt 0.800000 0.400000
vt 0.850000 0.400000
vt 0.900000 0.400000
vt 0.950000 0.400000
vt 1.000000 0.400000
vt 0.000000 0.450000
vt 0.050000 0.450000
vt 0.100000 0.450000
vt 0.150000 0.450000
vt 0.200000 0.450000
vt 0.250000 0.450000
vt 0.300000 0.450000
vt 0.350000 0.450000
vt 0.400000 0.450000
vt 0.450000 0.450000
vt 0.500000 0.450000
vt 0.550000 0.450000
vt 0.600000 0.450000
vt 0.650000 0.450000
vt 0.700000 0.450000
vt 0.750000 0.450000
vt 0.800000 0.450000
vt 0.850000 0.450000
vt 0.900000 0.450000
vt 0.950000 0.450000
vt 1.000000 0.450000
vt 0.000000 0.500000
vt 0.050000 0.500000
vt 0.100000 0.500000
vt 0.150000 0.500000
vt 0.200000 0.500000
vt 0.250000 0.500000
vt 0.300000 0.500000
vt 0.350000 0.500000
vt 0.400000 0.500000
vt 0.450000 0.500000
vt 0.500000 0.500000
vt 0.550000 0.500000
vt 0.600000 0.500000
vt 0.650000 0.500000
vt 0.700000 0.500000
vt 0.750000 0.500000
vt 0.800000 0.500000
vt 0.850000 0.500000
vt 0.900000 0.500000
vt 0.950000 0.500000
vt 1.000000 0.500000
vt 0.000000 0.550000
vt 0.050000 0.550000
vt 0.100000 0.550000
vt 0.150000 0.550000
vt 0.200000 0.550000
vt 0.250000 0.550000
vt 0.300000 0.550000
vt 0.350000 0.550000
vt 0.400000 0.550000
vt 0.450000 0.550000
vt 0.500000 0.550000
vt 0.550000 0.550000
vt 0.600000 0.550000
vt 0.650000 0.550000
vt 0.700000 0.550000
vt 0.750000 0.550000
vt 0.800000 0.550000
vt 0.850000 0.550000
vt 0.900000 0.550000
vt 0.950000 0.550000
vt 1.000000 0.550000
vt 0.000000 0.600000
vt 0.050000 0.600000
vt 0.100000 0.600000
vt 0.150000 0.600000
vt 0.200000 0.600000
vt 0.250000 0.600000
vt 0.300000 0.600000
vt 0.350000 0.600000
vt 0.400000 0.600000
vt 0.450000 0.600000
vt 0.500000 0.600000
vt 0.550000 0.600000
vt 0.600000 0.600000
vt 0.650000 0.600000
vt 0.700000 0.600000
vt 0.750000 0.600000
vt 0.800000 0.600000
vt 0.850000 0.600000
vt 0.900000 0.600000
vt 0.950000 0.600000
vt 1.000000 0.600000
vt 0.000000 0.650000
vt 0.050000 0.650000
vt 0.100000 0.650000
vt 0.150000 0.650000
vt 0.200000 0.650000
vt 0.250000 0.650000
vt 0.300000 0.650000
vt 0.350000 0.650000
vt 0.400000 0.650000
vt 0.450000 0.650000
vt 0.500000 0.650000
vt 0.550000 0.650000
vt 0.600000 0.650000
vt 0.650000 0.650000
vt 0.700000 0.650000
vt 0.750000 0.650000
vt 0.800000 0.650000
vt 0.850000 0.650000
vt 0.900000 0.650000
vt 0.950000 0.650000
vt 1.000000 0.650000
vt 0.000000 0.700000
vt 0.050000 0.700000
vt 0.100000 0.700000
vt 0.150000 0.700000
vt 0.200000 0.700000
vt 0.250000 0.700000
vt 0.300000 0.700000
vt 0.350000 0.700000
vt 0.400000 0.700000
vt 0.450000 0.700000
vt 0.500000 0.700000
vt 0.550000 0.700000
vt 0.600000 0.700000
vt 0.650000 0.700000
vt 0.700000 0.700000
vt 0.750000 0.700000
vt 0.800000 0.700000
vt 0.850000 0.700000
vt 0.900000 0.700000
vt 0.950000 0.700000
vt 1.000000 0.700000
vt 0.000000 0.750000
vt 0.050000 0.750000
vt 0.100000 0.750000
vt 0.150000 0.750000
vt 0.200000 0.750000
vt 0.250000 0.750000
vt 0.300000 0.750000
vt 0.350000 0.750000
vt 0.400000 0.750000
vt 0.450000 0.750000
vt 0.500000 0.750000
vt 0.550000 0.750000
vt 0.600000 0.750000
vt 0.650000 0.750000
vt 0.700000 0.750000
vt 0.750000 0.750000
vt 0.800000 0.750000
vt 0.850000 0.750000
vt 0.900000 0.750000
vt 0.950000 0.750000
vt 1.000000 0.750000
vt 0.000000 0.800000
vt 0.050000 0.800000
vt 0.100000 0.800000
vt 0.150000 0.800000
vt 0.200000 0.800000
vt 0.250000 0.800000
vt 0.300000 0.800000
vt 0.350000 0.800000
vt 0.400000 0.800000
vt 0.450000 0.800000
vt 0.500000 0.800000
vt 0.550000 0.800000
vt 0.600000 0.800000
vt 0.650000 0.800000
vt 0.700000 0.800000
vt 0.750000 0.800000
vt 0.800000 0.800000
vt 0.850000 0.800000
vt 0.900000 0.800000
vt 0.950000 0.800000
vt 1.000000 0.800000
vt 0.000000 0.850000
vt 0.050000 0.850000
vt 0.100000 0.850000
vt 0.150000 0.850000
vt 0.200000 0.850000
vt 0.250000 0.850000
vt 0.300000 0.850000
vt 0.350000 0.850000
vt 0.400000 0.850000
vt 0.450000 0.850000
vt 0.500000 0.850000
vt 0.550000 0.850000
vt 0.600000 0.850000
vt 0.650000 0.850000
vt 0.700000 0.850000
vt 0.750000 0.850000
vt 0.800000 0.850000
vt 0.850000 0.850000
vt 0.900000 0.850000
vt 0.950000 0.850000
vt 1.000000 0.850000
vt 0.000000 0.900000
vt 0.050000 0.900000
vt 0.100000 0.900000
vt 0.150000 0.900000
vt 0.200000 0.900000
vt 0.250000 0.900000
vt 0.300000 0.900000
vt 0.350000 0.900000
vt 0.400000 0.900000
vt 0.450000 0.900000
vt 0.500000 0.900000
vt 0.550000 0.900000
vt 0.600000 0.900000
vt 0.650000 0.900000
vt 0.700000 0.900000
vt 0.750000 0.900000
vt 0.800000 0.900000
vt 0.850000 0.900000
vt 0.900000 0.900000
vt 0.950000 0.900000
vt 1.000000 0.900000
vt 0.025000 0.000000
vt 0.075000 0.000000
vt 0.125000 0.000000
vt 0.175000 0.000000
vt 0.225000 0.000000
vt 0.275000 0.000000
vt 0.325000 0.000000
vt 0.375000 0.000000
vt 0.425000 0.000000
vt 0.475000 0.000000
vt 0.525000 0.000000
vt 0.575000 0.000000
vt 0.625000 0.000000
vt 0.675000 0.000000
vt 0.725000 0.000000
vt 0.775000 0.000000
vt 0.825000 0.000000
vt 0.875000 0.000000
vt 0.925000 0.000000
vt 0.975000 0.000000
vt 0.650000 0.550000
vt 0.700000 0.550000
vt 0.750000 0.550000
vt 0.800000 0.550000
vt 0.850000 0.550000
vt 0.900000 0.550000
vt 0.950000 0.550000
vt 0.000000 0.550000
vt 1.000000 0.550000
vt 0.050000 0.550000
vt 0.100000 0.550000
vt 0.150000 0.550000
vt 0.200000 0.550000
vt 0.250000 0.550000
vt 0.300000 0.550000
vt 0.350000 0.550000
vt 0.400000 0.550000
vt 0.450000 0.550000
vt 0.500000 0.550000
vt 0.550000 0.550000
vt 0.600000 0.550000
vt 0.650000 0.675000
vt 0.600000 0.675000
vt 0.550000 0.675000
vt 0.500000 0.675000
vt 0.450000 0.675000
vt 0.400000 0.675000
vt 0.350000 0.675000
vt 0.300000 0.675000
vt 0.250000 0.675000
vt 0.200000 0.675000
vt 0.150000 0.675000
vt 0.100000 0.675000
vt 0.050000 0.675000
vt 1.000000 0.675000
vt 0.000000 0.675000
vt 0.950000 0.675000
vt 0.900000 0.675000
vt 0.850000 0.675000
vt 0.800000 0.675000
vt 0.750000 0.675000
vt 0.700000 0.675000
vt 0.650000 0.625000
vt 0.600000 0.625000
vt 0.550000 0.625000
vt 0.500000 0.625000
vt 0.450000 0.625000
vt 0.400000 0.625000
vt 0.350000 0.625000
vt 0.300000 0.625000
vt 0.250000 0.625000
vt 0.200000 0.625000
vt 0.150000 0.625000
vt 0.100000 0.625000
vt 0.050000 0.625000
vt 1.000000 0.625000
vt 0.000000 0.625000
vt 0.950000 0.625000
vt 0.900000 0.625000
vt 0.850000 0.625000
vt 0.800000 0.625000
vt 0.750000 0.625000
vt 0.700000 0.625000
vt 0.750000 0.620436
vt 0.700000 0.620436
vt 0.650000 0.620436
vt 0.600000 0.620436
vt 0.550000 0.620436
vt 0.500000 0.620436
vt 0.450000 0.620436
vt 0.400000 0.620436
vt 0.350000 0.620436
vt 0.300000 0.620436
vt 0.250000 0.620436
vt 0.200000 0.620436
vt 0.150000 0.620436
vt 0.100000 0.620436
vt 0.050000 0.620436
vt 1.000000 0.620436
vt 0.000000 0.620436
vt 0.950000 0.620436
vt 0.900000 0.620436
vt 0.850000 0.620436
vt 0.800000 0.620436
vt 0.000000 0.900000
vt 0.050000 0.900000
vt 0.100000 0.900000
vt 0.150000 0.900000
vt 0.200000 0.900000
vt 0.250000 0.900000
vt 0.300000 0.900000
vt 0.350000 0.900000
vt 0.400000 0.900000
vt 0.450000 0.900000
vt 0.500000 0.900000
vt 0.550000 0.900000
vt 0.600000 0.900000
vt 0.650000 0.900000
vt 0.700000 0.900000
vt 0.750000 0.900000
vt 0.800000 0.900000
vt 0.850000 0.900000
vt 0.900000 0.900000
vt 0.950000 0.900000
vt 1.000000 0.900000
vt 0.000000 0.900000
vt 0.050000 0.900000
vt 0.100000 0.900000
vt 0.150000 0.900000
vt 0.200000 0.900000
vt 0.250000 0.900000
vt 0.300000 0.900000
vt 0.350000 0.900000
vt 0.400000 0.900000
vt 0.450000 0.900000
vt 0.500000 0.900000
vt 0.550000 0.900000
vt 0.600000 0.900000
vt 0.650000 0.900000
vt 0.700000 0.900000
vt 0.750000 0.900000
vt 0.800000 0.900000
vt 0.850000 0.900000
vt 0.900000 0.900000
vt 0.950000 0.900000
vt 1.000000 0.900000
vt 0.000000 0.500000
vt 0.050000 0.500000
vt 0.050000 0.550000
vt 0.000000 0.550000
vt 0.100000 0.500000
vt 0.100000 0.550000
vt 0.150000 0.500000
vt 0.150000 0.550000
vt 0.200000 0.500000
vt 0.200000 0.550000
vt 0.250000 0.500000
vt 0.250000 0.550000
vt 0.300000 0.500000
vt 0.300000 0.550000
vt 0.350000 0.500000
vt 0.350000 0.550000
vt 0.400000 0.500000
vt 0.400000 0.550000
vt 0.450000 0.500000
vt 0.450000 0.550000
vt 0.500000 0.500000
vt 0.500000 0.550000
vt 0.550000 0.500000
vt 0.550000 0.550000
vt 0.600000 0.500000
vt 0.600000 0.550000
vt 0.650000 0.500000
vt 0.650000 0.550000
vt 0.700000 0.500000
vt 0.700000 0.550000
vt 0.750000 0.500000
vt 0.750000 0.550000
vt 0.800000 0.500000
vt 0.800000 0.550000
vt 0.850000 0.500000
vt 0.850000 0.550000
vt 0.900000 0.500000
vt 0.900000 0.550000
vt 0.950000 0.500000
vt 0.950000 0.550000
vt 1.000000 0.500000
vt 1.000000 0.550000
vn 0.124536 -0.991212 -0.044605
vn 0.106585 -0.990227 -0.089951
vn 0.163920 -0.975753 -0.145039
vn 0.187858 -0.979547 -0.072096
vn 0.077921 -0.988916 -0.126386
vn 0.121986 -0.970793 -0.206591
vn 0.040846 -0.987846 -0.149970
vn 0.064874 -0.966399 -0.248724
vn -0.000000 -0.987374 -0.158404
vn 0.000000 -0.964710 -0.263315
vn -0.040846 -0.987846 -0.149970
vn -0.064874 -0.966399 -0.248724
vn -0.077921 -0.988916 -0.126387
vn -0.121986 -0.970793 -0.206591
vn -0.106585 -0.990227 -0.089951
vn -0.163920 -0.975753 -0.145039
vn -0.124536 -0.991212 -0.044605
vn -0.187858 -0.979547 -0.072095
vn -0.130180 -0.991486 0.003114
vn -0.192642 -0.981267 0.001815
vn -0.123504 -0.991245 0.046698
vn -0.181349 -0.980967 0.069400
vn -0.105493 -0.990635 0.086681
vn -0.154810 -0.979224 0.130978
vn -0.076527 -0.989869 0.119594
vn -0.113295 -0.976787 0.181799
vn -0.040545 -0.989225 0.140679
vn -0.060369 -0.974840 0.214574
vn 0.000000 -0.988988 0.147996
vn 0.000000 -0.974068 0.226257
vn 0.040545 -0.989225 0.140679
vn 0.060369 -0.974840 0.214574
vn 0.076527 -0.989869 0.119594
vn 0.113295 -0.976787 0.181799
vn 0.105493 -0.990635 0.086682
vn 0.154810 -0.979223 0.130978
vn 0.123504 -0.991245 0.046698
vn 0.181349 -0.980967 0.069400
vn 0.130180 -0.991486 0.003114
vn 0.192642 -0.981267 0.001815
vn 0.230522 -0.949639 -0.212239
vn 0.259897 -0.959816 -0.105858
vn 0.173112 -0.936989 -0.303454
vn 0.092676 -0.926426 -0.364893
vn -0.000000 -0.922329 -0.386406
vn -0.092676 -0.926426 -0.364893
vn -0.173112 -0.936989 -0.303454
vn -0.230522 -0.949639 -0.212239
vn -0.259897 -0.959816 -0.105858
vn -0.262667 -0.964887 0.000250
vn -0.244730 -0.964703 0.097241
vn -0.208529 -0.960502 0.184258
vn -0.153556 -0.954458 0.255793
vn -0.082266 -0.949133 0.303939
vn -0.000000 -0.946999 0.321238
vn 0.082266 -0.949133 0.303939
vn 0.153556 -0.954458 0.255793
vn 0.208529 -0.960502 0.184258
vn 0.244730 -0.964703 0.097241
vn 0.262667 -0.964887 0.000250
vn 0.326107 -0.896546 -0.299765
vn 0.376190 -0.913644 -0.154062
vn 0.239001 -0.877143 -0.416532
vn 0.125816 -0.862323 -0.490478
vn -0.000000 -0.856907 -0.515471
vn -0.125817 -0.862323 -0.490478
vn -0.239001 -0.877143 -0.416532
vn -0.326108 -0.896546 -0.299766
vn -0.376190 -0.913644 -0.154063
vn -0.385072 -0.922886 0.000536
vn -0.356917 -0.922719 0.145603
vn -0.298787 -0.915204 0.270422
vn -0.216092 -0.904265 0.368252
vn -0.114002 -0.894691 0.431893
vn -0.000000 -0.890778 0.454438
vn 0.114002 -0.894691 0.431893
vn 0.216092 -0.904265 0.368252
vn 0.298787 -0.915204 0.270422
vn 0.356917 -0.922719 0.145603
vn 0.385072 -0.922886 0.000537
vn 0.473903 -0.771313 -0.424844
vn 0.579141 -0.782087 -0.230078
vn 0.327970 -0.762257 -0.558033
vn 0.166092 -0.757024 -0.631924
vn -0.000000 -0.755392 -0.655274
vn -0.166092 -0.757024 -0.631924
vn -0.327970 -0.762257 -0.558033
vn -0.473903 -0.771313 -0.424844
vn -0.579140 -0.782087 -0.230079
vn -0.613877 -0.789390 0.004392
vn -0.567976 -0.789317 0.233199
vn -0.460553 -0.783300 0.417531
vn -0.319251 -0.775475 0.544718
vn -0.162589 -0.769341 0.617803
vn -0.000000 -0.767055 0.641582
vn 0.162589 -0.769340 0.617803
vn 0.319251 -0.775475 0.544718
vn 0.460554 -0.783300 0.417531
vn 0.567976 -0.789317 0.233199
vn 0.613877 -0.789389 0.004393
vn 0.640913 -0.522983 -0.561889
vn 0.813219 -0.488474 -0.316337
vn 0.427513 -0.558785 -0.710627
vn 0.210938 -0.584111 -0.783785
vn -0.000000 -0.593035 -0.805177
vn -0.210938 -0.584111 -0.783785
vn -0.427513 -0.558786 -0.710627
vn -0.640913 -0.522983 -0.561889
vn -0.813218 -0.488474 -0.316337
vn -0.882830 -0.469651 0.006277
vn -0.816655 -0.474130 0.329051
vn -0.648463 -0.496100 0.577392
vn -0.436752 -0.522449 0.732322
vn -0.217239 -0.542142 0.811720
vn -0.000000 -0.549260 0.835651
vn 0.217239 -0.542142 0.811720
vn 0.436752 -0.522448 0.732322
vn 0.648463 -0.496099 0.577391
vn 0.816656 -0.474130 0.329051
vn 0.882830 -0.469650 0.006278
vn 0.732416 -0.263439 -0.627827
vn 0.917364 -0.186771 -0.351511
vn 0.493755 -0.340638 -0.800107
vn 0.244923 -0.393699 -0.886010
vn -0.000000 -0.412199 -0.911094
vn -0.244924 -0.393699 -0.886010
vn -0.493755 -0.340638 -0.800107
vn -0.732416 -0.263438 -0.627827
vn -0.917364 -0.186770 -0.351512
vn -0.989522 -0.144365 0.002173
vn -0.921157 -0.154705 0.357122
vn -0.741366 -0.205111 0.638988
vn -0.505037 -0.265713 0.821179
vn -0.252698 -0.310731 0.916292
vn -0.000000 -0.326890 0.945063
vn 0.252698 -0.310730 0.916292
vn 0.505037 -0.265713 0.821178
vn 0.741366 -0.205110 0.638988
vn 0.921157 -0.154704 0.357122
vn 0.989522 -0.144365 0.002174
vn 0.761696 -0.120676 -0.636598
vn 0.935228 -0.047755 -0.350811
vn 0.525064 -0.193972 -0.828663
vn 0.264825 -0.244686 -0.932736
vn -0.000000 -0.262383 -0.964964
vn -0.264826 -0.244685 -0.932736
vn -0.525065 -0.193971 -0.828663
vn -0.761696 -0.120676 -0.636597
vn -0.935228 -0.047754 -0.350812
vn -0.999986 -0.005127 -0.000865
vn -0.936644 -0.009164 0.350162
vn -0.766650 -0.050261 0.640095
vn -0.532539 -0.102884 0.840129
vn -0.270234 -0.143086 0.952103
vn -0.000000 -0.157696 0.987488
vn 0.270234 -0.143086 0.952103
vn 0.532540 -0.102884 0.840129
vn 0.766650 -0.050261 0.640094
vn 0.936644 -0.009164 0.350162
vn 0.999987 -0.005127 -0.000864
vn 0.937295 0.005588 -0.348491
vn 0.769581 -0.032513 -0.637720
vn 0.739232 -0.293526 -0.606118
vn 0.896595 -0.292599 -0.332421
vn 0.536938 -0.065559 -0.841071
vn 0.520595 -0.285359 -0.804705
vn 0.273751 -0.086246 -0.957926
vn 0.267649 -0.275526 -0.923282
vn -0.000000 -0.093054 -0.995661
vn -0.000000 -0.271118 -0.962546
vn -0.273751 -0.086246 -0.957926
vn -0.267649 -0.275526 -0.923282
vn -0.536938 -0.065559 -0.841070
vn -0.520596 -0.285359 -0.804705
vn -0.769582 -0.032513 -0.637720
vn -0.739232 -0.293526 -0.606118
vn -0.937295 0.005587 -0.348492
vn -0.896594 -0.292599 -0.332422
vn -0.999348 0.036093 -0.001159
vn -0.960399 -0.278547 -0.006710
vn -0.936764 0.048883 0.346531
vn -0.911392 -0.252493 0.324980
vn -0.769775 0.045609 0.636684
vn -0.760412 -0.218538 0.611568
vn -0.538016 0.036072 0.842162
vn -0.538806 -0.183182 0.822273
vn -0.274673 0.028246 0.961123
vn -0.277493 -0.155989 0.947979
vn -0.000000 0.025413 0.999677
vn 0.000000 -0.145512 0.989357
vn 0.274673 0.028246 0.961123
vn 0.277494 -0.155989 0.947979
vn 0.538017 0.036072 0.842162
vn 0.538806 -0.183182 0.822273
vn 0.769775 0.045609 0.636684
vn 0.760412 -0.218539 0.611568
vn 0.936764 0.048882 0.346531
vn 0.911392 -0.252493 0.324980
vn 0.999348 0.036093 -0.001158
vn 0.960399 -0.278546 -0.006709
vn 0.938295 0.005822 -0.345786
vn 0.769810 0.017809 -0.638024
vn 0.712601 0.385617 -0.586089
vn 0.865111 0.386544 -0.319635
vn 0.536323 0.036958 -0.843204
vn 0.498185 0.389462 -0.774682
vn 0.273037 0.052762 -0.960556
vn 0.254231 0.393720 -0.883375
vn 0.000000 0.058653 -0.998278
vn 0.000000 0.395460 -0.918483
vn -0.273037 0.052762 -0.960555
vn -0.254232 0.393719 -0.883375
vn -0.536323 0.036958 -0.843203
vn -0.498185 0.389461 -0.774682
vn -0.769810 0.017809 -0.638024
vn -0.712601 0.385617 -0.586089
vn -0.938295 0.005822 -0.345787
vn -0.865111 0.386544 -0.319636
vn -0.999969 0.007355 0.002917
vn -0.919582 0.392887 -0.002921
vn -0.939501 0.010429 0.342386
vn -0.866060 0.387117 0.316354
vn -0.769821 0.018463 0.637993
vn -0.714885 0.378090 0.588207
vn -0.536336 0.036217 0.843227
vn -0.500363 0.378229 0.778832
vn -0.272939 0.050449 0.960708
vn -0.255402 0.379841 0.889095
vn 0.007544 0.067861 0.997666
vn 0.007205 0.388868 0.921265
vn 0.271593 0.072819 0.959653
vn 0.253671 0.402055 0.879774
vn 0.530359 0.047421 0.846446
vn 0.493691 0.384440 0.780048
vn 0.769821 0.018463 0.637993
vn 0.714876 0.378118 0.588200
vn 0.939502 0.010429 0.342386
vn 0.866060 0.387117 0.316354
vn 0.999969 0.007355 0.002918
vn 0.919582 0.392888 -0.002920
vn 0.913018 0.244837 -0.326270
vn 0.738934 0.244056 -0.628024
vn 0.738675 0.233118 -0.632467
vn 0.911719 0.242109 -0.331892
vn 0.507396 0.264598 -0.820084
vn 0.507890 0.255630 -0.822618
vn 0.257726 0.277426 -0.925534
vn 0.259581 0.270514 -0.927060
vn 0.000000 0.280457 -0.959867
vn 0.000000 0.272085 -0.962273
vn -0.257726 0.277426 -0.925534
vn -0.259581 0.270514 -0.927060
vn -0.507396 0.264598 -0.820084
vn -0.507890 0.255630 -0.822618
vn -0.738934 0.244055 -0.628024
vn -0.738676 0.233118 -0.632467
vn -0.913018 0.244836 -0.326272
vn -0.911718 0.242109 -0.331892
vn -0.969731 0.244095 -0.006296
vn -0.968870 0.247558 0.002513
vn -0.924099 0.220094 0.312410
vn -0.916130 0.209776 0.341615
vn -0.739142 0.216525 0.637798
vn -0.750992 0.164453 0.639504
vn -0.522007 0.234309 0.820127
vn -0.543193 0.139842 0.827880
vn -0.228933 0.289967 0.929252
vn -0.207149 0.177495 0.962073
vn 0.034888 0.373743 0.926876
vn 0.046474 0.262228 0.963886
vn 0.225454 0.361625 0.904654
vn 0.219196 0.242399 0.945090
vn 0.485019 0.284850 0.826812
vn 0.508297 0.183713 0.841358
vn 0.734883 0.224440 0.639979
vn 0.746426 0.171318 0.643038
vn 0.924099 0.220093 0.312410
vn 0.916130 0.209776 0.341615
vn 0.969731 0.244095 -0.006295
vn 0.968870 0.247558 0.002514
vn 0.720573 0.255431 -0.644615
vn 0.901260 0.282756 -0.328298
vn 0.492835 0.280989 -0.823504
vn 0.254286 0.301513 -0.918928
vn -0.000000 0.299950 -0.953955
vn -0.254286 0.301513 -0.918928
vn -0.492835 0.280989 -0.823504
vn -0.720574 0.255432 -0.644615
vn -0.901260 0.282756 -0.328299
vn -0.953668 0.300826 0.004602
vn -0.911204 0.232990 0.339738
vn -0.750070 0.060566 0.658579
vn -0.531994 -0.108869 0.839720
vn -0.087636 -0.020554 0.995941
vn 0.066876 0.085939 0.994053
vn 0.145003 0.007467 0.989403
vn 0.483855 -0.090464 0.870460
vn 0.741975 0.064837 0.667285
vn 0.911204 0.232991 0.339738
vn 0.953668 0.300826 0.004603
vn 0.904463 0.286380 -0.316122
vn 0.705516 0.270559 -0.655015
vn 0.675868 0.330423 -0.658804
vn 0.881383 0.335500 -0.332570
vn 0.457972 0.292160 -0.839586
vn 0.424894 0.337683 -0.839902
vn 0.238683 0.339162 -0.909945
vn 0.218419 0.373781 -0.901432
vn 0.000000 0.357367 -0.933964
vn -0.000000 0.396562 -0.918008
vn -0.238683 0.339161 -0.909945
vn -0.218419 0.373782 -0.901432
vn -0.457973 0.292160 -0.839585
vn -0.424894 0.337683 -0.839902
vn -0.705516 0.270559 -0.655015
vn -0.675868 0.330423 -0.658804
vn -0.904463 0.286380 -0.316123
vn -0.881383 0.335500 -0.332571
vn -0.951271 0.308286 0.006564
vn -0.935250 0.353834 0.010465
vn -0.886583 0.331718 0.322387
vn -0.854759 0.393018 0.339005
vn -0.665153 0.374534 0.645985
vn -0.625005 0.451953 0.636480
vn -0.441306 0.432405 0.786304
vn -0.392655 0.504016 0.769278
vn -0.196233 0.445723 0.873398
vn -0.197683 0.529649 0.824860
vn 0.065314 0.417599 0.906281
vn 0.057125 0.524101 0.849738
vn 0.204132 0.441756 0.873603
vn 0.210675 0.505321 0.836819
vn 0.385631 0.433416 0.814518
vn 0.341670 0.490429 0.801711
vn 0.654377 0.375236 0.656497
vn 0.615368 0.450261 0.646983
vn 0.886583 0.331719 0.322387
vn 0.854759 0.393018 0.339005
vn 0.951271 0.308286 0.006565
vn 0.935250 0.353834 0.010466
vn 0.758915 0.530476 -0.377682
vn 0.592906 0.474224 -0.650825
vn 0.462186 0.674157 -0.576105
vn 0.535666 0.766983 -0.353270
vn 0.390497 0.438474 -0.809476
vn 0.334937 0.612136 -0.716314
vn 0.195077 0.423534 -0.884627
vn 0.169612 0.566692 -0.806283
vn -0.000000 0.429126 -0.903245
vn -0.000000 0.551839 -0.833950
vn -0.195077 0.423534 -0.884626
vn -0.169612 0.566692 -0.806283
vn -0.390498 0.438475 -0.809476
vn -0.334938 0.612136 -0.716314
vn -0.592907 0.474224 -0.650825
vn -0.462186 0.674157 -0.576105
vn -0.758915 0.530476 -0.377682
vn -0.535665 0.766983 -0.353270
vn -0.815174 0.579155 0.008444
vn -0.560650 0.828053 0.000236
vn -0.738089 0.558859 0.378023
vn -0.530827 0.773710 0.345825
vn -0.553015 0.554284 0.622048
vn -0.444230 0.700572 0.558443
vn -0.359590 0.554698 0.750337
vn -0.321119 0.653828 0.685122
vn -0.178636 0.569195 0.802563
vn -0.158533 0.615296 0.772190
vn 0.043334 0.569255 0.821019
vn 0.027138 0.581385 0.813176
vn 0.194343 0.515100 0.834807
vn 0.174030 0.568703 0.803922
vn 0.329666 0.519368 0.788402
vn 0.308264 0.624065 0.717994
vn 0.548084 0.548429 0.631529
vn 0.442548 0.696863 0.564387
vn 0.738089 0.558859 0.378023
vn 0.530827 0.773710 0.345825
vn 0.815174 0.579155 0.008445
vn 0.560650 0.828053 0.000236
vn 0.314252 0.843351 -0.435895
vn 0.306394 0.915019 -0.262419
vn 0.259488 0.792825 -0.551448
vn 0.138947 0.753878 -0.642154
vn 0.000000 0.737245 -0.675626
vn -0.138947 0.753878 -0.642154
vn -0.259489 0.792825 -0.551448
vn -0.314252 0.843351 -0.435895
vn -0.306394 0.915019 -0.262419
vn -0.297919 0.954591 -0.000000
vn -0.306380 0.915029 0.262400
vn -0.314186 0.843457 0.435737
vn -0.259383 0.793197 0.550962
vn -0.137933 0.753190 0.643179
vn 0.006688 0.729073 0.684403
vn 0.143127 0.739110 0.658203
vn 0.258485 0.785405 0.562427
vn 0.314183 0.842745 0.437115
vn 0.306380 0.915029 0.262400
vn 0.297919 0.954591 0.000000
vn 0.217096 0.930066 -0.296389
vn 0.209683 0.963525 -0.166292
vn 0.186864 0.901649 -0.390014
vn 0.103764 0.883966 -0.455892
vn -0.000000 0.878341 -0.478035
vn -0.103764 0.883966 -0.455891
vn -0.186864 0.901649 -0.390014
vn -0.217096 0.930066 -0.296390
vn -0.209683 0.963525 -0.166293
vn -0.204934 0.978776 -0.000000
vn -0.209683 0.963525 0.166293
vn -0.217096 0.930066 0.296389
vn -0.186864 0.901649 0.390014
vn -0.103764 0.883966 0.455892
vn 0.000362 0.878164 0.478359
vn 0.103919 0.883554 0.456654
vn 0.186733 0.901511 0.390396
vn 0.217096 0.930066 0.296390
vn 0.209683 0.963525 0.166293
vn 0.204934 0.978776 0.000000
vn 0.187059 0.957413 -0.219930
vn 0.196426 0.973272 -0.118986
vn 0.152993 0.942493 -0.297154
vn 0.084978 0.930723 -0.355716
vn -0.000000 0.926946 -0.375196
vn -0.084978 0.930723 -0.355716
vn -0.152993 0.942493 -0.297154
vn -0.187059 0.957413 -0.219930
vn -0.196427 0.973272 -0.118986
vn -0.200650 0.979663 0.000000
vn -0.196427 0.973272 0.118986
vn -0.187059 0.957413 0.219930
vn -0.152993 0.942493 0.297154
vn -0.084978 0.930723 0.355716
vn 0.000000 0.926946 0.375196
vn 0.084978 0.930723 0.355716
vn 0.152993 0.942493 0.297154
vn 0.187059 0.957413 0.219930
vn 0.196427 0.973272 0.118987
vn 0.200650 0.979663 0.000000
vn 0.000000 -1.000000 0.000083
vn 0.000000 1.000000 -0.000000
vn 0.000000 1.000000 -0.000000
vn 0.000000 1.000000 0.000000
vn 0.000000 1.000000 -0.000000
vn 0.000000 1.000000 -0.000000
vn 0.000000 1.000000 -0.000000
vn 0.000000 1.000000 -0.000000
vn 0.000000 1.000000 -0.000000
vn 0.000000 1.000000 0.000000
vn 0.000000 1.000000 -0.000000
vn 0.000000 1.000000 -0.000000
vn 0.000000 1.000000 0.000000
vn 0.000000 1.000000 -0.000000
vn 0.000000 1.000000 0.000000
vn 0.000000 1.000000 0.000000
vn 0.000000 1.000000 -0.000000
vn 0.000000 1.000000 -0.000000
vn 0.000000 1.000000 0.000000
vn 0.000000 1.000000 0.000000
vn 0.000000 1.000000 0.000000
vn -0.463939 0.334101 0.820449
vn -0.184190 0.351432 0.917916
vn -0.696460 0.280458 0.660521
vn -0.908309 0.272863 0.317051
vn -0.961681 0.274136 0.004271
vn -0.917097 0.253781 -0.307454
vn -0.725220 0.224246 -0.650976
vn -0.479428 0.246092 -0.842371
vn -0.250356 0.288109 -0.924292
vn -0.000000 0.299942 -0.953958
vn 0.250356 0.288109 -0.924292
vn 0.479428 0.246091 -0.842371
vn 0.725219 0.224246 -0.650976
vn 0.917097 0.253782 -0.307453
vn 0.961681 0.274136 0.004272
vn 0.908309 0.272863 0.317051
vn 0.685206 0.282108 0.671497
vn 0.405163 0.338857 0.849129
vn 0.191508 0.353531 0.915609
vn 0.065948 0.362172 0.929775
vn 0.798258 0.247160 -0.549269
vn 0.931892 0.233669 -0.277447
vn 0.571088 0.256496 -0.779787
vn 0.292093 0.261326 -0.919995
vn -0.000001 0.262500 -0.964932
vn -0.292093 0.261326 -0.919995
vn -0.571088 0.256496 -0.779788
vn -0.798258 0.247160 -0.549269
vn -0.931892 0.233669 -0.277447
vn -0.973429 0.228989 0.000000
vn -0.931891 0.233669 0.277448
vn -0.798258 0.247160 0.549269
vn -0.571087 0.256496 0.779788
vn -0.292094 0.261326 0.919995
vn 0.000000 0.262500 0.964932
vn 0.292094 0.261326 0.919995
vn 0.571088 0.256496 0.779787
vn 0.798258 0.247160 0.549269
vn 0.931892 0.233669 0.277447
vn 0.973429 0.228989 0.000001
vn 0.834786 0.000000 -0.550575
vn 0.962127 0.000000 -0.272603
vn 0.604818 0.000000 -0.796364
vn 0.311338 0.000000 -0.950299
vn -0.000001 0.000000 -1.000000
vn -0.311338 0.000000 -0.950299
vn -0.604818 0.000000 -0.796364
vn -0.834786 0.000000 -0.550574
vn -0.962126 0.000000 -0.272604
vn -1.000000 0.000000 0.000000
vn -0.962126 0.000000 0.272604
vn -0.834786 0.000000 0.550575
vn -0.604818 0.000000 0.796364
vn -0.311338 0.000000 0.950299
vn 0.000000 0.000000 1.000000
vn 0.311338 0.000000 0.950299
vn 0.604818 0.000000 0.796364
vn 0.834786 0.000000 0.550575
vn 0.962126 0.000000 0.272604
vn 1.000000 0.000000 0.000001
s 1
g group1 pSphere3
usemtl initialShadingGroup
f 2787/3345/2879 2788/3346/2880 2789/3367/2881 2790/3366/2882
f 2788/3346/2880 2791/3347/2883 2792/3368/2884 2789/3367/2881
f 2791/3347/2883 2793/3348/2885 2794/3369/2886 2792/3368/2884
f 2793/3348/2885 2795/3349/2887 2796/3370/2888 2794/3369/2886
f 2795/3349/2887 2797/3350/2889 2798/3371/2890 2796/3370/2888
f 2797/3350/2889 2799/3351/2891 2800/3372/2892 2798/3371/2890
f 2799/3351/2891 2801/3352/2893 2802/3373/2894 2800/3372/2892
f 2801/3352/2893 2803/3353/2895 2804/3374/2896 2802/3373/2894
f 2803/3353/2895 2805/3354/2897 2806/3375/2898 2804/3374/2896
f 2805/3354/2897 2807/3355/2899 2808/3376/2900 2806/3375/2898
f 2807/3355/2899 2809/3356/2901 2810/3377/2902 2808/3376/2900
f 2809/3356/2901 2811/3357/2903 2812/3378/2904 2810/3377/2902
f 2811/3357/2903 2813/3358/2905 2814/3379/2906 2812/3378/2904
f 2813/3358/2905 2815/3359/2907 2816/3380/2908 2814/3379/2906
f 2815/3359/2907 2817/3360/2909 2818/3381/2910 2816/3380/2908
f 2817/3360/2909 2819/3361/2911 2820/3382/2912 2818/3381/2910
f 2819/3361/2911 2821/3362/2913 2822/3383/2914 2820/3382/2912
f 2821/3362/2913 2823/3363/2915 2824/3384/2916 2822/3383/2914
f 2823/3363/2915 2825/3364/2917 2826/3385/2918 2824/3384/2916
f 2825/3364/2917 2787/3365/2879 2790/3386/2882 2826/3385/2918
f 2790/3366/2882 2789/3367/2881 2827/3388/2919 2828/3387/2920
f 2789/3367/2881 2792/3368/2884 2829/3389/2921 2827/3388/2919
f 2792/3368/2884 2794/3369/2886 2830/3390/2922 2829/3389/2921
f 2794/3369/2886 2796/3370/2888 2831/3391/2923 2830/3390/2922
f 2796/3370/2888 2798/3371/2890 2832/3392/2924 2831/3391/2923
f 2798/3371/2890 2800/3372/2892 2833/3393/2925 2832/3392/2924
f 2800/3372/2892 2802/3373/2894 2834/3394/2926 2833/3393/2925
f 2802/3373/2894 2804/3374/2896 2835/3395/2927 2834/3394/2926
f 2804/3374/2896 2806/3375/2898 2836/3396/2928 2835/3395/2927
f 2806/3375/2898 2808/3376/2900 2837/3397/2929 2836/3396/2928
f 2808/3376/2900 2810/3377/2902 2838/3398/2930 2837/3397/2929
f 2810/3377/2902 2812/3378/2904 2839/3399/2931 2838/3398/2930
f 2812/3378/2904 2814/3379/2906 2840/3400/2932 2839/3399/2931
f 2814/3379/2906 2816/3380/2908 2841/3401/2933 2840/3400/2932
f 2816/3380/2908 2818/3381/2910 2842/3402/2934 2841/3401/2933
f 2818/3381/2910 2820/3382/2912 2843/3403/2935 2842/3402/2934
f 2820/3382/2912 2822/3383/2914 2844/3404/2936 2843/3403/2935
f 2822/3383/2914 2824/3384/2916 2845/3405/2937 2844/3404/2936
f 2824/3384/2916 2826/3385/2918 2846/3406/2938 2845/3405/2937
f 2826/3385/2918 2790/3386/2882 2828/3407/2920 2846/3406/2938
f 2828/3387/2920 2827/3388/2919 2847/3409/2939 2848/3408/2940
f 2827/3388/2919 2829/3389/2921 2849/3410/2941 2847/3409/2939
f 2829/3389/2921 2830/3390/2922 2850/3411/2942 2849/3410/2941
f 2830/3390/2922 2831/3391/2923 2851/3412/2943 2850/3411/2942
f 2831/3391/2923 2832/3392/2924 2852/3413/2944 2851/3412/2943
f 2832/3392/2924 2833/3393/2925 2853/3414/2945 2852/3413/2944
f 2833/3393/2925 2834/3394/2926 2854/3415/2946 2853/3414/2945
f 2834/3394/2926 2835/3395/2927 2855/3416/2947 2854/3415/2946
f 2835/3395/2927 2836/3396/2928 2856/3417/2948 2855/3416/2947
f 2836/3396/2928 2837/3397/2929 2857/3418/2949 2856/3417/2948
f 2837/3397/2929 2838/3398/2930 2858/3419/2950 2857/3418/2949
f 2838/3398/2930 2839/3399/2931 2859/3420/2951 2858/3419/2950
f 2839/3399/2931 2840/3400/2932 2860/3421/2952 2859/3420/2951
f 2840/3400/2932 2841/3401/2933 2861/3422/2953 2860/3421/2952
f 2841/3401/2933 2842/3402/2934 2862/3423/2954 2861/3422/2953
f 2842/3402/2934 2843/3403/2935 2863/3424/2955 2862/3423/2954
f 2843/3403/2935 2844/3404/2936 2864/3425/2956 2863/3424/2955
f 2844/3404/2936 2845/3405/2937 2865/3426/2957 2864/3425/2956
f 2845/3405/2937 2846/3406/2938 2866/3427/2958 2865/3426/2957
f 2846/3406/2938 2828/3407/2920 2848/3428/2940 2866/3427/2958
f 2848/3408/2940 2847/3409/2939 2867/3430/2959 2868/3429/2960
f 2847/3409/2939 2849/3410/2941 2869/3431/2961 2867/3430/2959
f 2849/3410/2941 2850/3411/2942 2870/3432/2962 2869/3431/2961
f 2850/3411/2942 2851/3412/2943 2871/3433/2963 2870/3432/2962
f 2851/3412/2943 2852/3413/2944 2872/3434/2964 2871/3433/2963
f 2852/3413/2944 2853/3414/2945 2873/3435/2965 2872/3434/2964
f 2853/3414/2945 2854/3415/2946 2874/3436/2966 2873/3435/2965
f 2854/3415/2946 2855/3416/2947 2875/3437/2967 2874/3436/2966
f 2855/3416/2947 2856/3417/2948 2876/3438/2968 2875/3437/2967
f 2856/3417/2948 2857/3418/2949 2877/3439/2969 2876/3438/2968
f 2857/3418/2949 2858/3419/2950 2878/3440/2970 2877/3439/2969
f 2858/3419/2950 2859/3420/2951 2879/3441/2971 2878/3440/2970
f 2859/3420/2951 2860/3421/2952 2880/3442/2972 2879/3441/2971
f 2860/3421/2952 2861/3422/2953 2881/3443/2973 2880/3442/2972
f 2861/3422/2953 2862/3423/2954 2882/3444/2974 2881/3443/2973
f 2862/3423/2954 2863/3424/2955 2883/3445/2975 2882/3444/2974
f 2863/3424/2955 2864/3425/2956 2884/3446/2976 2883/3445/2975
f 2864/3425/2956 2865/3426/2957 2885/3447/2977 2884/3446/2976
f 2865/3426/2957 2866/3427/2958 2886/3448/2978 2885/3447/2977
f 2866/3427/2958 2848/3428/2940 2868/3449/2960 2886/3448/2978
f 2868/3429/2960 2867/3430/2959 2887/3451/2979 2888/3450/2980
f 2867/3430/2959 2869/3431/2961 2889/3452/2981 2887/3451/2979
f 2869/3431/2961 2870/3432/2962 2890/3453/2982 2889/3452/2981
f 2870/3432/2962 2871/3433/2963 2891/3454/2983 2890/3453/2982
f 2871/3433/2963 2872/3434/2964 2892/3455/2984 2891/3454/2983
f 2872/3434/2964 2873/3435/2965 2893/3456/2985 2892/3455/2984
f 2873/3435/2965 2874/3436/2966 2894/3457/2986 2893/3456/2985
f 2874/3436/2966 2875/3437/2967 2895/3458/2987 2894/3457/2986
f 2875/3437/2967 2876/3438/2968 2896/3459/2988 2895/3458/2987
f 2876/3438/2968 2877/3439/2969 2897/3460/2989 2896/3459/2988
f 2877/3439/2969 2878/3440/2970 2898/3461/2990 2897/3460/2989
f 2878/3440/2970 2879/3441/2971 2899/3462/2991 2898/3461/2990
f 2879/3441/2971 2880/3442/2972 2900/3463/2992 2899/3462/2991
f 2880/3442/2972 2881/3443/2973 2901/3464/2993 2900/3463/2992
f 2881/3443/2973 2882/3444/2974 2902/3465/2994 2901/3464/2993
f 2882/3444/2974 2883/3445/2975 2903/3466/2995 2902/3465/2994
f 2883/3445/2975 2884/3446/2976 2904/3467/2996 2903/3466/2995
f 2884/3446/2976 2885/3447/2977 2905/3468/2997 2904/3467/2996
f 2885/3447/2977 2886/3448/2978 2906/3469/2998 2905/3468/2997
f 2886/3448/2978 2868/3449/2960 2888/3470/2980 2906/3469/2998
f 2888/3450/2980 2887/3451/2979 2907/3472/2999 2908/3471/3000
f 2887/3451/2979 2889/3452/2981 2909/3473/3001 2907/3472/2999
f 2889/3452/2981 2890/3453/2982 2910/3474/3002 2909/3473/3001
f 2890/3453/2982 2891/3454/2983 2911/3475/3003 2910/3474/3002
f 2891/3454/2983 2892/3455/2984 2912/3476/3004 2911/3475/3003
f 2892/3455/2984 2893/3456/2985 2913/3477/3005 2912/3476/3004
f 2893/3456/2985 2894/3457/2986 2914/3478/3006 2913/3477/3005
f 2894/3457/2986 2895/3458/2987 2915/3479/3007 2914/3478/3006
f 2895/3458/2987 2896/3459/2988 2916/3480/3008 2915/3479/3007
f 2896/3459/2988 2897/3460/2989 2917/3481/3009 2916/3480/3008
f 2897/3460/2989 2898/3461/2990 2918/3482/3010 2917/3481/3009
f 2898/3461/2990 2899/3462/2991 2919/3483/3011 2918/3482/3010
f 2899/3462/2991 2900/3463/2992 2920/3484/3012 2919/3483/3011
f 2900/3463/2992 2901/3464/2993 2921/3485/3013 2920/3484/3012
f 2901/3464/2993 2902/3465/2994 2922/3486/3014 2921/3485/3013
f 2902/3465/2994 2903/3466/2995 2923/3487/3015 2922/3486/3014
f 2903/3466/2995 2904/3467/2996 2924/3488/3016 2923/3487/3015
f 2904/3467/2996 2905/3468/2997 2925/3489/3017 2924/3488/3016
f 2905/3468/2997 2906/3469/2998 2926/3490/3018 2925/3489/3017
f 2906/3469/2998 2888/3470/2980 2908/3491/3000 2926/3490/3018
f 2908/3471/3000 2907/3472/2999 2927/3493/3019 2928/3492/3020
f 2907/3472/2999 2909/3473/3001 2929/3494/3021 2927/3493/3019
f 2909/3473/3001 2910/3474/3002 2930/3495/3022 2929/3494/3021
f 2910/3474/3002 2911/3475/3003 2931/3496/3023 2930/3495/3022
f 2911/3475/3003 2912/3476/3004 2932/3497/3024 2931/3496/3023
f 2912/3476/3004 2913/3477/3005 2933/3498/3025 2932/3497/3024
f 2913/3477/3005 2914/3478/3006 2934/3499/3026 2933/3498/3025
f 2914/3478/3006 2915/3479/3007 2935/3500/3027 2934/3499/3026
f 2915/3479/3007 2916/3480/3008 2936/3501/3028 2935/3500/3027
f 2916/3480/3008 2917/3481/3009 2937/3502/3029 2936/3501/3028
f 2917/3481/3009 2918/3482/3010 2938/3503/3030 2937/3502/3029
f 2918/3482/3010 2919/3483/3011 2939/3504/3031 2938/3503/3030
f 2919/3483/3011 2920/3484/3012 2940/3505/3032 2939/3504/3031
f 2920/3484/3012 2921/3485/3013 2941/3506/3033 2940/3505/3032
f 2921/3485/3013 2922/3486/3014 2942/3507/3034 2941/3506/3033
f 2922/3486/3014 2923/3487/3015 2943/3508/3035 2942/3507/3034
f 2923/3487/3015 2924/3488/3016 2944/3509/3036 2943/3508/3035
f 2924/3488/3016 2925/3489/3017 2945/3510/3037 2944/3509/3036
f 2925/3489/3017 2926/3490/3018 2946/3511/3038 2945/3510/3037
f 2926/3490/3018 2908/3491/3000 2928/3512/3020 2946/3511/3038
f 2947/3513/3039 2948/3514/3040 2949/3535/3041 2950/3534/3042
f 2948/3514/3040 2951/3515/3043 2952/3536/3044 2949/3535/3041
f 2951/3515/3043 2953/3516/3045 2954/3537/3046 2952/3536/3044
f 2953/3516/3045 2955/3517/3047 2956/3538/3048 2954/3537/3046
f 2955/3517/3047 2957/3518/3049 2958/3539/3050 2956/3538/3048
f 2957/3518/3049 2959/3519/3051 2960/3540/3052 2958/3539/3050
f 2959/3519/3051 2961/3520/3053 2962/3541/3054 2960/3540/3052
f 2961/3520/3053 2963/3521/3055 2964/3542/3056 2962/3541/3054
f 2963/3521/3055 2965/3522/3057 2966/3543/3058 2964/3542/3056
f 2965/3522/3057 2967/3523/3059 2968/3544/3060 2966/3543/3058
f 2967/3523/3059 2969/3524/3061 2970/3545/3062 2968/3544/3060
f 2969/3524/3061 2971/3525/3063 2972/3546/3064 2970/3545/3062
f 2971/3525/3063 2973/3526/3065 2974/3547/3066 2972/3546/3064
f 2973/3526/3065 2975/3527/3067 2976/3548/3068 2974/3547/3066
f 2975/3527/3067 2977/3528/3069 2978/3549/3070 2976/3548/3068
f 2977/3528/3069 2979/3529/3071 2980/3550/3072 2978/3549/3070
f 2979/3529/3071 2981/3530/3073 2982/3551/3074 2980/3550/3072
f 2981/3530/3073 2983/3531/3075 2984/3552/3076 2982/3551/3074
f 2983/3531/3075 2985/3532/3077 2986/3553/3078 2984/3552/3076
f 2985/3532/3077 2947/3533/3039 2950/3554/3042 2986/3553/3078
f 3108/3869/3079 3109/3870/3080 3110/3871/3081 3111/3872/3082
f 3109/3870/3080 3112/3873/3083 3113/3874/3084 3110/3871/3081
f 3112/3873/3083 3114/3875/3085 3115/3876/3086 3113/3874/3084
f 3114/3875/3085 3116/3877/3087 3117/3878/3088 3115/3876/3086
f 3116/3877/3087 3118/3879/3089 3119/3880/3090 3117/3878/3088
f 3118/3879/3089 3120/3881/3091 3121/3882/3092 3119/3880/3090
f 3120/3881/3091 3122/3883/3093 3123/3884/3094 3121/3882/3092
f 3122/3883/3093 3124/3885/3095 3125/3886/3096 3123/3884/3094
f 3124/3885/3095 3126/3887/3097 3127/3888/3098 3125/3886/3096
f 3126/3887/3097 3128/3889/3099 3129/3890/3100 3127/3888/3098
f 3128/3889/3099 3130/3891/3101 3131/3892/3102 3129/3890/3100
f 3130/3891/3101 3132/3893/3103 3133/3894/3104 3131/3892/3102
f 3132/3893/3103 3134/3895/3105 3135/3896/3106 3133/3894/3104
f 3134/3895/3105 3136/3897/3107 3137/3898/3108 3135/3896/3106
f 3136/3897/3107 3138/3899/3109 3139/3900/3110 3137/3898/3108
f 3138/3899/3109 3140/3901/3111 3141/3902/3112 3139/3900/3110
f 3140/3901/3111 3142/3903/3113 3143/3904/3114 3141/3902/3112
f 3142/3903/3113 3144/3905/3115 3145/3906/3116 3143/3904/3114
f 3144/3905/3115 3146/3907/3117 3147/3908/3118 3145/3906/3116
f 3146/3907/3117 3108/3909/3079 3111/3910/3082 3147/3908/3118
f 2627/3555/3119 2628/3556/3120 2648/3577/3121 2647/3576/3122
f 2628/3556/3120 2629/3557/3123 2649/3578/3124 2648/3577/3121
f 2629/3557/3123 2630/3558/3125 2650/3579/3126 2649/3578/3124
f 2630/3558/3125 2631/3559/3127 2651/3580/3128 2650/3579/3126
f 2631/3559/3127 2632/3560/3129 2652/3581/3130 2651/3580/3128
f 2632/3560/3129 2633/3561/3131 2653/3582/3132 2652/3581/3130
f 2633/3561/3131 2634/3562/3133 2654/3583/3134 2653/3582/3132
f 2634/3562/3133 2635/3563/3135 2655/3584/3136 2654/3583/3134
f 2635/3563/3135 2636/3564/3137 2656/3585/3138 2655/3584/3136
f 2636/3564/3137 2637/3565/3139 2657/3586/3140 2656/3585/3138
f 2637/3565/3139 2638/3566/3141 2658/3587/3142 2657/3586/3140
f 2638/3566/3141 2639/3567/3143 2659/3588/3144 2658/3587/3142
f 2639/3567/3143 2640/3568/3145 2660/3589/3146 2659/3588/3144
f 2640/3568/3145 2641/3569/3147 2661/3590/3148 2660/3589/3146
f 2641/3569/3147 2642/3570/3149 2662/3591/3150 2661/3590/3148
f 2642/3570/3149 2643/3571/3151 2663/3592/3152 2662/3591/3150
f 2643/3571/3151 2644/3572/3153 2664/3593/3154 2663/3592/3152
f 2644/3572/3153 2645/3573/3155 2665/3594/3156 2664/3593/3154
f 2645/3573/3155 2646/3574/3157 2666/3595/3158 2665/3594/3156
f 2646/3574/3157 2627/3575/3119 2647/3596/3122 2666/3595/3158
f 2647/3576/3122 2648/3577/3121 3062/3820/3159 3063/3822/3160
f 2648/3577/3121 2649/3578/3124 3061/3819/3161 3062/3820/3159
f 2649/3578/3124 2650/3579/3126 3060/3818/3162 3061/3819/3161
f 2650/3579/3126 2651/3580/3128 3059/3817/3163 3060/3818/3162
f 2651/3580/3128 2652/3581/3130 3058/3816/3164 3059/3817/3163
f 2652/3581/3130 2653/3582/3132 3057/3815/3165 3058/3816/3164
f 2653/3582/3132 2654/3583/3134 3056/3814/3166 3057/3815/3165
f 2654/3583/3134 2655/3584/3136 3055/3813/3167 3056/3814/3166
f 2655/3584/3136 2656/3585/3138 3054/3812/3168 3055/3813/3167
f 2656/3585/3138 2657/3586/3140 3053/3811/3169 3054/3812/3168
f 2657/3586/3140 2658/3587/3142 3052/3810/3170 3053/3811/3169
f 2658/3587/3142 2659/3588/3144 3051/3809/3171 3052/3810/3170
f 2659/3588/3144 2660/3589/3146 3050/3808/3172 3051/3809/3171
f 2660/3589/3146 2661/3590/3148 3049/3807/3173 3050/3808/3172
f 2661/3590/3148 2662/3591/3150 3048/3806/3174 3049/3807/3173
f 2662/3591/3150 2663/3592/3152 3067/3826/3175 3048/3806/3174
f 2663/3592/3152 2664/3593/3154 3066/3825/3176 3067/3826/3175
f 2664/3593/3154 2665/3594/3156 3065/3824/3177 3066/3825/3176
f 2665/3594/3156 2666/3595/3158 3064/3823/3178 3065/3824/3177
f 2666/3595/3158 2647/3596/3122 3063/3821/3160 3064/3823/3178
f 2667/3597/3179 2668/3598/3180 3020/3776/3181 3021/3778/3182
f 2668/3598/3180 2669/3599/3183 3019/3775/3184 3020/3776/3181
f 2669/3599/3183 2670/3600/3185 3018/3774/3186 3019/3775/3184
f 2670/3600/3185 2671/3601/3187 3017/3773/3188 3018/3774/3186
f 2671/3601/3187 2672/3602/3189 3016/3772/3190 3017/3773/3188
f 2672/3602/3189 2673/3603/3191 3015/3771/3192 3016/3772/3190
f 2673/3603/3191 2674/3604/3193 3014/3770/3194 3015/3771/3192
f 2674/3604/3193 2675/3605/3195 3013/3769/3196 3014/3770/3194
f 2675/3605/3195 2676/3606/3197 3012/3768/3198 3013/3769/3196
f 2676/3606/3197 2677/3607/3199 3011/3767/3200 3012/3768/3198
f 2677/3607/3199 2678/3608/3201 3010/3766/3202 3011/3767/3200
f 2678/3608/3201 2679/3609/3203 3009/3765/3204 3010/3766/3202
f 2679/3609/3203 2680/3610/3205 3008/3764/3206 3009/3765/3204
f 2680/3610/3205 2681/3611/3207 3027/3784/3208 3008/3764/3206
f 2681/3611/3207 2682/3612/3209 3026/3783/3210 3027/3784/3208
f 2682/3612/3209 2683/3613/3211 3025/3782/3212 3026/3783/3210
f 2683/3613/3211 2684/3614/3213 3024/3781/3214 3025/3782/3212
f 2684/3614/3213 2685/3615/3215 3023/3780/3216 3024/3781/3214
f 2685/3615/3215 2686/3616/3217 3022/3779/3218 3023/3780/3216
f 2686/3616/3217 2667/3617/3179 3021/3777/3182 3022/3779/3218
f 2687/3618/3219 2688/3619/3220 2708/3640/3221 2707/3639/3222
f 2688/3619/3220 2689/3620/3223 2709/3641/3224 2708/3640/3221
f 2689/3620/3223 2690/3621/3225 2710/3642/3226 2709/3641/3224
f 2690/3621/3225 2691/3622/3227 2711/3643/3228 2710/3642/3226
f 2691/3622/3227 2692/3623/3229 2712/3644/3230 2711/3643/3228
f 2692/3623/3229 2693/3624/3231 2713/3645/3232 2712/3644/3230
f 2693/3624/3231 2694/3625/3233 2714/3646/3234 2713/3645/3232
f 2694/3625/3233 2695/3626/3235 2715/3647/3236 2714/3646/3234
f 2695/3626/3235 2696/3627/3237 2716/3648/3238 2715/3647/3236
f 2696/3627/3237 2697/3628/3239 2717/3649/3240 2716/3648/3238
f 2697/3628/3239 2698/3629/3241 2718/3650/3242 2717/3649/3240
f 2698/3629/3241 2699/3630/3243 2719/3651/3244 2718/3650/3242
f 2699/3630/3243 2700/3631/3245 2720/3652/3246 2719/3651/3244
f 2700/3631/3245 2701/3632/3247 2721/3653/3248 2720/3652/3246
f 2701/3632/3247 2702/3633/3249 2722/3654/3250 2721/3653/3248
f 2702/3633/3249 2703/3634/3251 2723/3655/3252 2722/3654/3250
f 2703/3634/3251 2704/3635/3253 2724/3656/3254 2723/3655/3252
f 2704/3635/3253 2705/3636/3255 2725/3657/3256 2724/3656/3254
f 2705/3636/3255 2706/3637/3257 2726/3658/3258 2725/3657/3256
f 2706/3637/3257 2687/3638/3219 2707/3659/3222 2726/3658/3258
f 2707/3639/3222 2708/3640/3221 2728/3661/3259 2727/3660/3260
f 2708/3640/3221 2709/3641/3224 2729/3662/3261 2728/3661/3259
f 2709/3641/3224 2710/3642/3226 2730/3663/3262 2729/3662/3261
f 2710/3642/3226 2711/3643/3228 2731/3664/3263 2730/3663/3262
f 2711/3643/3228 2712/3644/3230 2732/3665/3264 2731/3664/3263
f 2712/3644/3230 2713/3645/3232 2733/3666/3265 2732/3665/3264
f 2713/3645/3232 2714/3646/3234 2734/3667/3266 2733/3666/3265
f 2714/3646/3234 2715/3647/3236 2735/3668/3267 2734/3667/3266
f 2715/3647/3236 2716/3648/3238 2736/3669/3268 2735/3668/3267
f 2716/3648/3238 2717/3649/3240 2737/3670/3269 2736/3669/3268
f 2717/3649/3240 2718/3650/3242 2738/3671/3270 2737/3670/3269
f 2718/3650/3242 2719/3651/3244 2739/3672/3271 2738/3671/3270
f 2719/3651/3244 2720/3652/3246 2740/3673/3272 2739/3672/3271
f 2720/3652/3246 2721/3653/3248 2741/3674/3273 2740/3673/3272
f 2721/3653/3248 2722/3654/3250 2742/3675/3274 2741/3674/3273
f 2722/3654/3250 2723/3655/3252 2743/3676/3275 2742/3675/3274
f 2723/3655/3252 2724/3656/3254 2744/3677/3276 2743/3676/3275
f 2724/3656/3254 2725/3657/3256 2745/3678/3277 2744/3677/3276
f 2725/3657/3256 2726/3658/3258 2746/3679/3278 2745/3678/3277
f 2726/3658/3258 2707/3659/3222 2727/3680/3260 2746/3679/3278
f 2727/3660/3260 2728/3661/3259 2748/3682/3279 2747/3681/3280
f 2728/3661/3259 2729/3662/3261 2749/3683/3281 2748/3682/3279
f 2729/3662/3261 2730/3663/3262 2750/3684/3282 2749/3683/3281
f 2730/3663/3262 2731/3664/3263 2751/3685/3283 2750/3684/3282
f 2731/3664/3263 2732/3665/3264 2752/3686/3284 2751/3685/3283
f 2732/3665/3264 2733/3666/3265 2753/3687/3285 2752/3686/3284
f 2733/3666/3265 2734/3667/3266 2754/3688/3286 2753/3687/3285
f 2734/3667/3266 2735/3668/3267 2755/3689/3287 2754/3688/3286
f 2735/3668/3267 2736/3669/3268 2756/3690/3288 2755/3689/3287
f 2736/3669/3268 2737/3670/3269 2757/3691/3289 2756/3690/3288
f 2737/3670/3269 2738/3671/3270 2758/3692/3290 2757/3691/3289
f 2738/3671/3270 2739/3672/3271 2759/3693/3291 2758/3692/3290
f 2739/3672/3271 2740/3673/3272 2760/3694/3292 2759/3693/3291
f 2740/3673/3272 2741/3674/3273 2761/3695/3293 2760/3694/3292
f 2741/3674/3273 2742/3675/3274 2762/3696/3294 2761/3695/3293
f 2742/3675/3274 2743/3676/3275 2763/3697/3295 2762/3696/3294
f 2743/3676/3275 2744/3677/3276 2764/3698/3296 2763/3697/3295
f 2744/3677/3276 2745/3678/3277 2765/3699/3297 2764/3698/3296
f 2745/3678/3277 2746/3679/3278 2766/3700/3298 2765/3699/3297
f 2746/3679/3278 2727/3680/3260 2747/3701/3280 2766/3700/3298
f 2747/3681/3280 2748/3682/3279 2768/3703/3299 2767/3702/3300
f 2748/3682/3279 2749/3683/3281 2769/3704/3301 2768/3703/3299
f 2749/3683/3281 2750/3684/3282 2770/3705/3302 2769/3704/3301
f 2750/3684/3282 2751/3685/3283 2771/3706/3303 2770/3705/3302
f 2751/3685/3283 2752/3686/3284 2772/3707/3304 2771/3706/3303
f 2752/3686/3284 2753/3687/3285 2773/3708/3305 2772/3707/3304
f 2753/3687/3285 2754/3688/3286 2774/3709/3306 2773/3708/3305
f 2754/3688/3286 2755/3689/3287 2775/3710/3307 2774/3709/3306
f 2755/3689/3287 2756/3690/3288 2776/3711/3308 2775/3710/3307
f 2756/3690/3288 2757/3691/3289 2777/3712/3309 2776/3711/3308
f 2757/3691/3289 2758/3692/3290 2778/3713/3310 2777/3712/3309
f 2758/3692/3290 2759/3693/3291 2779/3714/3311 2778/3713/3310
f 2759/3693/3291 2760/3694/3292 2780/3715/3312 2779/3714/3311
f 2760/3694/3292 2761/3695/3293 2781/3716/3313 2780/3715/3312
f 2761/3695/3293 2762/3696/3294 2782/3717/3314 2781/3716/3313
f 2762/3696/3294 2763/3697/3295 2783/3718/3315 2782/3717/3314
f 2763/3697/3295 2764/3698/3296 2784/3719/3316 2783/3718/3315
f 2764/3698/3296 2765/3699/3297 2785/3720/3317 2784/3719/3316
f 2765/3699/3297 2766/3700/3298 2786/3721/3318 2785/3720/3317
f 2766/3700/3298 2747/3701/3280 2767/3722/3300 2786/3721/3318
f 2788/3346/2880 2787/3345/2879 2987/3723/3319
f 2791/3347/2883 2788/3346/2880 2987/3724/3319
f 2793/3348/2885 2791/3347/2883 2987/3725/3319
f 2795/3349/2887 2793/3348/2885 2987/3726/3319
f 2797/3350/2889 2795/3349/2887 2987/3727/3319
f 2799/3351/2891 2797/3350/2889 2987/3728/3319
f 2801/3352/2893 2799/3351/2891 2987/3729/3319
f 2803/3353/2895 2801/3352/2893 2987/3730/3319
f 2805/3354/2897 2803/3353/2895 2987/3731/3319
f 2807/3355/2899 2805/3354/2897 2987/3732/3319
f 2809/3356/2901 2807/3355/2899 2987/3733/3319
f 2811/3357/2903 2809/3356/2901 2987/3734/3319
f 2813/3358/2905 2811/3357/2903 2987/3735/3319
f 2815/3359/2907 2813/3358/2905 2987/3736/3319
f 2817/3360/2909 2815/3359/2907 2987/3737/3319
f 2819/3361/2911 2817/3360/2909 2987/3738/3319
f 2821/3362/2913 2819/3361/2911 2987/3739/3319
f 2823/3363/2915 2821/3362/2913 2987/3740/3319
f 2825/3364/2917 2823/3363/2915 2987/3741/3319
f 2787/3365/2879 2825/3364/2917 2987/3742/3319
f 2927/3493/3019 2948/3514/3040 2947/3513/3039 2928/3492/3020
f 2929/3494/3021 2951/3515/3043 2948/3514/3040 2927/3493/3019
f 2930/3495/3022 2953/3516/3045 2951/3515/3043 2929/3494/3021
f 2931/3496/3023 2955/3517/3047 2953/3516/3045 2930/3495/3022
f 2932/3497/3024 2957/3518/3049 2955/3517/3047 2931/3496/3023
f 2933/3498/3025 2959/3519/3051 2957/3518/3049 2932/3497/3024
f 2934/3499/3026 2961/3520/3053 2959/3519/3051 2933/3498/3025
f 2935/3500/3027 2963/3521/3055 2961/3520/3053 2934/3499/3026
f 2936/3501/3028 2965/3522/3057 2963/3521/3055 2935/3500/3027
f 2937/3502/3029 2967/3523/3059 2965/3522/3057 2936/3501/3028
f 2938/3503/3030 2969/3524/3061 2967/3523/3059 2937/3502/3029
f 2939/3504/3031 2971/3525/3063 2969/3524/3061 2938/3503/3030
f 2940/3505/3032 2973/3526/3065 2971/3525/3063 2939/3504/3031
f 2941/3506/3033 2975/3527/3067 2973/3526/3065 2940/3505/3032
f 2942/3507/3034 2977/3528/3069 2975/3527/3067 2941/3506/3033
f 2943/3508/3035 2979/3529/3071 2977/3528/3069 2942/3507/3034
f 2944/3509/3036 2981/3530/3073 2979/3529/3071 2943/3508/3035
f 2945/3510/3037 2983/3531/3075 2981/3530/3073 2944/3509/3036
f 2946/3511/3038 2985/3532/3077 2983/3531/3075 2945/3510/3037
f 2928/3512/3020 2947/3533/3039 2985/3532/3077 2946/3511/3038
f 2628/3556/3120 2627/3555/3119 2995/3750/3320 2996/3752/3321
f 2629/3557/3123 2628/3556/3120 2996/3752/3321 2997/3753/3322
f 2630/3558/3125 2629/3557/3123 2997/3753/3322 2998/3754/3323
f 2631/3559/3127 2630/3558/3125 2998/3754/3323 2999/3755/3324
f 2632/3560/3129 2631/3559/3127 2999/3755/3324 3000/3756/3325
f 2633/3561/3131 2632/3560/3129 3000/3756/3325 3001/3757/3326
f 2634/3562/3133 2633/3561/3131 3001/3757/3326 3002/3758/3327
f 2635/3563/3135 2634/3562/3133 3002/3758/3327 3003/3759/3328
f 2636/3564/3137 2635/3563/3135 3003/3759/3328 3004/3760/3329
f 2637/3565/3139 2636/3564/3137 3004/3760/3329 3005/3761/3330
f 2638/3566/3141 2637/3565/3139 3005/3761/3330 3006/3762/3331
f 2639/3567/3143 2638/3566/3141 3006/3762/3331 3007/3763/3332
f 2640/3568/3145 2639/3567/3143 3007/3763/3332 2988/3743/3333
f 2641/3569/3147 2640/3568/3145 2988/3743/3333 2989/3744/3334
f 2642/3570/3149 2641/3569/3147 2989/3744/3334 2990/3745/3335
f 2643/3571/3151 2642/3570/3149 2990/3745/3335 2991/3746/3336
f 2644/3572/3153 2643/3571/3151 2991/3746/3336 2992/3747/3337
f 2645/3573/3155 2644/3572/3153 2992/3747/3337 2993/3748/3338
f 2646/3574/3157 2645/3573/3155 2993/3748/3338 2994/3749/3339
f 2627/3575/3119 2646/3574/3157 2994/3749/3339 2995/3751/3320
f 3137/3898/3108 2989/3744/3334 2988/3743/3333 3135/3896/3106
f 3139/3900/3110 2990/3745/3335 2989/3744/3334 3137/3898/3108
f 3141/3902/3112 2991/3746/3336 2990/3745/3335 3139/3900/3110
f 3143/3904/3114 2992/3747/3337 2991/3746/3336 3141/3902/3112
f 3145/3906/3116 2993/3748/3338 2992/3747/3337 3143/3904/3114
f 3147/3908/3118 2994/3749/3339 2993/3748/3338 3145/3906/3116
f 3111/3910/3082 2995/3751/3320 2994/3749/3339 3147/3908/3118
f 3110/3871/3081 2996/3752/3321 2995/3750/3320 3111/3872/3082
f 3113/3874/3084 2997/3753/3322 2996/3752/3321 3110/3871/3081
f 3115/3876/3086 2998/3754/3323 2997/3753/3322 3113/3874/3084
f 3117/3878/3088 2999/3755/3324 2998/3754/3323 3115/3876/3086
f 3119/3880/3090 3000/3756/3325 2999/3755/3324 3117/3878/3088
f 3121/3882/3092 3001/3757/3326 3000/3756/3325 3119/3880/3090
f 3123/3884/3094 3002/3758/3327 3001/3757/3326 3121/3882/3092
f 3125/3886/3096 3003/3759/3328 3002/3758/3327 3123/3884/3094
f 3127/3888/3098 3004/3760/3329 3003/3759/3328 3125/3886/3096
f 3129/3890/3100 3005/3761/3330 3004/3760/3329 3127/3888/3098
f 3131/3892/3102 3006/3762/3331 3005/3761/3330 3129/3890/3100
f 3133/3894/3104 3007/3763/3332 3006/3762/3331 3131/3892/3102
f 3135/3896/3106 2988/3743/3333 3007/3763/3332 3133/3894/3104
f 3009/3765/3204 3008/3764/3206 2700/3631/3245 2699/3630/3243
f 3010/3766/3202 3009/3765/3204 2699/3630/3243 2698/3629/3241
f 3011/3767/3200 3010/3766/3202 2698/3629/3241 2697/3628/3239
f 3012/3768/3198 3011/3767/3200 2697/3628/3239 2696/3627/3237
f 3013/3769/3196 3012/3768/3198 2696/3627/3237 2695/3626/3235
f 3014/3770/3194 3013/3769/3196 2695/3626/3235 2694/3625/3233
f 3015/3771/3192 3014/3770/3194 2694/3625/3233 2693/3624/3231
f 3016/3772/3190 3015/3771/3192 2693/3624/3231 2692/3623/3229
f 3017/3773/3188 3016/3772/3190 2692/3623/3229 2691/3622/3227
f 3018/3774/3186 3017/3773/3188 2691/3622/3227 2690/3621/3225
f 3019/3775/3184 3018/3774/3186 2690/3621/3225 2689/3620/3223
f 3020/3776/3181 3019/3775/3184 2689/3620/3223 2688/3619/3220
f 3021/3778/3182 3020/3776/3181 2688/3619/3220 2687/3618/3219
f 3022/3779/3218 3021/3777/3182 2687/3638/3219 2706/3637/3257
f 3023/3780/3216 3022/3779/3218 2706/3637/3257 2705/3636/3255
f 3024/3781/3214 3023/3780/3216 2705/3636/3255 2704/3635/3253
f 3025/3782/3212 3024/3781/3214 2704/3635/3253 2703/3634/3251
f 3026/3783/3210 3025/3782/3212 2703/3634/3251 2702/3633/3249
f 3027/3784/3208 3026/3783/3210 2702/3633/3249 2701/3632/3247
f 3008/3764/3206 3027/3784/3208 2701/3632/3247 2700/3631/3245
f 3029/3786/3340 3028/3785/3341 2680/3610/3205 2679/3609/3203
f 3030/3787/3342 3029/3786/3340 2679/3609/3203 2678/3608/3201
f 3031/3788/3343 3030/3787/3342 2678/3608/3201 2677/3607/3199
f 3032/3789/3344 3031/3788/3343 2677/3607/3199 2676/3606/3197
f 3033/3790/3345 3032/3789/3344 2676/3606/3197 2675/3605/3195
f 3034/3791/3346 3033/3790/3345 2675/3605/3195 2674/3604/3193
f 3035/3792/3347 3034/3791/3346 2674/3604/3193 2673/3603/3191
f 3036/3793/3348 3035/3792/3347 2673/3603/3191 2672/3602/3189
f 3037/3794/3349 3036/3793/3348 2672/3602/3189 2671/3601/3187
f 3038/3795/3350 3037/3794/3349 2671/3601/3187 2670/3600/3185
f 3039/3796/3351 3038/3795/3350 2670/3600/3185 2669/3599/3183
f 3040/3797/3352 3039/3796/3351 2669/3599/3183 2668/3598/3180
f 3041/3799/3353 3040/3797/3352 2668/3598/3180 2667/3597/3179
f 3042/3800/3354 3041/3798/3353 2667/3617/3179 2686/3616/3217
f 3043/3801/3355 3042/3800/3354 2686/3616/3217 2685/3615/3215
f 3044/3802/3356 3043/3801/3355 2685/3615/3215 2684/3614/3213
f 3045/3803/3357 3044/3802/3356 2684/3614/3213 2683/3613/3211
f 3046/3804/3358 3045/3803/3357 2683/3613/3211 2682/3612/3209
f 3047/3805/3359 3046/3804/3358 2682/3612/3209 2681/3611/3207
f 3028/3785/3341 3047/3805/3359 2681/3611/3207 2680/3610/3205
f 3049/3807/3173 3048/3806/3174 3046/3804/3358 3047/3805/3359
f 3050/3808/3172 3049/3807/3173 3047/3805/3359 3028/3785/3341
f 3051/3809/3171 3050/3808/3172 3028/3785/3341 3029/3786/3340
f 3052/3810/3170 3051/3809/3171 3029/3786/3340 3030/3787/3342
f 3053/3811/3169 3052/3810/3170 3030/3787/3342 3031/3788/3343
f 3054/3812/3168 3053/3811/3169 3031/3788/3343 3032/3789/3344
f 3055/3813/3167 3054/3812/3168 3032/3789/3344 3033/3790/3345
f 3056/3814/3166 3055/3813/3167 3033/3790/3345 3034/3791/3346
f 3057/3815/3165 3056/3814/3166 3034/3791/3346 3035/3792/3347
f 3058/3816/3164 3057/3815/3165 3035/3792/3347 3036/3793/3348
f 3059/3817/3163 3058/3816/3164 3036/3793/3348 3037/3794/3349
f 3060/3818/3162 3059/3817/3163 3037/3794/3349 3038/3795/3350
f 3061/3819/3161 3060/3818/3162 3038/3795/3350 3039/3796/3351
f 3062/3820/3159 3061/3819/3161 3039/3796/3351 3040/3797/3352
f 3063/3822/3160 3062/3820/3159 3040/3797/3352 3041/3799/3353
f 3064/3823/3178 3063/3821/3160 3041/3798/3353 3042/3800/3354
f 3065/3824/3177 3064/3823/3178 3042/3800/3354 3043/3801/3355
f 3066/3825/3176 3065/3824/3177 3043/3801/3355 3044/3802/3356
f 3067/3826/3175 3066/3825/3176 3044/3802/3356 3045/3803/3357
f 3048/3806/3174 3067/3826/3175 3045/3803/3357 3046/3804/3358
f 2767/3702/3300 2768/3703/3299 3069/3828/3360 3068/3827/3361
f 2768/3703/3299 2769/3704/3301 3070/3829/3362 3069/3828/3360
f 2769/3704/3301 2770/3705/3302 3071/3830/3363 3070/3829/3362
f 2770/3705/3302 2771/3706/3303 3072/3831/3364 3071/3830/3363
f 2771/3706/3303 2772/3707/3304 3073/3832/3365 3072/3831/3364
f 2772/3707/3304 2773/3708/3305 3074/3833/3366 3073/3832/3365
f 2773/3708/3305 2774/3709/3306 3075/3834/3367 3074/3833/3366
f 2774/3709/3306 2775/3710/3307 3076/3835/3368 3075/3834/3367
f 2775/3710/3307 2776/3711/3308 3077/3836/3369 3076/3835/3368
f 2776/3711/3308 2777/3712/3309 3078/3837/3370 3077/3836/3369
f 2777/3712/3309 2778/3713/3310 3079/3838/3371 3078/3837/3370
f 2778/3713/3310 2779/3714/3311 3080/3839/3372 3079/3838/3371
f 2779/3714/3311 2780/3715/3312 3081/3840/3373 3080/3839/3372
f 2780/3715/3312 2781/3716/3313 3082/3841/3374 3081/3840/3373
f 2781/3716/3313 2782/3717/3314 3083/3842/3375 3082/3841/3374
f 2782/3717/3314 2783/3718/3315 3084/3843/3376 3083/3842/3375
f 2783/3718/3315 2784/3719/3316 3085/3844/3377 3084/3843/3376
f 2784/3719/3316 2785/3720/3317 3086/3845/3378 3085/3844/3377
f 2785/3720/3317 2786/3721/3318 3087/3846/3379 3086/3845/3378
f 2786/3721/3318 2767/3722/3300 3068/3847/3361 3087/3846/3379
f 3068/3827/3361 3069/3828/3360 3089/3849/3380 3088/3848/3381
f 3069/3828/3360 3070/3829/3362 3090/3850/3382 3089/3849/3380
f 3070/3829/3362 3071/3830/3363 3091/3851/3383 3090/3850/3382
f 3071/3830/3363 3072/3831/3364 3092/3852/3384 3091/3851/3383
f 3072/3831/3364 3073/3832/3365 3093/3853/3385 3092/3852/3384
f 3073/3832/3365 3074/3833/3366 3094/3854/3386 3093/3853/3385
f 3074/3833/3366 3075/3834/3367 3095/3855/3387 3094/3854/3386
f 3075/3834/3367 3076/3835/3368 3096/3856/3388 3095/3855/3387
f 3076/3835/3368 3077/3836/3369 3097/3857/3389 3096/3856/3388
f 3077/3836/3369 3078/3837/3370 3098/3858/3390 3097/3857/3389
f 3078/3837/3370 3079/3838/3371 3099/3859/3391 3098/3858/3390
f 3079/3838/3371 3080/3839/3372 3100/3860/3392 3099/3859/3391
f 3080/3839/3372 3081/3840/3373 3101/3861/3393 3100/3860/3392
f 3081/3840/3373 3082/3841/3374 3102/3862/3394 3101/3861/3393
f 3082/3841/3374 3083/3842/3375 3103/3863/3395 3102/3862/3394
f 3083/3842/3375 3084/3843/3376 3104/3864/3396 3103/3863/3395
f 3084/3843/3376 3085/3844/3377 3105/3865/3397 3104/3864/3396
f 3085/3844/3377 3086/3845/3378 3106/3866/3398 3105/3865/3397
f 3086/3845/3378 3087/3846/3379 3107/3867/3399 3106/3866/3398
f 3087/3846/3379 3068/3847/3361 3088/3868/3381 3107/3867/3399
f 2950/3534/3042 2949/3535/3041 3109/3870/3080 3108/3869/3079
f 2949/3535/3041 2952/3536/3044 3112/3873/3083 3109/3870/3080
f 2952/3536/3044 2954/3537/3046 3114/3875/3085 3112/3873/3083
f 2954/3537/3046 2956/3538/3048 3116/3877/3087 3114/3875/3085
f 2956/3538/3048 2958/3539/3050 3118/3879/3089 3116/3877/3087
f 2958/3539/3050 2960/3540/3052 3120/3881/3091 3118/3879/3089
f 2960/3540/3052 2962/3541/3054 3122/3883/3093 3120/3881/3091
f 2962/3541/3054 2964/3542/3056 3124/3885/3095 3122/3883/3093
f 2964/3542/3056 2966/3543/3058 3126/3887/3097 3124/3885/3095
f 2966/3543/3058 2968/3544/3060 3128/3889/3099 3126/3887/3097
f 2968/3544/3060 2970/3545/3062 3130/3891/3101 3128/3889/3099
f 2970/3545/3062 2972/3546/3064 3132/3893/3103 3130/3891/3101
f 2972/3546/3064 2974/3547/3066 3134/3895/3105 3132/3893/3103
f 2974/3547/3066 2976/3548/3068 3136/3897/3107 3134/3895/3105
f 2976/3548/3068 2978/3549/3070 3138/3899/3109 3136/3897/3107
f 2978/3549/3070 2980/3550/3072 3140/3901/3111 3138/3899/3109
f 2980/3550/3072 2982/3551/3074 3142/3903/3113 3140/3901/3111
f 2982/3551/3074 2984/3552/3076 3144/3905/3115 3142/3903/3113
f 2984/3552/3076 2986/3553/3078 3146/3907/3117 3144/3905/3115
f 2986/3553/3078 2950/3554/3042 3108/3909/3079 3146/3907/3117
g default
v 0.163910 -1.030467 -0.048899
v 0.139430 -1.030212 -0.093011
v 0.101302 -1.029872 -0.128018
v 0.053257 -1.029596 -0.150494
v 0.000000 -1.029489 -0.158239
v -0.053257 -1.029596 -0.150494
v -0.101302 -1.029872 -0.128018
v -0.139430 -1.030212 -0.093011
v -0.163910 -1.030467 -0.048899
v -0.172345 -1.030566 0.000000
v -0.163910 -1.030467 0.048899
v -0.139430 -1.030212 0.093011
v -0.101302 -1.029882 0.128018
v -0.053257 -1.029596 0.150494
v -0.000000 -1.029516 0.158239
v 0.053257 -1.029596 0.150494
v 0.101302 -1.029882 0.128018
v 0.139430 -1.030212 0.093011
v 0.163910 -1.030467 0.048899
v 0.172345 -1.030566 0.000000
v 0.343030 -0.984799 -0.102335
v 0.291860 -0.984799 -0.194705
v 0.212220 -0.984799 -0.267557
v 0.111701 -0.984799 -0.314527
v 0.000000 -0.984799 -0.330747
v -0.111701 -0.984799 -0.314527
v -0.212220 -0.984799 -0.267557
v -0.291860 -0.984799 -0.194705
v -0.343029 -0.984799 -0.102335
v -0.360682 -0.984799 0.000000
v -0.343029 -0.984799 0.102335
v -0.291798 -0.984799 0.194652
v -0.212004 -0.984799 0.267916
v -0.111457 -0.984799 0.314954
v -0.000000 -0.984799 0.331162
v 0.111457 -0.984799 0.314954
v 0.212004 -0.984799 0.267916
v 0.291798 -0.984799 0.194652
v 0.343029 -0.984799 0.102335
v 0.360682 -0.984799 0.000000
v 0.555524 -0.932514 -0.166839
v 0.473378 -0.932040 -0.311410
v 0.345163 -0.931062 -0.420335
v 0.181982 -0.930323 -0.493367
v 0.000000 -0.930091 -0.519574
v -0.181982 -0.930323 -0.493367
v -0.345163 -0.931062 -0.420335
v -0.473377 -0.932040 -0.311409
v -0.555524 -0.932514 -0.166839
v -0.583957 -0.932606 -0.001096
v -0.555518 -0.932466 0.164615
v -0.472871 -0.932133 0.314293
v -0.343856 -0.931723 0.433343
v -0.180904 -0.931388 0.509957
v 0.000000 -0.931259 0.536396
v 0.180904 -0.931388 0.509957
v 0.343856 -0.931723 0.433343
v 0.472871 -0.932133 0.314293
v 0.555517 -0.932466 0.164615
v 0.583957 -0.932606 -0.001096
v 0.789392 -0.866125 -0.237783
v 0.671497 -0.865222 -0.431131
v 0.487871 -0.862968 -0.566631
v 0.256489 -0.860878 -0.659645
v 0.000000 -0.860293 -0.696415
v -0.256489 -0.860878 -0.659645
v -0.487871 -0.862968 -0.566631
v -0.671497 -0.865222 -0.431131
v -0.789392 -0.866125 -0.237783
v -0.830016 -0.866250 -0.002575
v -0.789392 -0.866064 0.232921
v -0.671497 -0.865601 0.445366
v -0.487871 -0.864984 0.613963
v -0.256489 -0.864443 0.722209
v 0.000000 -0.864225 0.759508
v 0.256489 -0.864443 0.722209
v 0.487871 -0.864984 0.613963
v 0.671497 -0.865601 0.445366
v 0.789392 -0.866064 0.232921
v 0.830016 -0.866250 -0.002575
v 0.981690 -0.762312 -0.295150
v 0.835076 -0.762312 -0.528836
v 0.606718 -0.762312 -0.681112
v 0.318970 -0.762184 -0.787181
v 0.000000 -0.762024 -0.833359
v -0.318970 -0.762184 -0.787181
v -0.606718 -0.762312 -0.681112
v -0.835075 -0.762312 -0.528836
v -0.981690 -0.762312 -0.295150
v -1.032210 -0.762312 -0.002575
v -0.981690 -0.762312 0.290289
v -0.835075 -0.762312 0.554486
v -0.606718 -0.762312 0.764153
v -0.318970 -0.762312 0.898768
v 0.000000 -0.762312 0.945153
v 0.318970 -0.762312 0.898768
v 0.606718 -0.762312 0.764153
v 0.835075 -0.762312 0.554486
v 0.981690 -0.762312 0.290289
v 1.032209 -0.762312 -0.002575
v 1.097042 -0.637705 -0.328914
v 0.934199 -0.637705 -0.588516
v 0.680435 -0.637705 -0.749700
v 0.358495 -0.637705 -0.862755
v 0.000000 -0.637705 -0.915358
v -0.358495 -0.637705 -0.862755
v -0.680434 -0.637705 -0.749700
v -0.934198 -0.637705 -0.588516
v -1.097042 -0.637705 -0.328913
v -1.153222 -0.637705 -0.001625
v -1.096899 -0.637705 0.325603
v -0.933379 -0.637705 0.620987
v -0.678386 -0.637705 0.855627
v -0.300431 -0.633023 1.006471
v -0.000000 -0.633023 1.058475
v 0.300431 -0.633023 1.006471
v 0.678386 -0.637705 0.855627
v 0.933379 -0.637705 0.620987
v 1.096899 -0.637705 0.325602
v 1.153221 -0.637705 -0.001625
v 1.143229 -0.497984 -0.341631
v 0.974795 -0.497984 -0.611507
v 0.711055 -0.497984 -0.774061
v 0.375163 -0.497984 -0.888598
v 0.000000 -0.497984 -0.944090
v -0.375163 -0.497984 -0.888598
v -0.711055 -0.497984 -0.774060
v -0.974795 -0.497984 -0.611506
v -1.143228 -0.497984 -0.341631
v -1.200077 -0.497984 -0.000509
v -1.140059 -0.497984 0.339642
v -0.969266 -0.497984 0.646125
v -0.704126 -0.497984 0.889373
v 0.704126 -0.497984 0.889373
v 0.969266 -0.497984 0.646125
v 1.140059 -0.497984 0.339642
v 1.200077 -0.497984 -0.000509
v 1.161939 -0.347039 -0.347278
v 0.991952 -0.347039 -0.620635
v 0.724057 -0.347039 -0.783576
v 0.382244 -0.347039 -0.898880
v 0.000000 -0.347039 -0.955691
v -0.382244 -0.347039 -0.898880
v -0.724057 -0.347039 -0.783576
v -0.991951 -0.347039 -0.620635
v -1.161937 -0.347039 -0.347278
v -1.218148 -0.347039 -0.000544
v -1.155663 -0.347039 0.344317
v -0.981098 -0.347039 0.654099
v -0.711785 -0.347039 0.899190
v -0.314770 -0.323036 1.056245
v 0.314770 -0.323036 1.056245
v 0.711784 -0.347039 0.899189
v 0.981098 -0.347039 0.654099
v 1.155663 -0.347039 0.344317
v 1.218148 -0.347039 -0.000544
v 1.162583 -0.190489 -0.347420
v 0.994697 -0.190489 -0.618280
v 0.727928 -0.190489 -0.783278
v 0.385521 -0.190489 -0.902616
v 0.000000 -0.190489 -0.960939
v -0.385521 -0.190489 -0.902616
v -0.727928 -0.190489 -0.783277
v -0.994696 -0.190489 -0.618280
v -1.162582 -0.190489 -0.347420
v -1.216158 -0.190489 -0.001088
v -1.151616 -0.190489 0.342528
v -0.976376 -0.190489 0.650357
v -0.707661 -0.190489 0.893393
v -0.312644 -0.156217 1.049026
v 0.312644 -0.156217 1.049026
v 0.707661 -0.190489 0.893393
v 0.976376 -0.190489 0.650357
v 1.151616 -0.190489 0.342528
v 1.216158 -0.190489 -0.001088
v 1.144317 -0.039438 -0.342816
v 0.980536 -0.042920 -0.607890
v 0.719989 -0.045683 -0.774022
v 0.382399 -0.047457 -0.896269
v 0.000000 -0.048068 -0.954568
v -0.382399 -0.047457 -0.896269
v -0.719989 -0.045683 -0.774022
v -0.980536 -0.042920 -0.607890
v -1.144316 -0.039438 -0.342816
v -1.196343 -0.035579 -0.002561
v -1.132008 -0.031719 0.335115
v -0.958950 -0.028238 0.637093
v -0.694593 -0.025475 0.875183
v -0.306931 0.021823 1.027383
v -0.000000 0.022475 1.079777
v 0.306930 0.021823 1.027383
v 0.694593 -0.025475 0.875183
v 0.958950 -0.028238 0.637093
v 1.132008 -0.031719 0.335115
v 1.196342 -0.035579 -0.002561
v 1.107210 0.094336 -0.339055
v 0.948967 0.082362 -0.595649
v 0.696980 0.072859 -0.761226
v 0.370072 0.066759 -0.882739
v 0.000000 0.064656 -0.938696
v -0.370072 0.066759 -0.882739
v -0.696980 0.072859 -0.761226
v -0.948967 0.082362 -0.595649
v -1.107209 0.094336 -0.339055
v -1.157813 0.107609 -0.010596
v -1.096626 0.120882 0.316180
v -0.930139 0.132855 0.609226
v -0.674548 0.142358 0.841005
v -0.354260 0.148459 0.989507
v -0.000000 0.150561 1.040643
v 0.354260 0.148459 0.989507
v 0.674548 0.142358 0.841005
v 0.930139 0.132855 0.609226
v 1.096625 0.120882 0.316180
v 1.157813 0.107609 -0.010596
v 1.047177 0.205918 -0.340132
v 0.896063 0.182881 -0.581952
v 0.656642 0.164599 -0.742043
v 0.347795 0.152861 -0.858598
v 0.000000 0.148816 -0.909603
v -0.347795 0.152861 -0.858597
v -0.656642 0.164599 -0.742043
v -0.896063 0.182881 -0.581952
v -1.047177 0.205918 -0.340132
v -1.096733 0.231455 -0.030949
v -1.040297 0.256992 0.278243
v -0.883561 0.280029 0.556320
v -0.641470 0.298311 0.776819
v -0.337151 0.310049 0.918429
v -0.000000 0.314094 0.967263
v 0.337151 0.310049 0.918429
v 0.641469 0.298311 0.776819
v 0.883560 0.280029 0.556320
v 1.040296 0.256992 0.278243
v 1.096733 0.231455 -0.030949
v 0.000000 -1.054978 0.000000
v 0.819949 0.294236 -0.570868
v 0.959166 0.318504 -0.340697
v 0.599610 0.274976 -0.730339
v 0.316842 0.262611 -0.844983
v 0.000000 0.258351 -0.891076
v -0.316842 0.262611 -0.844983
v -0.599610 0.274976 -0.730339
v -0.819949 0.294236 -0.570868
v -0.959166 0.318504 -0.340697
v -1.004977 0.345405 -0.051024
v -0.953233 0.372306 0.238868
v -0.809354 0.396574 0.499373
v -0.587380 0.415834 0.705709
v -0.308623 0.428199 0.838060
v -0.000000 0.432460 0.883692
v 0.308623 0.428199 0.838060
v 0.587380 0.415834 0.705709
v 0.809354 0.396574 0.499373
v 0.953233 0.372306 0.238868
v 1.004977 0.345405 -0.051024
v 0.720050 0.375545 -0.544917
v 0.842827 0.406880 -0.340482
v 0.525990 0.350677 -0.691505
v 0.277674 0.334711 -0.795590
v 0.000000 0.329209 -0.834630
v -0.277674 0.334711 -0.795590
v -0.525990 0.350677 -0.691504
v -0.720050 0.375545 -0.544917
v -0.842827 0.406880 -0.340482
v -0.883459 0.441615 -0.087162
v -0.838315 0.476351 0.166951
v -0.712067 0.507686 0.395447
v -0.516934 0.532554 0.576527
v -0.271673 0.548520 0.692752
v -0.000000 0.554022 0.732816
v 0.271673 0.548520 0.692752
v 0.516933 0.532554 0.576527
v 0.712067 0.507686 0.395447
v 0.838315 0.476351 0.166950
v 0.883459 0.441615 -0.087162
v 0.602422 0.454719 -0.507781
v 0.702933 0.486555 -0.331035
v 0.439106 0.429455 -0.636977
v 0.232060 0.413234 -0.728793
v 0.000000 0.407644 -0.760921
v -0.232060 0.413234 -0.728793
v -0.439106 0.429455 -0.636977
v -0.602421 0.454719 -0.507781
v -0.702933 0.486555 -0.331035
v -0.735568 0.521844 -0.119680
v -0.697547 0.557134 0.091161
v -0.592248 0.588969 0.280509
v -0.429809 0.614235 0.430415
v -0.225845 0.630455 0.526583
v -0.000000 0.636045 0.559715
v 0.225845 0.630455 0.526583
v 0.429809 0.614235 0.430415
v 0.592248 0.588969 0.280509
v 0.697547 0.557134 0.091161
v 0.735568 0.521844 -0.119680
v 0.472173 0.537286 -0.449762
v 0.549896 0.564177 -0.303846
v 0.345158 0.515946 -0.560713
v 0.182170 0.502245 -0.635439
v 0.000000 0.497524 -0.661288
v -0.182170 0.502245 -0.635439
v -0.345158 0.515946 -0.560713
v -0.472172 0.537286 -0.449762
v -0.549896 0.564177 -0.303846
v -0.574299 0.593985 -0.137098
v -0.544476 0.623793 0.027366
v -0.462377 0.650684 0.175007
v -0.335649 0.672024 0.291949
v -0.176392 0.685725 0.366980
v -0.000000 0.690447 0.392864
v 0.176392 0.685725 0.366980
v 0.335649 0.672024 0.291949
v 0.462377 0.650684 0.175007
v 0.544476 0.623793 0.027366
v 0.574299 0.593985 -0.137098
v 0.341962 0.614173 -0.375764
v 0.398635 0.634217 -0.265034
v 0.250271 0.598266 -0.462838
v 0.131981 0.588053 -0.518986
v 0.000000 0.584534 -0.538622
v -0.131981 0.588053 -0.518986
v -0.250271 0.598266 -0.462838
v -0.341962 0.614173 -0.375764
v -0.398635 0.634217 -0.265034
v -0.416222 0.656436 -0.143771
v -0.394999 0.678655 -0.024448
v -0.335830 0.698699 0.082841
v -0.244014 0.714606 0.167989
v -0.128319 0.724819 0.222713
v -0.000000 0.728338 0.241581
v 0.128319 0.724819 0.222713
v 0.244014 0.714606 0.167989
v 0.335830 0.698699 0.082841
v 0.394998 0.678655 -0.024448
v 0.416222 0.656436 -0.143771
v 0.220466 0.675149 -0.299153
v 0.257569 0.688461 -0.227347
v 0.161069 0.664586 -0.356884
v 0.084865 0.657802 -0.393729
v -0.000000 0.655465 -0.407151
v -0.084865 0.657802 -0.393729
v -0.161069 0.664586 -0.356884
v -0.220466 0.675149 -0.299153
v -0.257569 0.688461 -0.227347
v -0.269720 0.703218 -0.149155
v -0.256230 0.717974 -0.071738
v -0.218096 0.731286 -0.002068
v -0.158584 0.741851 0.053326
v -0.083429 0.748633 0.088965
v -0.000000 0.750971 0.101261
v 0.083429 0.748633 0.088965
v 0.158584 0.741851 0.053326
v 0.218096 0.731286 -0.002068
v 0.256230 0.717974 -0.071738
v 0.269720 0.703218 -0.149155
v 0.107932 0.720583 -0.226206
v 0.126517 0.727263 -0.191320
v 0.078599 0.715282 -0.254012
v 0.041394 0.711879 -0.272010
v -0.000000 0.710706 -0.278338
v -0.041394 0.711879 -0.272010
v -0.078599 0.715282 -0.254012
v -0.107932 0.720583 -0.226206
v -0.126517 0.727263 -0.191320
v -0.132813 0.734667 -0.152963
v -0.126217 0.742071 -0.114787
v -0.107473 0.748751 -0.080461
v -0.078147 0.754052 -0.053181
v -0.041117 0.757456 -0.035624
v -0.000000 0.758628 -0.029561
v 0.041117 0.757456 -0.035624
v 0.078147 0.754052 -0.053181
v 0.107473 0.748751 -0.080461
v 0.126217 0.742071 -0.114787
v 0.132813 0.734667 -0.152963
v -0.000000 0.750605 -0.155027
v 0.077280 -1.029739 0.139256
v 0.161730 -0.984799 0.291435
v 0.262380 -0.931555 0.471650
v 0.372180 -0.864713 0.668086
v 0.462844 -0.762312 0.831460
v 0.392786 -0.622738 0.957267
v 0.452339 -0.484008 0.967519
v 0.409261 -0.354732 0.983018
v 0.494632 -0.190489 0.971209
v 0.529541 -0.024588 0.951283
v 0.514404 0.145408 0.915256
v 0.489310 0.304180 0.847624
v 0.448002 0.422016 0.771884
v 0.394303 0.540537 0.634640
v 0.327827 0.622345 0.478499
v 0.256021 0.678875 0.329464
v 0.186166 0.719712 0.195351
v 0.121006 0.745242 0.071146
v 0.059632 0.755754 -0.044402
v -0.077280 -1.029739 0.139256
v -0.161730 -0.984799 0.291435
v -0.262380 -0.931555 0.471650
v -0.372180 -0.864713 0.668086
v -0.462844 -0.762312 0.831460
v -0.392786 -0.622738 0.957267
v -0.452339 -0.484008 0.967519
v -0.409261 -0.354732 0.983018
v -0.494632 -0.190489 0.971209
v -0.529541 -0.024588 0.951283
v -0.514404 0.145408 0.915256
v -0.489310 0.304180 0.847624
v -0.448002 0.422016 0.771884
v -0.394303 0.540537 0.634640
v -0.327827 0.622345 0.478499
v -0.256021 0.678875 0.329464
v -0.186166 0.719712 0.195351
v -0.121006 0.745242 0.071146
v -0.059632 0.755754 -0.044402
v -0.273555 -0.633665 1.255235
v -0.000000 -0.632136 1.309635
v -0.284196 -0.497684 1.297785
v 0.273554 -0.633665 1.255235
v 0.284196 -0.497684 1.297785
v 0.372639 -0.636952 1.203829
v 0.387310 -0.507890 1.248304
v -0.287070 -0.351280 1.307796
v 0.287070 -0.351280 1.307796
v 0.353782 -0.407828 1.242211
v -0.284430 -0.199670 1.299854
v 0.284430 -0.199670 1.299854
v -0.000000 -0.033999 1.328127
v -0.227311 -0.062248 1.275732
v 0.227311 -0.062248 1.275732
v -0.372639 -0.636952 1.203829
v -0.387310 -0.507890 1.248304
v -0.353782 -0.407828 1.242211
v -0.198207 -0.641679 1.569284
v -0.000000 -0.657567 1.623215
v -0.203946 -0.565031 1.646869
v 0.198207 -0.641679 1.569284
v 0.203946 -0.565031 1.646869
v -0.205612 -0.467210 1.685332
v 0.205612 -0.467210 1.685332
v -0.218047 -0.361178 1.712136
v 0.218047 -0.361178 1.712136
v -0.000000 -0.233153 1.761769
v -0.174976 -0.229999 1.690790
v 0.174975 -0.229999 1.690790
v -0.143623 -0.716709 1.834902
v -0.000000 -0.772297 1.875218
v -0.166219 -0.678096 1.897750
v 0.143623 -0.716709 1.834902
v 0.166219 -0.678096 1.897750
v -0.178541 -0.652215 1.941728
v 0.178541 -0.652215 1.941728
v -0.176744 -0.598542 1.973632
v 0.176744 -0.598542 1.973632
v -0.000000 -0.490432 2.023107
v -0.134385 -0.506705 2.004145
v 0.134384 -0.506705 2.004145
v -0.119458 -0.728487 1.902396
v -0.000000 -0.781075 1.922043
v -0.000000 -0.762624 1.982236
v -0.144088 -0.715262 1.954766
v 0.119458 -0.728487 1.902396
v 0.144088 -0.715262 1.954766
v -0.000000 -0.720353 2.019981
v -0.152591 -0.689289 1.990055
v 0.152591 -0.689289 1.990055
v -0.000000 -0.657600 2.044383
v -0.156456 -0.651240 2.015257
v 0.156456 -0.651240 2.015257
v -0.000000 -0.554500 2.049799
v -0.115988 -0.559215 2.041131
v 0.115988 -0.559215 2.041131
v -0.302746 -0.175770 1.173200
v -0.246026 -0.031296 1.151557
v -0.000000 0.000799 1.203952
v 0.246026 -0.031296 1.151557
v 0.302746 -0.175770 1.173200
v 0.305619 -0.337199 1.180815
v 0.414846 -0.382502 1.109311
v 0.435610 -0.645753 1.052400
v 0.292020 -0.638462 1.131136
v -0.000000 -0.637943 1.182650
v -0.292020 -0.638462 1.131136
v -0.435611 -0.645753 1.052400
v -0.414846 -0.382502 1.109311
v -0.305619 -0.337199 1.180816
v 0.154565 -0.376767 1.891250
v 0.192515 -0.483282 1.866962
v 0.185282 -0.570060 1.836050
v 0.183898 -0.643993 1.789719
v 0.178110 -0.699711 1.719282
v -0.000000 -0.720438 1.765631
v -0.178110 -0.699711 1.719282
v -0.183898 -0.643993 1.789719
v -0.185282 -0.570060 1.836051
v -0.192515 -0.483282 1.866962
v -0.154565 -0.376767 1.891250
v -0.000000 -0.381349 1.951108
v 0.201271 -0.123433 1.443002
v 0.253557 -0.255487 1.486633
v 0.247142 -0.386994 1.479942
v 0.244182 -0.511521 1.460469
v 0.236208 -0.621512 1.397318
v -0.000000 -0.626889 1.454765
v -0.236208 -0.621512 1.397318
v -0.244182 -0.511521 1.460469
v -0.247142 -0.386994 1.479942
v -0.253557 -0.255487 1.486633
v -0.201271 -0.123433 1.443002
v -0.000000 -0.105216 1.508815
v 0.472202 -0.573630 0.985283
v 0.490072 -0.484079 0.991320
v 0.489809 -0.494513 1.096693
v 0.471949 -0.615836 1.060463
v 0.467437 -0.396535 1.032170
v 0.449452 -0.401391 1.106824
v 0.402249 -0.442649 1.193726
v 0.419619 -0.503533 1.220048
v 0.403724 -0.590610 1.164228
v -0.472202 -0.573630 0.985283
v -0.490072 -0.484079 0.991320
v -0.471949 -0.615836 1.060463
v -0.489809 -0.494513 1.096693
v -0.467437 -0.396535 1.032170
v -0.449452 -0.401391 1.106824
v -0.403725 -0.590610 1.164228
v -0.419619 -0.503533 1.220048
v -0.402249 -0.442649 1.193727
vt 0.000000 0.050000
vt 0.050000 0.050000
vt 0.100000 0.050000
vt 0.150000 0.050000
vt 0.200000 0.050000
vt 0.250000 0.050000
vt 0.300000 0.050000
vt 0.350000 0.050000
vt 0.400000 0.050000
vt 0.450000 0.050000
vt 0.500000 0.050000
vt 0.550000 0.050000
vt 0.600000 0.050000
vt 0.650000 0.050000
vt 0.700000 0.050000
vt 0.750000 0.050000
vt 0.800000 0.050000
vt 0.850000 0.050000
vt 0.900000 0.050000
vt 0.950000 0.050000
vt 1.000000 0.050000
vt 0.000000 0.100000
vt 0.050000 0.100000
vt 0.100000 0.100000
vt 0.150000 0.100000
vt 0.200000 0.100000
vt 0.250000 0.100000
vt 0.300000 0.100000
vt 0.350000 0.100000
vt 0.400000 0.100000
vt 0.450000 0.100000
vt 0.500000 0.100000
vt 0.550000 0.100000
vt 0.600000 0.100000
vt 0.650000 0.100000
vt 0.700000 0.100000
vt 0.750000 0.100000
vt 0.800000 0.100000
vt 0.850000 0.100000
vt 0.900000 0.100000
vt 0.950000 0.100000
vt 1.000000 0.100000
vt 0.000000 0.150000
vt 0.050000 0.150000
vt 0.100000 0.150000
vt 0.150000 0.150000
vt 0.200000 0.150000
vt 0.250000 0.150000
vt 0.300000 0.150000
vt 0.350000 0.150000
vt 0.400000 0.150000
vt 0.450000 0.150000
vt 0.500000 0.150000
vt 0.550000 0.150000
vt 0.600000 0.150000
vt 0.650000 0.150000
vt 0.700000 0.150000
vt 0.750000 0.150000
vt 0.800000 0.150000
vt 0.850000 0.150000
vt 0.900000 0.150000
vt 0.950000 0.150000
vt 1.000000 0.150000
vt 0.000000 0.200000
vt 0.050000 0.200000
vt 0.100000 0.200000
vt 0.150000 0.200000
vt 0.200000 0.200000
vt 0.250000 0.200000
vt 0.300000 0.200000
vt 0.350000 0.200000
vt 0.400000 0.200000
vt 0.450000 0.200000
vt 0.500000 0.200000
vt 0.550000 0.200000
vt 0.600000 0.200000
vt 0.650000 0.200000
vt 0.700000 0.200000
vt 0.750000 0.200000
vt 0.800000 0.200000
vt 0.850000 0.200000
vt 0.900000 0.200000
vt 0.950000 0.200000
vt 1.000000 0.200000
vt 0.000000 0.250000
vt 0.050000 0.250000
vt 0.100000 0.250000
vt 0.150000 0.250000
vt 0.200000 0.250000
vt 0.250000 0.250000
vt 0.300000 0.250000
vt 0.350000 0.250000
vt 0.400000 0.250000
vt 0.450000 0.250000
vt 0.500000 0.250000
vt 0.550000 0.250000
vt 0.600000 0.250000
vt 0.650000 0.250000
vt 0.700000 0.250000
vt 0.750000 0.250000
vt 0.800000 0.250000
vt 0.850000 0.250000
vt 0.900000 0.250000
vt 0.950000 0.250000
vt 1.000000 0.250000
vt 0.000000 0.300000
vt 0.050000 0.300000
vt 0.100000 0.300000
vt 0.150000 0.300000
vt 0.200000 0.300000
vt 0.250000 0.300000
vt 0.300000 0.300000
vt 0.350000 0.300000
vt 0.400000 0.300000
vt 0.450000 0.300000
vt 0.500000 0.300000
vt 0.550000 0.300000
vt 0.600000 0.300000
vt 0.650000 0.300000
vt 0.700000 0.300000
vt 0.750000 0.300000
vt 0.800000 0.300000
vt 0.850000 0.300000
vt 0.900000 0.300000
vt 0.950000 0.300000
vt 1.000000 0.300000
vt 0.000000 0.350000
vt 0.050000 0.350000
vt 0.100000 0.350000
vt 0.150000 0.350000
vt 0.200000 0.350000
vt 0.250000 0.350000
vt 0.300000 0.350000
vt 0.350000 0.350000
vt 0.400000 0.350000
vt 0.450000 0.350000
vt 0.500000 0.350000
vt 0.550000 0.350000
vt 0.600000 0.350000
vt 0.650000 0.350000
vt 0.700000 0.350000
vt 0.750000 0.350000
vt 0.800000 0.350000
vt 0.850000 0.350000
vt 0.900000 0.350000
vt 0.950000 0.350000
vt 1.000000 0.350000
vt 0.000000 0.400000
vt 0.050000 0.400000
vt 0.100000 0.400000
vt 0.150000 0.400000
vt 0.200000 0.400000
vt 0.250000 0.400000
vt 0.300000 0.400000
vt 0.350000 0.400000
vt 0.400000 0.400000
vt 0.450000 0.400000
vt 0.500000 0.400000
vt 0.550000 0.400000
vt 0.600000 0.400000
vt 0.650000 0.400000
vt 0.700000 0.400000
vt 0.750000 0.400000
vt 0.800000 0.400000
vt 0.850000 0.400000
vt 0.900000 0.400000
vt 0.950000 0.400000
vt 1.000000 0.400000
vt 0.000000 0.450000
vt 0.050000 0.450000
vt 0.100000 0.450000
vt 0.150000 0.450000
vt 0.200000 0.450000
vt 0.250000 0.450000
vt 0.300000 0.450000
vt 0.350000 0.450000
vt 0.400000 0.450000
vt 0.450000 0.450000
vt 0.500000 0.450000
vt 0.550000 0.450000
vt 0.600000 0.450000
vt 0.650000 0.450000
vt 0.700000 0.450000
vt 0.750000 0.450000
vt 0.800000 0.450000
vt 0.850000 0.450000
vt 0.900000 0.450000
vt 0.950000 0.450000
vt 1.000000 0.450000
vt 0.000000 0.500000
vt 0.050000 0.500000
vt 0.100000 0.500000
vt 0.150000 0.500000
vt 0.200000 0.500000
vt 0.250000 0.500000
vt 0.300000 0.500000
vt 0.350000 0.500000
vt 0.400000 0.500000
vt 0.450000 0.500000
vt 0.500000 0.500000
vt 0.550000 0.500000
vt 0.600000 0.500000
vt 0.650000 0.500000
vt 0.700000 0.500000
vt 0.750000 0.500000
vt 0.800000 0.500000
vt 0.850000 0.500000
vt 0.900000 0.500000
vt 0.950000 0.500000
vt 1.000000 0.500000
vt 0.000000 0.550000
vt 0.050000 0.550000
vt 0.100000 0.550000
vt 0.150000 0.550000
vt 0.200000 0.550000
vt 0.250000 0.550000
vt 0.300000 0.550000
vt 0.350000 0.550000
vt 0.400000 0.550000
vt 0.450000 0.550000
vt 0.500000 0.550000
vt 0.550000 0.550000
vt 0.600000 0.550000
vt 0.650000 0.550000
vt 0.700000 0.550000
vt 0.750000 0.550000
vt 0.800000 0.550000
vt 0.850000 0.550000
vt 0.900000 0.550000
vt 0.950000 0.550000
vt 1.000000 0.550000
vt 0.000000 0.600000
vt 0.050000 0.600000
vt 0.100000 0.600000
vt 0.150000 0.600000
vt 0.200000 0.600000
vt 0.250000 0.600000
vt 0.300000 0.600000
vt 0.350000 0.600000
vt 0.400000 0.600000
vt 0.450000 0.600000
vt 0.500000 0.600000
vt 0.550000 0.600000
vt 0.600000 0.600000
vt 0.650000 0.600000
vt 0.700000 0.600000
vt 0.750000 0.600000
vt 0.800000 0.600000
vt 0.850000 0.600000
vt 0.900000 0.600000
vt 0.950000 0.600000
vt 1.000000 0.600000
vt 0.000000 0.650000
vt 0.050000 0.650000
vt 0.100000 0.650000
vt 0.150000 0.650000
vt 0.200000 0.650000
vt 0.250000 0.650000
vt 0.300000 0.650000
vt 0.350000 0.650000
vt 0.400000 0.650000
vt 0.450000 0.650000
vt 0.500000 0.650000
vt 0.550000 0.650000
vt 0.600000 0.650000
vt 0.650000 0.650000
vt 0.700000 0.650000
vt 0.750000 0.650000
vt 0.800000 0.650000
vt 0.850000 0.650000
vt 0.900000 0.650000
vt 0.950000 0.650000
vt 1.000000 0.650000
vt 0.000000 0.700000
vt 0.050000 0.700000
vt 0.100000 0.700000
vt 0.150000 0.700000
vt 0.200000 0.700000
vt 0.250000 0.700000
vt 0.300000 0.700000
vt 0.350000 0.700000
vt 0.400000 0.700000
vt 0.450000 0.700000
vt 0.500000 0.700000
vt 0.550000 0.700000
vt 0.600000 0.700000
vt 0.650000 0.700000
vt 0.700000 0.700000
vt 0.750000 0.700000
vt 0.800000 0.700000
vt 0.850000 0.700000
vt 0.900000 0.700000
vt 0.950000 0.700000
vt 1.000000 0.700000
vt 0.000000 0.750000
vt 0.050000 0.750000
vt 0.100000 0.750000
vt 0.150000 0.750000
vt 0.200000 0.750000
vt 0.250000 0.750000
vt 0.300000 0.750000
vt 0.350000 0.750000
vt 0.400000 0.750000
vt 0.450000 0.750000
vt 0.500000 0.750000
vt 0.550000 0.750000
vt 0.600000 0.750000
vt 0.650000 0.750000
vt 0.700000 0.750000
vt 0.750000 0.750000
vt 0.800000 0.750000
vt 0.850000 0.750000
vt 0.900000 0.750000
vt 0.950000 0.750000
vt 1.000000 0.750000
vt 0.000000 0.800000
vt 0.050000 0.800000
vt 0.100000 0.800000
vt 0.150000 0.800000
vt 0.200000 0.800000
vt 0.250000 0.800000
vt 0.300000 0.800000
vt 0.350000 0.800000
vt 0.400000 0.800000
vt 0.450000 0.800000
vt 0.500000 0.800000
vt 0.550000 0.800000
vt 0.600000 0.800000
vt 0.650000 0.800000
vt 0.700000 0.800000
vt 0.750000 0.800000
vt 0.800000 0.800000
vt 0.850000 0.800000
vt 0.900000 0.800000
vt 0.950000 0.800000
vt 1.000000 0.800000
vt 0.000000 0.850000
vt 0.050000 0.850000
vt 0.100000 0.850000
vt 0.150000 0.850000
vt 0.200000 0.850000
vt 0.250000 0.850000
vt 0.300000 0.850000
vt 0.350000 0.850000
vt 0.400000 0.850000
vt 0.450000 0.850000
vt 0.500000 0.850000
vt 0.550000 0.850000
vt 0.600000 0.850000
vt 0.650000 0.850000
vt 0.700000 0.850000
vt 0.750000 0.850000
vt 0.800000 0.850000
vt 0.850000 0.850000
vt 0.900000 0.850000
vt 0.950000 0.850000
vt 1.000000 0.850000
vt 0.000000 0.900000
vt 0.050000 0.900000
vt 0.100000 0.900000
vt 0.150000 0.900000
vt 0.200000 0.900000
vt 0.250000 0.900000
vt 0.300000 0.900000
vt 0.350000 0.900000
vt 0.400000 0.900000
vt 0.450000 0.900000
vt 0.500000 0.900000
vt 0.550000 0.900000
vt 0.600000 0.900000
vt 0.650000 0.900000
vt 0.700000 0.900000
vt 0.750000 0.900000
vt 0.800000 0.900000
vt 0.850000 0.900000
vt 0.900000 0.900000
vt 0.950000 0.900000
vt 1.000000 0.900000
vt 0.000000 0.950000
vt 0.050000 0.950000
vt 0.100000 0.950000
vt 0.150000 0.950000
vt 0.200000 0.950000
vt 0.250000 0.950000
vt 0.300000 0.950000
vt 0.350000 0.950000
vt 0.400000 0.950000
vt 0.450000 0.950000
vt 0.500000 0.950000
vt 0.550000 0.950000
vt 0.600000 0.950000
vt 0.650000 0.950000
vt 0.700000 0.950000
vt 0.750000 0.950000
vt 0.800000 0.950000
vt 0.850000 0.950000
vt 0.900000 0.950000
vt 0.950000 0.950000
vt 1.000000 0.950000
vt 0.025000 0.000000
vt 0.075000 0.000000
vt 0.125000 0.000000
vt 0.175000 0.000000
vt 0.225000 0.000000
vt 0.275000 0.000000
vt 0.325000 0.000000
vt 0.375000 0.000000
vt 0.425000 0.000000
vt 0.475000 0.000000
vt 0.525000 0.000000
vt 0.575000 0.000000
vt 0.625000 0.000000
vt 0.675000 0.000000
vt 0.725000 0.000000
vt 0.775000 0.000000
vt 0.825000 0.000000
vt 0.875000 0.000000
vt 0.925000 0.000000
vt 0.975000 0.000000
vt 0.025000 1.000000
vt 0.075000 1.000000
vt 0.125000 1.000000
vt 0.175000 1.000000
vt 0.225000 1.000000
vt 0.275000 1.000000
vt 0.325000 1.000000
vt 0.375000 1.000000
vt 0.425000 1.000000
vt 0.475000 1.000000
vt 0.525000 1.000000
vt 0.575000 1.000000
vt 0.625000 1.000000
vt 0.675000 1.000000
vt 0.725000 1.000000
vt 0.775000 1.000000
vt 0.825000 1.000000
vt 0.875000 1.000000
vt 0.925000 1.000000
vt 0.975000 1.000000
vt 0.775000 0.050000
vt 0.775000 0.100000
vt 0.775000 0.150000
vt 0.775000 0.200000
vt 0.775000 0.250000
vt 0.775000 0.300000
vt 0.775000 0.350000
vt 0.775000 0.400000
vt 0.775000 0.450000
vt 0.775000 0.500000
vt 0.775000 0.550000
vt 0.775000 0.600000
vt 0.775000 0.650000
vt 0.775000 0.700000
vt 0.775000 0.750000
vt 0.775000 0.800000
vt 0.775000 0.850000
vt 0.775000 0.900000
vt 0.775000 0.950000
vt 0.625000 0.050000
vt 0.625000 0.100000
vt 0.625000 0.150000
vt 0.625000 0.200000
vt 0.625000 0.250000
vt 0.625000 0.300000
vt 0.625000 0.350000
vt 0.625000 0.400000
vt 0.625000 0.450000
vt 0.625000 0.500000
vt 0.625000 0.550000
vt 0.625000 0.600000
vt 0.625000 0.650000
vt 0.625000 0.700000
vt 0.625000 0.750000
vt 0.625000 0.800000
vt 0.625000 0.850000
vt 0.625000 0.900000
vt 0.625000 0.950000
vt 0.650000 0.300000
vt 0.700000 0.300000
vt 0.750000 0.300000
vt 0.775000 0.300000
vt 0.775000 0.350000
vt 0.775000 0.400000
vt 0.750000 0.400000
vt 0.650000 0.450000
vt 0.650000 0.400000
vt 0.750000 0.450000
vt 0.700000 0.500000
vt 0.650000 0.500000
vt 0.750000 0.500000
vt 0.625000 0.350000
vt 0.625000 0.300000
vt 0.625000 0.400000
vt 0.650000 0.300000
vt 0.700000 0.300000
vt 0.650000 0.350000
vt 0.750000 0.300000
vt 0.750000 0.350000
vt 0.650000 0.400000
vt 0.750000 0.400000
vt 0.650000 0.450000
vt 0.750000 0.450000
vt 0.700000 0.500000
vt 0.650000 0.500000
vt 0.750000 0.500000
vt 0.650000 0.300000
vt 0.700000 0.300000
vt 0.650000 0.350000
vt 0.750000 0.300000
vt 0.750000 0.350000
vt 0.650000 0.400000
vt 0.750000 0.400000
vt 0.650000 0.450000
vt 0.750000 0.450000
vt 0.700000 0.500000
vt 0.650000 0.500000
vt 0.750000 0.500000
vt 0.650000 0.300000
vt 0.700000 0.300000
vt 0.650000 0.350000
vt 0.750000 0.300000
vt 0.750000 0.350000
vt 0.650000 0.400000
vt 0.750000 0.400000
vt 0.650000 0.450000
vt 0.750000 0.450000
vt 0.700000 0.500000
vt 0.650000 0.500000
vt 0.750000 0.500000
vt 0.650000 0.450000
vt 0.650000 0.500000
vt 0.700000 0.500000
vt 0.750000 0.500000
vt 0.750000 0.450000
vt 0.750000 0.400000
vt 0.775000 0.400000
vt 0.775000 0.350000
vt 0.775000 0.300000
vt 0.750000 0.300000
vt 0.700000 0.300000
vt 0.650000 0.300000
vt 0.625000 0.300000
vt 0.625000 0.350000
vt 0.625000 0.400000
vt 0.650000 0.400000
vt 0.750000 0.500000
vt 0.750000 0.450000
vt 0.750000 0.400000
vt 0.750000 0.350000
vt 0.750000 0.300000
vt 0.700000 0.300000
vt 0.650000 0.300000
vt 0.650000 0.350000
vt 0.650000 0.400000
vt 0.650000 0.450000
vt 0.650000 0.500000
vt 0.700000 0.500000
vt 0.750000 0.500000
vt 0.750000 0.450000
vt 0.750000 0.400000
vt 0.750000 0.350000
vt 0.750000 0.300000
vt 0.700000 0.300000
vt 0.650000 0.300000
vt 0.650000 0.350000
vt 0.650000 0.400000
vt 0.650000 0.450000
vt 0.650000 0.500000
vt 0.700000 0.500000
vt 0.775000 0.300000
vt 0.775000 0.350000
vt 0.775000 0.300000
vt 0.775000 0.400000
vt 0.775000 0.400000
vt 0.625000 0.350000
vt 0.625000 0.300000
vt 0.625000 0.300000
vt 0.625000 0.400000
vt 0.625000 0.400000
vt 0.775000 0.400000
vt 0.775000 0.350000
vt 0.775000 0.300000
vt 0.625000 0.300000
vt 0.625000 0.350000
vt 0.625000 0.400000
vn 0.206172 -0.975676 -0.074496
vn 0.173598 -0.974737 -0.140543
vn 0.185562 -0.970564 -0.153531
vn 0.218500 -0.972668 -0.078575
vn 0.124482 -0.973572 -0.191471
vn 0.135711 -0.966915 -0.216005
vn 0.064828 -0.972673 -0.222945
vn 0.072952 -0.963941 -0.255921
vn -0.000000 -0.972337 -0.233582
vn -0.000000 -0.962884 -0.269915
vn -0.064828 -0.972673 -0.222945
vn -0.072952 -0.963941 -0.255921
vn -0.124482 -0.973572 -0.191471
vn -0.135711 -0.966915 -0.216004
vn -0.173598 -0.974737 -0.140543
vn -0.185562 -0.970564 -0.153531
vn -0.206173 -0.975676 -0.074496
vn -0.218500 -0.972668 -0.078575
vn -0.217554 -0.976048 0.000000
vn -0.230023 -0.973185 0.000156
vn -0.206168 -0.975673 0.074545
vn -0.218834 -0.972610 0.078374
vn -0.173691 -0.974723 0.140520
vn -0.185891 -0.971243 0.148765
vn -0.129644 -0.974709 0.182030
vn -0.144586 -0.969785 0.196500
vn -0.089048 -0.976254 0.197481
vn -0.105159 -0.968113 0.227372
vn -0.054752 -0.973708 0.221120
vn 0.000000 -0.972442 0.233146
vn 0.000000 -0.967776 0.251811
vn -0.059211 -0.968039 0.243709
vn 0.054752 -0.973708 0.221121
vn 0.059211 -0.968039 0.243709
vn 0.089048 -0.976254 0.197482
vn 0.105159 -0.968113 0.227372
vn 0.129644 -0.974709 0.182030
vn 0.173691 -0.974723 0.140520
vn 0.185891 -0.971243 0.148766
vn 0.144586 -0.969785 0.196501
vn 0.206168 -0.975673 0.074545
vn 0.218834 -0.972610 0.078374
vn 0.217554 -0.976048 0.000000
vn 0.230023 -0.973185 0.000156
vn 0.201075 -0.962833 -0.180336
vn 0.237215 -0.967505 -0.087535
vn 0.148985 -0.953341 -0.262571
vn 0.083956 -0.945239 -0.315397
vn -0.000000 -0.942388 -0.334523
vn -0.083956 -0.945239 -0.315397
vn -0.148985 -0.953341 -0.262571
vn -0.201075 -0.962833 -0.180336
vn -0.237215 -0.967505 -0.087535
vn -0.249644 -0.968338 0.000185
vn -0.237732 -0.967582 0.085257
vn -0.202294 -0.965807 0.162154
vn -0.157573 -0.963917 0.214558
vn -0.114151 -0.962209 0.247233
vn 0.000000 -0.961200 0.275854
vn -0.064670 -0.961553 0.266895
vn 0.064670 -0.961553 0.266895
vn 0.114151 -0.962209 0.247233
vn 0.202294 -0.965807 0.162154
vn 0.157573 -0.963917 0.214558
vn 0.237732 -0.967582 0.085257
vn 0.249644 -0.968338 0.000185
vn 0.294428 -0.913729 -0.280021
vn 0.357705 -0.924171 -0.133996
vn 0.208762 -0.892403 -0.400044
vn 0.119658 -0.874332 -0.470346
vn -0.119658 -0.874332 -0.470346
vn -0.000000 -0.867749 -0.497002
vn -0.208762 -0.892403 -0.400044
vn -0.294428 -0.913729 -0.280021
vn -0.357705 -0.924171 -0.133997
vn -0.377566 -0.925983 -0.000008
vn -0.358479 -0.924785 0.127535
vn -0.303227 -0.921855 0.241324
vn -0.234802 -0.918696 0.317595
vn -0.166029 -0.918917 0.357807
vn 0.000000 -0.914612 0.404334
vn -0.095531 -0.915163 0.391600
vn 0.095531 -0.915163 0.391600
vn 0.166029 -0.918917 0.357807
vn 0.303227 -0.921855 0.241324
vn 0.234802 -0.918696 0.317595
vn 0.358479 -0.924785 0.127535
vn 0.377566 -0.925983 -0.000007
vn 0.453804 -0.774118 -0.441366
vn 0.565482 -0.797127 -0.211704
vn 0.305283 -0.728654 -0.613079
vn 0.174548 -0.692752 -0.699734
vn -0.174548 -0.692752 -0.699734
vn -0.000000 -0.679495 -0.733680
vn -0.305283 -0.728654 -0.613079
vn -0.453804 -0.774118 -0.441366
vn -0.565482 -0.797127 -0.211704
vn -0.598142 -0.801390 -0.000161
vn -0.566339 -0.799471 0.200264
vn -0.476704 -0.794047 0.377150
vn -0.357122 -0.773044 0.524277
vn -0.257065 -0.748000 0.611893
vn 0.000000 -0.773159 0.634212
vn -0.168866 -0.767346 0.618598
vn 0.168866 -0.767346 0.618599
vn 0.257065 -0.748000 0.611893
vn 0.476704 -0.794047 0.377150
vn 0.357122 -0.773044 0.524278
vn 0.566339 -0.799471 0.200263
vn 0.598143 -0.801390 -0.000160
vn 0.622415 -0.487038 -0.612693
vn 0.802428 -0.516737 -0.298483
vn 0.391162 -0.427843 -0.814826
vn 0.219554 -0.385220 -0.896327
vn -0.000000 -0.370790 -0.928717
vn -0.219554 -0.385220 -0.896327
vn -0.391163 -0.427843 -0.814826
vn -0.622415 -0.487038 -0.612694
vn -0.802427 -0.516738 -0.298484
vn -0.854408 -0.519601 0.001090
vn -0.808251 -0.514577 0.286254
vn -0.676676 -0.505819 0.535030
vn -0.470787 -0.470799 0.746128
vn -0.346129 -0.599089 0.722003
vn -0.000000 -0.898937 0.438078
vn -0.111510 -0.866855 0.485930
vn 0.111510 -0.866855 0.485931
vn 0.346129 -0.599089 0.722003
vn 0.676676 -0.505819 0.535030
vn 0.470787 -0.470799 0.746128
vn 0.808251 -0.514577 0.286254
vn 0.854408 -0.519601 0.001091
vn 0.694148 -0.204336 -0.690221
vn 0.915553 -0.219826 -0.336807
vn 0.416559 -0.165941 -0.893836
vn 0.231693 -0.141238 -0.962481
vn -0.000000 -0.134351 -0.990934
vn -0.231693 -0.141238 -0.962481
vn -0.416560 -0.165941 -0.893835
vn -0.694148 -0.204335 -0.690221
vn -0.915553 -0.219824 -0.336808
vn -0.976682 -0.214631 0.005106
vn -0.921668 -0.204280 0.329845
vn -0.768252 -0.192725 0.610447
vn -0.514305 -0.171822 0.840219
vn -0.410751 -0.132450 0.902075
vn -0.464214 -0.885103 0.033141
vn 0.000000 -0.997875 0.065155
vn -0.000000 -0.901259 0.433280
vn -0.519253 -0.785117 0.337590
vn 0.464214 -0.885103 0.033141
vn 0.519253 -0.785117 0.337590
vn 0.242419 -0.939053 0.243747
vn 0.319536 -0.820300 0.474346
vn 0.582202 -0.147380 0.799575
vn 0.858094 -0.130080 0.496744
vn 0.768252 -0.192725 0.610448
vn 0.514305 -0.171821 0.840219
vn 0.921668 -0.204280 0.329846
vn 0.976682 -0.214632 0.005107
vn 0.705698 -0.060274 -0.705944
vn 0.937842 -0.062116 -0.341460
vn 0.418319 -0.051655 -0.906830
vn 0.233097 -0.051045 -0.971113
vn 0.000000 -0.052336 -0.998630
vn -0.233097 -0.051045 -0.971113
vn -0.418319 -0.051655 -0.906830
vn -0.705698 -0.060273 -0.705944
vn -0.937841 -0.062114 -0.341461
vn -0.998606 -0.051846 0.009872
vn -0.939420 -0.038530 0.340596
vn -0.780574 -0.026808 0.624488
vn -0.521957 -0.028592 0.852493
vn -0.425295 0.082134 0.901320
vn 0.000000 -0.603496 0.797366
vn -0.484599 -0.546970 0.682633
vn 0.484599 -0.546969 0.682633
vn 0.673867 0.432156 0.599286
vn 0.961387 0.054491 0.269752
vn 0.780574 -0.026808 0.624488
vn 0.521957 -0.028592 0.852493
vn 0.939420 -0.038530 0.340596
vn 0.998606 -0.051847 0.009873
vn 0.710018 0.050575 -0.702365
vn 0.939715 0.059851 -0.336680
vn 0.424874 0.032406 -0.904672
vn 0.237775 0.013550 -0.971226
vn -0.000000 0.006189 -0.999981
vn -0.237775 0.013550 -0.971226
vn -0.424875 0.032406 -0.904672
vn -0.710019 0.050574 -0.702364
vn -0.939715 0.059850 -0.336681
vn -0.997477 0.069250 0.015618
vn -0.935431 0.079136 0.344538
vn -0.775466 0.086103 0.625491
vn -0.545323 0.062672 0.835880
vn -0.360076 0.018718 0.932735
vn 0.000000 -0.258260 0.966075
vn -0.442264 -0.208540 0.872304
vn 0.442265 -0.208540 0.872303
vn 0.781854 0.280488 0.556803
vn 0.425295 0.082134 0.901320
vn 0.360077 0.018718 0.932735
vn 0.691539 0.077325 0.718189
vn 0.775466 0.086103 0.625491
vn 0.545323 0.062672 0.835880
vn 0.935431 0.079136 0.344538
vn 0.997477 0.069250 0.015620
vn 0.707176 0.165796 -0.687323
vn 0.926533 0.186227 -0.326888
vn 0.432691 0.124794 -0.892864
vn 0.242975 0.095055 -0.965364
vn -0.000000 0.085497 -0.996338
vn -0.242976 0.095055 -0.965364
vn -0.432691 0.124794 -0.892863
vn -0.707177 0.165796 -0.687322
vn -0.926533 0.186226 -0.326890
vn -0.981585 0.190046 0.019320
vn -0.920281 0.189495 0.342308
vn -0.763349 0.186245 0.618556
vn -0.572222 0.172656 0.801718
vn -0.383550 0.135861 0.913472
vn -0.000000 0.106351 0.994329
vn -0.313719 0.112476 0.942831
vn 0.313720 0.112476 0.942830
vn 0.383550 0.135861 0.913472
vn 0.344613 0.337742 0.875884
vn 0.763349 0.186245 0.618556
vn 0.572222 0.172656 0.801718
vn 0.920281 0.189496 0.342308
vn 0.981585 0.190047 0.019322
vn 0.681114 0.312768 -0.662012
vn 0.883655 0.342554 -0.319077
vn 0.427228 0.256101 -0.867115
vn 0.240247 0.221344 -0.945139
vn -0.000000 0.211146 -0.977455
vn -0.240247 0.221344 -0.945139
vn -0.427228 0.256101 -0.867115
vn -0.681115 0.312767 -0.662012
vn -0.883655 0.342553 -0.319079
vn -0.938963 0.343875 0.009908
vn -0.885059 0.338260 0.319768
vn -0.738242 0.330077 0.588258
vn -0.564777 0.323223 0.759311
vn -0.396909 0.308338 0.864518
vn -0.344613 0.337742 0.875884
vn -0.000000 0.669901 0.742450
vn -0.000000 0.349034 0.937110
vn -0.246509 0.327009 0.912304
vn 0.246509 0.327009 0.912304
vn 0.396909 0.308338 0.864518
vn 0.738242 0.330077 0.588258
vn 0.564777 0.323223 0.759311
vn 0.885059 0.338260 0.319767
vn 0.938963 0.343875 0.009910
vn 0.633338 0.445781 -0.632584
vn 0.797881 0.511111 -0.319611
vn 0.421923 0.339060 -0.840844
vn 0.240741 0.263375 -0.934172
vn -0.000000 0.237771 -0.971321
vn -0.240741 0.263375 -0.934172
vn -0.421923 0.339060 -0.840844
vn -0.633339 0.445780 -0.632584
vn -0.797882 0.511109 -0.319611
vn -0.848115 0.529218 -0.025067
vn -0.809220 0.528901 0.255785
vn -0.687074 0.517793 0.509725
vn -0.532338 0.505388 0.679116
vn -0.382121 0.493158 0.781523
vn 0.000000 0.483004 0.875618
vn -0.217472 0.484566 0.847291
vn 0.217472 0.484566 0.847291
vn 0.382122 0.493158 0.781523
vn 0.687074 0.517793 0.509725
vn 0.532339 0.505387 0.679116
vn 0.809221 0.528901 0.255785
vn 0.848115 0.529219 -0.025066
vn 0.557805 0.582312 -0.591411
vn 0.681920 0.662507 -0.309952
vn 0.390623 0.466229 -0.793753
vn 0.223239 0.384040 -0.895923
vn -0.000000 0.353402 -0.935472
vn -0.223239 0.384040 -0.895923
vn -0.390623 0.466229 -0.793753
vn -0.557805 0.582312 -0.591411
vn -0.681920 0.662506 -0.309952
vn -0.718921 0.692871 -0.055527
vn -0.685758 0.704490 0.182838
vn -0.585305 0.705111 0.400296
vn -0.457230 0.700505 0.547936
vn -0.333930 0.696502 0.635119
vn 0.000000 0.689570 0.724219
vn -0.187942 0.690128 0.698857
vn 0.187942 0.690128 0.698857
vn 0.333930 0.696502 0.635119
vn 0.585305 0.705111 0.400295
vn 0.457230 0.700504 0.547936
vn 0.685758 0.704490 0.182838
vn 0.718920 0.692871 -0.055527
vn 0.429480 0.753281 -0.498111
vn 0.530259 0.795377 -0.293599
vn 0.306210 0.697095 -0.648301
vn 0.174387 0.659801 -0.730925
vn 0.000000 0.645427 -0.763821
vn -0.174387 0.659801 -0.730925
vn -0.306210 0.697095 -0.648301
vn -0.429480 0.753281 -0.498111
vn -0.530259 0.795377 -0.293600
vn -0.573648 0.813243 -0.097794
vn -0.559429 0.823540 0.093925
vn -0.484144 0.831085 0.273684
vn -0.380903 0.834415 0.398327
vn -0.275613 0.838197 0.470600
vn -0.000000 0.838470 0.544948
vn -0.157479 0.837394 0.523423
vn 0.157479 0.837394 0.523423
vn 0.275613 0.838197 0.470600
vn 0.484144 0.831085 0.273684
vn 0.380903 0.834415 0.398327
vn 0.559428 0.823540 0.093925
vn 0.573647 0.813244 -0.097794
vn 0.363688 0.809276 -0.461306
vn 0.434506 0.852005 -0.292046
vn 0.269873 0.758277 -0.593452
vn 0.153137 0.723649 -0.672964
vn 0.000000 0.710391 -0.703807
vn -0.153137 0.723649 -0.672964
vn -0.269873 0.758277 -0.593452
vn -0.363688 0.809276 -0.461305
vn -0.434506 0.852005 -0.292047
vn -0.463248 0.875886 -0.134999
vn -0.450064 0.892832 0.017145
vn -0.390053 0.906601 0.161041
vn -0.307203 0.914946 0.261724
vn -0.222960 0.919636 0.323355
vn 0.000000 0.924205 0.381898
vn -0.127639 0.922428 0.364465
vn 0.127639 0.922428 0.364464
vn 0.222960 0.919636 0.323355
vn 0.390053 0.906601 0.161040
vn 0.307203 0.914946 0.261724
vn 0.450064 0.892832 0.017145
vn 0.463248 0.875886 -0.134998
vn 0.320584 0.848264 -0.421515
vn 0.377022 0.881794 -0.283362
vn 0.239794 0.809685 -0.535639
vn 0.133136 0.784115 -0.606166
vn 0.000000 0.774950 -0.632023
vn -0.133137 0.784115 -0.606166
vn -0.239794 0.809685 -0.535639
vn -0.320584 0.848263 -0.421515
vn -0.377021 0.881794 -0.283363
vn -0.399636 0.903697 -0.153694
vn -0.386899 0.921766 -0.025605
vn -0.334898 0.937284 0.096651
vn -0.263665 0.947188 0.182525
vn -0.191919 0.952408 0.236825
vn -0.000000 0.958430 0.285326
vn -0.109491 0.956526 0.270313
vn 0.109491 0.956526 0.270313
vn 0.191919 0.952408 0.236825
vn 0.334898 0.937284 0.096651
vn 0.263665 0.947188 0.182525
vn 0.386900 0.921766 -0.025605
vn 0.399637 0.903697 -0.153693
vn 0.276037 0.884800 -0.375409
vn 0.326055 0.905953 -0.270068
vn 0.202231 0.862217 -0.464419
vn 0.109103 0.846672 -0.520810
vn 0.000000 0.841177 -0.540760
vn -0.109103 0.846672 -0.520810
vn -0.202232 0.862217 -0.464419
vn -0.276037 0.884800 -0.375409
vn -0.326055 0.905953 -0.270068
vn -0.347016 0.923470 -0.163657
vn -0.336123 0.940266 -0.054043
vn -0.290632 0.955453 0.051408
vn -0.228738 0.965354 0.125580
vn -0.166161 0.971108 0.171291
vn 0.000000 0.976810 0.214107
vn -0.094765 0.974985 0.201056
vn 0.094765 0.974985 0.201056
vn 0.166161 0.971108 0.171291
vn 0.290632 0.955453 0.051407
vn 0.228738 0.965354 0.125580
vn 0.336123 0.940266 -0.054043
vn 0.347016 0.923470 -0.163657
vn 0.221216 0.916534 -0.333210
vn 0.262886 0.929900 -0.257248
vn 0.158995 0.904389 -0.395981
vn 0.084127 0.896004 -0.436005
vn 0.000000 0.893066 -0.449925
vn -0.084127 0.896004 -0.436005
vn -0.158995 0.904389 -0.395981
vn -0.221217 0.916534 -0.333210
vn -0.262886 0.929900 -0.257249
vn -0.280416 0.944018 -0.173774
vn -0.271056 0.958741 -0.085698
vn -0.233683 0.972312 -0.001392
vn -0.183594 0.981296 0.057895
vn -0.132534 0.986805 0.093015
vn 0.000000 0.991753 0.128160
vn -0.075877 0.990143 0.117724
vn 0.075877 0.990143 0.117724
vn 0.132533 0.986805 0.093015
vn 0.233683 0.972312 -0.001392
vn 0.183594 0.981296 0.057895
vn 0.271056 0.958741 -0.085698
vn 0.280416 0.944018 -0.173774
vn 0.162134 0.940877 -0.297426
vn 0.191769 0.950778 -0.243405
vn 0.116694 0.932832 -0.340891
vn 0.061808 0.927560 -0.368528
vn 0.000000 0.925895 -0.377781
vn -0.061808 0.927560 -0.368528
vn -0.116694 0.932832 -0.340891
vn -0.162134 0.940877 -0.297427
vn -0.191769 0.950778 -0.243406
vn -0.203319 0.961957 -0.182482
vn -0.195438 0.973494 -0.118802
vn -0.167825 0.984068 -0.058688
vn -0.126618 0.991743 -0.020317
vn -0.086734 0.996193 -0.008762
vn 0.000000 0.999446 0.033284
vn -0.054313 0.998336 0.019344
vn 0.054314 0.998336 0.019345
vn 0.086735 0.996193 -0.008757
vn 0.167825 0.984068 -0.058688
vn 0.126618 0.991743 -0.020316
vn 0.195438 0.973494 -0.118802
vn 0.203319 0.961957 -0.182481
vn -0.000000 -1.000000 -0.000027
vn 0.000000 0.981971 -0.189030
vn 0.410752 -0.132450 0.902075
vn -0.582202 -0.147381 0.799575
vn -0.319536 -0.820300 0.474346
vn -0.242419 -0.939053 0.243748
vn -0.858094 -0.130080 0.496744
vn -0.673868 0.432156 0.599286
vn -0.961387 0.054491 0.269752
vn -0.781855 0.280488 0.556803
vn -0.691539 0.077326 0.718189
vn -0.000000 -0.999990 0.004475
vn 0.011092 -0.999907 -0.007923
vn -0.011092 -0.999907 -0.007923
vn 0.290962 -0.955270 -0.052920
vn 0.830663 -0.297492 -0.470635
vn 0.924649 0.102564 -0.366749
vn 0.939472 -0.033753 0.340960
vn 0.882306 -0.439507 0.168436
vn 0.833071 0.540073 -0.119641
vn 0.786139 0.511906 0.346319
vn 0.917196 0.350693 0.189118
vn 0.533198 0.808481 0.249116
vn -0.917196 0.350693 0.189117
vn -0.966346 0.173021 0.190365
vn 0.966346 0.173021 0.190365
vn -0.479133 0.811054 0.335594
vn -0.000000 0.956914 0.290371
vn 0.479133 0.811054 0.335594
vn -0.924649 0.102564 -0.366749
vn -0.830663 -0.297492 -0.470636
vn -0.882306 -0.439506 0.168436
vn -0.939472 -0.033753 0.340960
vn -0.290963 -0.955270 -0.052920
vn -0.833071 0.540073 -0.119641
vn -0.786140 0.511906 0.346320
vn -0.533198 0.808480 0.249116
vn -0.000000 -0.998520 0.054375
vn -0.000000 -0.998188 -0.060176
vn -0.458088 -0.884222 0.091146
vn -0.972932 -0.113971 0.201033
vn 0.458088 -0.884222 0.091146
vn 0.972932 -0.113971 0.201033
vn -0.982050 -0.059248 0.179074
vn 0.982050 -0.059248 0.179074
vn -0.949717 0.222959 0.219833
vn -0.949730 0.202283 0.238945
vn 0.949717 0.222959 0.219833
vn 0.949730 0.202283 0.238945
vn -0.000000 0.943304 0.331931
vn -0.495274 0.809738 0.314686
vn -0.485668 0.786044 0.382441
vn 0.000000 0.911880 0.410457
vn 0.495274 0.809738 0.314686
vn 0.485668 0.786044 0.382441
vn -0.455011 -0.882998 -0.115234
vn -0.000000 -0.961014 -0.276499
vn 0.000000 -0.943981 -0.329999
vn -0.430910 -0.862073 -0.266733
vn -0.985032 -0.111869 0.131141
vn -0.978738 -0.187691 0.082734
vn 0.455011 -0.882998 -0.115235
vn 0.430910 -0.862073 -0.266733
vn 0.985032 -0.111869 0.131141
vn 0.978737 -0.187692 0.082734
vn -0.988462 -0.089352 0.122306
vn -0.993471 -0.094340 0.064155
vn 0.988462 -0.089352 0.122306
vn 0.993471 -0.094339 0.064155
vn -0.960642 0.145499 0.236639
vn -0.960655 0.115602 0.252544
vn 0.960642 0.145498 0.236639
vn 0.960655 0.115603 0.252544
vn 0.000000 0.845297 0.534296
vn -0.487611 0.745002 0.455201
vn -0.514829 0.619897 0.592181
vn 0.000000 0.712434 0.701739
vn 0.487611 0.745002 0.455201
vn 0.514829 0.619897 0.592181
vn -0.445823 -0.882688 -0.148674
vn 0.000000 -0.979223 -0.202785
vn -0.930524 -0.363571 0.044051
vn 0.445824 -0.882688 -0.148674
vn 0.930524 -0.363571 0.044051
vn -0.980739 -0.175700 0.085324
vn 0.980739 -0.175699 0.085324
vn -0.938375 0.087872 0.334261
vn 0.938375 0.087873 0.334261
vn -0.000000 0.563629 0.826028
vn -0.550631 0.446295 0.705426
vn 0.550631 0.446295 0.705426
vn 0.737792 0.412495 0.534332
vn 0.827747 -0.053267 0.558568
vn 0.783088 -0.383367 0.489696
vn -0.783088 -0.383367 0.489696
vn -0.827747 -0.053267 0.558568
vn -0.737792 0.412494 0.534332
s 1
g group1 head
usemtl initialShadingGroup
f 3148/3911/3400 3149/3912/3401 3169/3933/3402 3168/3932/3403
f 3149/3912/3401 3150/3913/3404 3170/3934/3405 3169/3933/3402
f 3150/3913/3404 3151/3914/3406 3171/3935/3407 3170/3934/3405
f 3151/3914/3406 3152/3915/3408 3172/3936/3409 3171/3935/3407
f 3152/3915/3408 3153/3916/3410 3173/3937/3411 3172/3936/3409
f 3153/3916/3410 3154/3917/3412 3174/3938/3413 3173/3937/3411
f 3154/3917/3412 3155/3918/3414 3175/3939/3415 3174/3938/3413
f 3155/3918/3414 3156/3919/3416 3176/3940/3417 3175/3939/3415
f 3156/3919/3416 3157/3920/3418 3177/3941/3419 3176/3940/3417
f 3157/3920/3418 3158/3921/3420 3178/3942/3421 3177/3941/3419
f 3158/3921/3420 3159/3922/3422 3179/3943/3423 3178/3942/3421
f 3159/3922/3422 3160/3923/3424 3180/3944/3425 3179/3943/3423
f 3160/3923/3424 3544/4369/3426 3545/4370/3427 3180/3944/3425
f 3161/3924/3428 3162/3925/3429 3182/3946/3430 3181/3945/3431
f 3162/3925/3429 3163/3926/3432 3183/3947/3433 3182/3946/3430
f 3163/3926/3432 3525/4350/3434 3526/4351/3435 3183/3947/3433
f 3164/3927/3436 3165/3928/3437 3185/3949/3438 3184/3948/3439
f 3165/3928/3437 3166/3929/3440 3186/3950/3441 3185/3949/3438
f 3166/3929/3440 3167/3930/3442 3187/3951/3443 3186/3950/3441
f 3167/3930/3442 3148/3931/3400 3168/3952/3403 3187/3951/3443
f 3168/3932/3403 3169/3933/3402 3189/3954/3444 3188/3953/3445
f 3169/3933/3402 3170/3934/3405 3190/3955/3446 3189/3954/3444
f 3170/3934/3405 3171/3935/3407 3191/3956/3447 3190/3955/3446
f 3171/3935/3407 3172/3936/3409 3192/3957/3448 3191/3956/3447
f 3172/3936/3409 3173/3937/3411 3193/3958/3449 3192/3957/3448
f 3173/3937/3411 3174/3938/3413 3194/3959/3450 3193/3958/3449
f 3174/3938/3413 3175/3939/3415 3195/3960/3451 3194/3959/3450
f 3175/3939/3415 3176/3940/3417 3196/3961/3452 3195/3960/3451
f 3176/3940/3417 3177/3941/3419 3197/3962/3453 3196/3961/3452
f 3177/3941/3419 3178/3942/3421 3198/3963/3454 3197/3962/3453
f 3178/3942/3421 3179/3943/3423 3199/3964/3455 3198/3963/3454
f 3179/3943/3423 3180/3944/3425 3200/3965/3456 3199/3964/3455
f 3180/3944/3425 3545/4370/3427 3546/4371/3457 3200/3965/3456
f 3181/3945/3431 3182/3946/3430 3202/3967/3458 3201/3966/3459
f 3182/3946/3430 3183/3947/3433 3203/3968/3460 3202/3967/3458
f 3183/3947/3433 3526/4351/3435 3527/4352/3461 3203/3968/3460
f 3184/3948/3439 3185/3949/3438 3205/3970/3462 3204/3969/3463
f 3185/3949/3438 3186/3950/3441 3206/3971/3464 3205/3970/3462
f 3186/3950/3441 3187/3951/3443 3207/3972/3465 3206/3971/3464
f 3187/3951/3443 3168/3952/3403 3188/3973/3445 3207/3972/3465
f 3188/3953/3445 3189/3954/3444 3209/3975/3466 3208/3974/3467
f 3189/3954/3444 3190/3955/3446 3210/3976/3468 3209/3975/3466
f 3190/3955/3446 3191/3956/3447 3211/3977/3469 3210/3976/3468
f 3192/3957/3448 3193/3958/3449 3213/3979/3470 3212/3978/3471
f 3193/3958/3449 3194/3959/3450 3214/3980/3472 3213/3979/3470
f 3194/3959/3450 3195/3960/3451 3215/3981/3473 3214/3980/3472
f 3195/3960/3451 3196/3961/3452 3216/3982/3474 3215/3981/3473
f 3196/3961/3452 3197/3962/3453 3217/3983/3475 3216/3982/3474
f 3197/3962/3453 3198/3963/3454 3218/3984/3476 3217/3983/3475
f 3198/3963/3454 3199/3964/3455 3219/3985/3477 3218/3984/3476
f 3199/3964/3455 3200/3965/3456 3220/3986/3478 3219/3985/3477
f 3200/3965/3456 3546/4371/3457 3547/4372/3479 3220/3986/3478
f 3201/3966/3459 3202/3967/3458 3222/3988/3480 3221/3987/3481
f 3202/3967/3458 3203/3968/3460 3223/3989/3482 3222/3988/3480
f 3203/3968/3460 3527/4352/3461 3528/4353/3483 3223/3989/3482
f 3204/3969/3463 3205/3970/3462 3225/3991/3484 3224/3990/3485
f 3205/3970/3462 3206/3971/3464 3226/3992/3486 3225/3991/3484
f 3206/3971/3464 3207/3972/3465 3227/3993/3487 3226/3992/3486
f 3207/3972/3465 3188/3973/3445 3208/3994/3467 3227/3993/3487
f 3208/3974/3467 3209/3975/3466 3229/3996/3488 3228/3995/3489
f 3209/3975/3466 3210/3976/3468 3230/3997/3490 3229/3996/3488
f 3210/3976/3468 3211/3977/3469 3231/3998/3491 3230/3997/3490
f 3212/3978/3471 3213/3979/3470 3233/4000/3492 3232/3999/3493
f 3213/3979/3470 3214/3980/3472 3234/4001/3494 3233/4000/3492
f 3214/3980/3472 3215/3981/3473 3235/4002/3495 3234/4001/3494
f 3215/3981/3473 3216/3982/3474 3236/4003/3496 3235/4002/3495
f 3216/3982/3474 3217/3983/3475 3237/4004/3497 3236/4003/3496
f 3217/3983/3475 3218/3984/3476 3238/4005/3498 3237/4004/3497
f 3218/3984/3476 3219/3985/3477 3239/4006/3499 3238/4005/3498
f 3219/3985/3477 3220/3986/3478 3240/4007/3500 3239/4006/3499
f 3220/3986/3478 3547/4372/3479 3548/4373/3501 3240/4007/3500
f 3221/3987/3481 3222/3988/3480 3242/4009/3502 3241/4008/3503
f 3222/3988/3480 3223/3989/3482 3243/4010/3504 3242/4009/3502
f 3223/3989/3482 3528/4353/3483 3529/4354/3505 3243/4010/3504
f 3224/3990/3485 3225/3991/3484 3245/4012/3506 3244/4011/3507
f 3225/3991/3484 3226/3992/3486 3246/4013/3508 3245/4012/3506
f 3226/3992/3486 3227/3993/3487 3247/4014/3509 3246/4013/3508
f 3227/3993/3487 3208/3994/3467 3228/4015/3489 3247/4014/3509
f 3228/3995/3489 3229/3996/3488 3249/4017/3510 3248/4016/3511
f 3229/3996/3488 3230/3997/3490 3250/4018/3512 3249/4017/3510
f 3230/3997/3490 3231/3998/3491 3251/4019/3513 3250/4018/3512
f 3231/3998/3491 3232/3999/3493 3252/4020/3514 3251/4019/3513
f 3232/3999/3493 3233/4000/3492 3253/4021/3515 3252/4020/3514
f 3233/4000/3492 3234/4001/3494 3254/4022/3516 3253/4021/3515
f 3234/4001/3494 3235/4002/3495 3255/4023/3517 3254/4022/3516
f 3235/4002/3495 3236/4003/3496 3256/4024/3518 3255/4023/3517
f 3236/4003/3496 3237/4004/3497 3257/4025/3519 3256/4024/3518
f 3237/4004/3497 3238/4005/3498 3258/4026/3520 3257/4025/3519
f 3238/4005/3498 3239/4006/3499 3259/4027/3521 3258/4026/3520
f 3239/4006/3499 3240/4007/3500 3260/4028/3522 3259/4027/3521
f 3240/4007/3500 3548/4373/3501 3549/4374/3523 3260/4028/3522
f 3241/4008/3503 3242/4009/3502 3262/4030/3524 3261/4029/3525
f 3242/4009/3502 3243/4010/3504 3263/4031/3526 3262/4030/3524
f 3243/4010/3504 3529/4354/3505 3530/4355/3527 3263/4031/3526
f 3244/4011/3507 3245/4012/3506 3265/4033/3528 3264/4032/3529
f 3245/4012/3506 3246/4013/3508 3266/4034/3530 3265/4033/3528
f 3246/4013/3508 3247/4014/3509 3267/4035/3531 3266/4034/3530
f 3247/4014/3509 3228/4015/3489 3248/4036/3511 3267/4035/3531
f 3248/4016/3511 3249/4017/3510 3269/4038/3532 3268/4037/3533
f 3249/4017/3510 3250/4018/3512 3270/4039/3534 3269/4038/3532
f 3250/4018/3512 3251/4019/3513 3271/4040/3535 3270/4039/3534
f 3251/4019/3513 3252/4020/3514 3272/4041/3536 3271/4040/3535
f 3252/4020/3514 3253/4021/3515 3273/4042/3537 3272/4041/3536
f 3253/4021/3515 3254/4022/3516 3274/4043/3538 3273/4042/3537
f 3254/4022/3516 3255/4023/3517 3275/4044/3539 3274/4043/3538
f 3255/4023/3517 3256/4024/3518 3276/4045/3540 3275/4044/3539
f 3256/4024/3518 3257/4025/3519 3277/4046/3541 3276/4045/3540
f 3257/4025/3519 3258/4026/3520 3278/4047/3542 3277/4046/3541
f 3258/4026/3520 3259/4027/3521 3279/4048/3543 3278/4047/3542
f 3259/4027/3521 3260/4028/3522 3280/4049/3544 3279/4048/3543
f 3260/4028/3522 3549/4374/3523 3550/4375/3545 3280/4049/3544
f 3605/4428/3546 3606/4429/3547 3607/4051/3548 3608/4430/3549
f 3606/4429/3547 3609/4431/3550 3610/4432/3551 3607/4051/3548
f 3566/4390/3552 3568/4391/3553 3569/4392/3554 3567/4052/3555
f 3264/4032/3529 3265/4033/3528 3282/4054/3556 3281/4053/3557
f 3265/4033/3528 3266/4034/3530 3283/4055/3558 3282/4054/3556
f 3266/4034/3530 3267/4035/3531 3284/4056/3559 3283/4055/3558
f 3267/4035/3531 3248/4036/3511 3268/4057/3533 3284/4056/3559
f 3268/4037/3533 3269/4038/3532 3286/4059/3560 3285/4058/3561
f 3269/4038/3532 3270/4039/3534 3287/4060/3562 3286/4059/3560
f 3270/4039/3534 3271/4040/3535 3288/4061/3563 3287/4060/3562
f 3271/4040/3535 3272/4041/3536 3289/4062/3564 3288/4061/3563
f 3272/4041/3536 3273/4042/3537 3290/4063/3565 3289/4062/3564
f 3273/4042/3537 3274/4043/3538 3291/4064/3566 3290/4063/3565
f 3274/4043/3538 3275/4044/3539 3292/4065/3567 3291/4064/3566
f 3275/4044/3539 3276/4045/3540 3293/4066/3568 3292/4065/3567
f 3276/4045/3540 3277/4046/3541 3294/4067/3569 3293/4066/3568
f 3277/4046/3541 3278/4047/3542 3295/4068/3570 3294/4067/3569
f 3278/4047/3542 3279/4048/3543 3296/4069/3571 3295/4068/3570
f 3279/4048/3543 3280/4049/3544 3297/4070/3572 3296/4069/3571
f 3280/4049/3544 3550/4375/3545 3551/4376/3573 3297/4070/3572
f 3608/4430/3549 3607/4051/3548 3611/4072/3574 3612/4433/3575
f 3607/4051/3548 3610/4432/3551 3613/4434/3576 3611/4072/3574
f 3567/4052/3555 3569/4392/3554 3572/4393/3577 3571/4394/3578
f 3281/4053/3557 3282/4054/3556 3301/4075/3579 3300/4074/3580
f 3282/4054/3556 3283/4055/3558 3302/4076/3581 3301/4075/3579
f 3283/4055/3558 3284/4056/3559 3303/4077/3582 3302/4076/3581
f 3284/4056/3559 3268/4057/3533 3285/4078/3561 3303/4077/3582
f 3285/4058/3561 3286/4059/3560 3305/4080/3583 3304/4079/3584
f 3286/4059/3560 3287/4060/3562 3306/4081/3585 3305/4080/3583
f 3287/4060/3562 3288/4061/3563 3307/4082/3586 3306/4081/3585
f 3288/4061/3563 3289/4062/3564 3308/4083/3587 3307/4082/3586
f 3289/4062/3564 3290/4063/3565 3309/4084/3588 3308/4083/3587
f 3290/4063/3565 3291/4064/3566 3310/4085/3589 3309/4084/3588
f 3291/4064/3566 3292/4065/3567 3311/4086/3590 3310/4085/3589
f 3292/4065/3567 3293/4066/3568 3312/4087/3591 3311/4086/3590
f 3293/4066/3568 3294/4067/3569 3313/4088/3592 3312/4087/3591
f 3294/4067/3569 3295/4068/3570 3314/4089/3593 3313/4088/3592
f 3295/4068/3570 3296/4069/3571 3315/4090/3594 3314/4089/3593
f 3296/4069/3571 3297/4070/3572 3316/4091/3595 3315/4090/3594
f 3297/4070/3572 3551/4376/3573 3552/4377/3596 3316/4091/3595
f 3612/4433/3575 3611/4072/3574 3614/4093/3597 3615/4435/3598
f 3611/4072/3574 3613/4434/3576 3616/4436/3599 3614/4093/3597
f 3299/4073/3600 3532/4357/3601 3533/4358/3602 3318/4094/3603
f 3300/4074/3580 3301/4075/3579 3320/4096/3604 3319/4095/3605
f 3301/4075/3579 3302/4076/3581 3321/4097/3606 3320/4096/3604
f 3302/4076/3581 3303/4077/3582 3322/4098/3607 3321/4097/3606
f 3303/4077/3582 3285/4078/3561 3304/4099/3584 3322/4098/3607
f 3304/4079/3584 3305/4080/3583 3324/4101/3608 3323/4100/3609
f 3305/4080/3583 3306/4081/3585 3325/4102/3610 3324/4101/3608
f 3306/4081/3585 3307/4082/3586 3326/4103/3611 3325/4102/3610
f 3307/4082/3586 3308/4083/3587 3327/4104/3612 3326/4103/3611
f 3308/4083/3587 3309/4084/3588 3328/4105/3613 3327/4104/3612
f 3309/4084/3588 3310/4085/3589 3329/4106/3614 3328/4105/3613
f 3310/4085/3589 3311/4086/3590 3330/4107/3615 3329/4106/3614
f 3311/4086/3590 3312/4087/3591 3331/4108/3616 3330/4107/3615
f 3312/4087/3591 3313/4088/3592 3332/4109/3617 3331/4108/3616
f 3313/4088/3592 3314/4089/3593 3333/4110/3618 3332/4109/3617
f 3314/4089/3593 3315/4090/3594 3334/4111/3619 3333/4110/3618
f 3315/4090/3594 3316/4091/3595 3335/4112/3620 3334/4111/3619
f 3316/4091/3595 3552/4377/3596 3553/4378/3621 3335/4112/3620
f 3615/4435/3598 3614/4093/3597 3617/4437/3622 3618/4438/3623
f 3614/4093/3597 3616/4436/3599 3619/4439/3624 3617/4437/3622
f 3318/4094/3603 3533/4358/3602 3534/4359/3625 3338/4115/3626
f 3319/4095/3605 3320/4096/3604 3340/4117/3627 3339/4116/3628
f 3320/4096/3604 3321/4097/3606 3341/4118/3629 3340/4117/3627
f 3321/4097/3606 3322/4098/3607 3342/4119/3630 3341/4118/3629
f 3322/4098/3607 3304/4099/3584 3323/4120/3609 3342/4119/3630
f 3323/4100/3609 3324/4101/3608 3344/4122/3631 3343/4121/3632
f 3324/4101/3608 3325/4102/3610 3345/4123/3633 3344/4122/3631
f 3325/4102/3610 3326/4103/3611 3346/4124/3634 3345/4123/3633
f 3326/4103/3611 3327/4104/3612 3347/4125/3635 3346/4124/3634
f 3327/4104/3612 3328/4105/3613 3348/4126/3636 3347/4125/3635
f 3328/4105/3613 3329/4106/3614 3349/4127/3637 3348/4126/3636
f 3329/4106/3614 3330/4107/3615 3350/4128/3638 3349/4127/3637
f 3330/4107/3615 3331/4108/3616 3351/4129/3639 3350/4128/3638
f 3331/4108/3616 3332/4109/3617 3352/4130/3640 3351/4129/3639
f 3332/4109/3617 3333/4110/3618 3353/4131/3641 3352/4130/3640
f 3333/4110/3618 3334/4111/3619 3354/4132/3642 3353/4131/3641
f 3334/4111/3619 3335/4112/3620 3355/4133/3643 3354/4132/3642
f 3335/4112/3620 3553/4378/3621 3554/4379/3644 3355/4133/3643
f 3336/4113/3645 3337/4114/3646 3357/4135/3647 3356/4134/3648
f 3337/4114/3646 3338/4115/3626 3358/4136/3649 3357/4135/3647
f 3338/4115/3626 3534/4359/3625 3535/4360/3650 3358/4136/3649
f 3339/4116/3628 3340/4117/3627 3360/4138/3651 3359/4137/3652
f 3340/4117/3627 3341/4118/3629 3361/4139/3653 3360/4138/3651
f 3341/4118/3629 3342/4119/3630 3362/4140/3654 3361/4139/3653
f 3342/4119/3630 3323/4120/3609 3343/4141/3632 3362/4140/3654
f 3343/4121/3632 3344/4122/3631 3364/4143/3655 3363/4142/3656
f 3344/4122/3631 3345/4123/3633 3365/4144/3657 3364/4143/3655
f 3345/4123/3633 3346/4124/3634 3366/4145/3658 3365/4144/3657
f 3346/4124/3634 3347/4125/3635 3367/4146/3659 3366/4145/3658
f 3347/4125/3635 3348/4126/3636 3368/4147/3660 3367/4146/3659
f 3348/4126/3636 3349/4127/3637 3369/4148/3661 3368/4147/3660
f 3349/4127/3637 3350/4128/3638 3370/4149/3662 3369/4148/3661
f 3350/4128/3638 3351/4129/3639 3371/4150/3663 3370/4149/3662
f 3351/4129/3639 3352/4130/3640 3372/4151/3664 3371/4150/3663
f 3352/4130/3640 3353/4131/3641 3373/4152/3665 3372/4151/3664
f 3353/4131/3641 3354/4132/3642 3374/4153/3666 3373/4152/3665
f 3354/4132/3642 3355/4133/3643 3375/4154/3667 3374/4153/3666
f 3355/4133/3643 3554/4379/3644 3555/4380/3668 3375/4154/3667
f 3356/4134/3648 3357/4135/3647 3377/4156/3669 3376/4155/3670
f 3357/4135/3647 3358/4136/3649 3378/4157/3671 3377/4156/3669
f 3358/4136/3649 3535/4360/3650 3536/4361/3672 3378/4157/3671
f 3359/4137/3652 3360/4138/3651 3380/4159/3673 3379/4158/3674
f 3360/4138/3651 3361/4139/3653 3381/4160/3675 3380/4159/3673
f 3361/4139/3653 3362/4140/3654 3382/4161/3676 3381/4160/3675
f 3362/4140/3654 3343/4141/3632 3363/4162/3656 3382/4161/3676
f 3384/4164/3677 3385/4163/3678 3363/4142/3656 3364/4143/3655
f 3386/4165/3679 3384/4164/3677 3364/4143/3655 3365/4144/3657
f 3387/4166/3680 3386/4165/3679 3365/4144/3657 3366/4145/3658
f 3388/4167/3681 3387/4166/3680 3366/4145/3658 3367/4146/3659
f 3389/4168/3682 3388/4167/3681 3367/4146/3659 3368/4147/3660
f 3390/4169/3683 3389/4168/3682 3368/4147/3660 3369/4148/3661
f 3391/4170/3684 3390/4169/3683 3369/4148/3661 3370/4149/3662
f 3392/4171/3685 3391/4170/3684 3370/4149/3662 3371/4150/3663
f 3393/4172/3686 3392/4171/3685 3371/4150/3663 3372/4151/3664
f 3394/4173/3687 3393/4172/3686 3372/4151/3664 3373/4152/3665
f 3395/4174/3688 3394/4173/3687 3373/4152/3665 3374/4153/3666
f 3396/4175/3689 3395/4174/3688 3374/4153/3666 3375/4154/3667
f 3556/4381/3690 3396/4175/3689 3375/4154/3667 3555/4380/3668
f 3398/4177/3691 3397/4176/3692 3376/4155/3670 3377/4156/3669
f 3399/4178/3693 3398/4177/3691 3377/4156/3669 3378/4157/3671
f 3537/4362/3694 3399/4178/3693 3378/4157/3671 3536/4361/3672
f 3401/4180/3695 3400/4179/3696 3379/4158/3674 3380/4159/3673
f 3402/4181/3697 3401/4180/3695 3380/4159/3673 3381/4160/3675
f 3403/4182/3698 3402/4181/3697 3381/4160/3675 3382/4161/3676
f 3385/4183/3678 3403/4182/3698 3382/4161/3676 3363/4162/3656
f 3385/4163/3678 3384/4164/3677 3404/4185/3699 3405/4184/3700
f 3384/4164/3677 3386/4165/3679 3406/4186/3701 3404/4185/3699
f 3386/4165/3679 3387/4166/3680 3407/4187/3702 3406/4186/3701
f 3387/4166/3680 3388/4167/3681 3408/4188/3703 3407/4187/3702
f 3388/4167/3681 3389/4168/3682 3409/4189/3704 3408/4188/3703
f 3389/4168/3682 3390/4169/3683 3410/4190/3705 3409/4189/3704
f 3390/4169/3683 3391/4170/3684 3411/4191/3706 3410/4190/3705
f 3391/4170/3684 3392/4171/3685 3412/4192/3707 3411/4191/3706
f 3392/4171/3685 3393/4172/3686 3413/4193/3708 3412/4192/3707
f 3393/4172/3686 3394/4173/3687 3414/4194/3709 3413/4193/3708
f 3394/4173/3687 3395/4174/3688 3415/4195/3710 3414/4194/3709
f 3395/4174/3688 3396/4175/3689 3416/4196/3711 3415/4195/3710
f 3396/4175/3689 3556/4381/3690 3557/4382/3712 3416/4196/3711
f 3397/4176/3692 3398/4177/3691 3418/4198/3713 3417/4197/3714
f 3398/4177/3691 3399/4178/3693 3419/4199/3715 3418/4198/3713
f 3399/4178/3693 3537/4362/3694 3538/4363/3716 3419/4199/3715
f 3400/4179/3696 3401/4180/3695 3421/4201/3717 3420/4200/3718
f 3401/4180/3695 3402/4181/3697 3422/4202/3719 3421/4201/3717
f 3402/4181/3697 3403/4182/3698 3423/4203/3720 3422/4202/3719
f 3403/4182/3698 3385/4183/3678 3405/4204/3700 3423/4203/3720
f 3405/4184/3700 3404/4185/3699 3424/4206/3721 3425/4205/3722
f 3404/4185/3699 3406/4186/3701 3426/4207/3723 3424/4206/3721
f 3406/4186/3701 3407/4187/3702 3427/4208/3724 3426/4207/3723
f 3407/4187/3702 3408/4188/3703 3428/4209/3725 3427/4208/3724
f 3408/4188/3703 3409/4189/3704 3429/4210/3726 3428/4209/3725
f 3409/4189/3704 3410/4190/3705 3430/4211/3727 3429/4210/3726
f 3410/4190/3705 3411/4191/3706 3431/4212/3728 3430/4211/3727
f 3411/4191/3706 3412/4192/3707 3432/4213/3729 3431/4212/3728
f 3412/4192/3707 3413/4193/3708 3433/4214/3730 3432/4213/3729
f 3413/4193/3708 3414/4194/3709 3434/4215/3731 3433/4214/3730
f 3414/4194/3709 3415/4195/3710 3435/4216/3732 3434/4215/3731
f 3415/4195/3710 3416/4196/3711 3436/4217/3733 3435/4216/3732
f 3416/4196/3711 3557/4382/3712 3558/4383/3734 3436/4217/3733
f 3417/4197/3714 3418/4198/3713 3438/4219/3735 3437/4218/3736
f 3418/4198/3713 3419/4199/3715 3439/4220/3737 3438/4219/3735
f 3419/4199/3715 3538/4363/3716 3539/4364/3738 3439/4220/3737
f 3420/4200/3718 3421/4201/3717 3441/4222/3739 3440/4221/3740
f 3421/4201/3717 3422/4202/3719 3442/4223/3741 3441/4222/3739
f 3422/4202/3719 3423/4203/3720 3443/4224/3742 3442/4223/3741
f 3423/4203/3720 3405/4204/3700 3425/4225/3722 3443/4224/3742
f 3425/4205/3722 3424/4206/3721 3444/4227/3743 3445/4226/3744
f 3424/4206/3721 3426/4207/3723 3446/4228/3745 3444/4227/3743
f 3426/4207/3723 3427/4208/3724 3447/4229/3746 3446/4228/3745
f 3427/4208/3724 3428/4209/3725 3448/4230/3747 3447/4229/3746
f 3428/4209/3725 3429/4210/3726 3449/4231/3748 3448/4230/3747
f 3429/4210/3726 3430/4211/3727 3450/4232/3749 3449/4231/3748
f 3430/4211/3727 3431/4212/3728 3451/4233/3750 3450/4232/3749
f 3431/4212/3728 3432/4213/3729 3452/4234/3751 3451/4233/3750
f 3432/4213/3729 3433/4214/3730 3453/4235/3752 3452/4234/3751
f 3433/4214/3730 3434/4215/3731 3454/4236/3753 3453/4235/3752
f 3434/4215/3731 3435/4216/3732 3455/4237/3754 3454/4236/3753
f 3435/4216/3732 3436/4217/3733 3456/4238/3755 3455/4237/3754
f 3436/4217/3733 3558/4383/3734 3559/4384/3756 3456/4238/3755
f 3437/4218/3736 3438/4219/3735 3458/4240/3757 3457/4239/3758
f 3438/4219/3735 3439/4220/3737 3459/4241/3759 3458/4240/3757
f 3439/4220/3737 3539/4364/3738 3540/4365/3760 3459/4241/3759
f 3440/4221/3740 3441/4222/3739 3461/4243/3761 3460/4242/3762
f 3441/4222/3739 3442/4223/3741 3462/4244/3763 3461/4243/3761
f 3442/4223/3741 3443/4224/3742 3463/4245/3764 3462/4244/3763
f 3443/4224/3742 3425/4225/3722 3445/4246/3744 3463/4245/3764
f 3445/4226/3744 3444/4227/3743 3464/4248/3765 3465/4247/3766
f 3444/4227/3743 3446/4228/3745 3466/4249/3767 3464/4248/3765
f 3446/4228/3745 3447/4229/3746 3467/4250/3768 3466/4249/3767
f 3447/4229/3746 3448/4230/3747 3468/4251/3769 3467/4250/3768
f 3448/4230/3747 3449/4231/3748 3469/4252/3770 3468/4251/3769
f 3449/4231/3748 3450/4232/3749 3470/4253/3771 3469/4252/3770
f 3450/4232/3749 3451/4233/3750 3471/4254/3772 3470/4253/3771
f 3451/4233/3750 3452/4234/3751 3472/4255/3773 3471/4254/3772
f 3452/4234/3751 3453/4235/3752 3473/4256/3774 3472/4255/3773
f 3453/4235/3752 3454/4236/3753 3474/4257/3775 3473/4256/3774
f 3454/4236/3753 3455/4237/3754 3475/4258/3776 3474/4257/3775
f 3455/4237/3754 3456/4238/3755 3476/4259/3777 3475/4258/3776
f 3456/4238/3755 3559/4384/3756 3560/4385/3778 3476/4259/3777
f 3457/4239/3758 3458/4240/3757 3478/4261/3779 3477/4260/3780
f 3458/4240/3757 3459/4241/3759 3479/4262/3781 3478/4261/3779
f 3459/4241/3759 3540/4365/3760 3541/4366/3782 3479/4262/3781
f 3460/4242/3762 3461/4243/3761 3481/4264/3783 3480/4263/3784
f 3461/4243/3761 3462/4244/3763 3482/4265/3785 3481/4264/3783
f 3462/4244/3763 3463/4245/3764 3483/4266/3786 3482/4265/3785
f 3463/4245/3764 3445/4246/3744 3465/4267/3766 3483/4266/3786
f 3465/4247/3766 3464/4248/3765 3484/4269/3787 3485/4268/3788
f 3464/4248/3765 3466/4249/3767 3486/4270/3789 3484/4269/3787
f 3466/4249/3767 3467/4250/3768 3487/4271/3790 3486/4270/3789
f 3467/4250/3768 3468/4251/3769 3488/4272/3791 3487/4271/3790
f 3468/4251/3769 3469/4252/3770 3489/4273/3792 3488/4272/3791
f 3469/4252/3770 3470/4253/3771 3490/4274/3793 3489/4273/3792
f 3470/4253/3771 3471/4254/3772 3491/4275/3794 3490/4274/3793
f 3471/4254/3772 3472/4255/3773 3492/4276/3795 3491/4275/3794
f 3472/4255/3773 3473/4256/3774 3493/4277/3796 3492/4276/3795
f 3473/4256/3774 3474/4257/3775 3494/4278/3797 3493/4277/3796
f 3474/4257/3775 3475/4258/3776 3495/4279/3798 3494/4278/3797
f 3475/4258/3776 3476/4259/3777 3496/4280/3799 3495/4279/3798
f 3476/4259/3777 3560/4385/3778 3561/4386/3800 3496/4280/3799
f 3477/4260/3780 3478/4261/3779 3498/4282/3801 3497/4281/3802
f 3478/4261/3779 3479/4262/3781 3499/4283/3803 3498/4282/3801
f 3479/4262/3781 3541/4366/3782 3542/4367/3804 3499/4283/3803
f 3480/4263/3784 3481/4264/3783 3501/4285/3805 3500/4284/3806
f 3481/4264/3783 3482/4265/3785 3502/4286/3807 3501/4285/3805
f 3482/4265/3785 3483/4266/3786 3503/4287/3808 3502/4286/3807
f 3483/4266/3786 3465/4267/3766 3485/4288/3788 3503/4287/3808
f 3485/4268/3788 3484/4269/3787 3504/4290/3809 3505/4289/3810
f 3484/4269/3787 3486/4270/3789 3506/4291/3811 3504/4290/3809
f 3486/4270/3789 3487/4271/3790 3507/4292/3812 3506/4291/3811
f 3487/4271/3790 3488/4272/3791 3508/4293/3813 3507/4292/3812
f 3488/4272/3791 3489/4273/3792 3509/4294/3814 3508/4293/3813
f 3489/4273/3792 3490/4274/3793 3510/4295/3815 3509/4294/3814
f 3490/4274/3793 3491/4275/3794 3511/4296/3816 3510/4295/3815
f 3491/4275/3794 3492/4276/3795 3512/4297/3817 3511/4296/3816
f 3492/4276/3795 3493/4277/3796 3513/4298/3818 3512/4297/3817
f 3493/4277/3796 3494/4278/3797 3514/4299/3819 3513/4298/3818
f 3494/4278/3797 3495/4279/3798 3515/4300/3820 3514/4299/3819
f 3495/4279/3798 3496/4280/3799 3516/4301/3821 3515/4300/3820
f 3496/4280/3799 3561/4386/3800 3562/4387/3822 3516/4301/3821
f 3497/4281/3802 3498/4282/3801 3518/4303/3823 3517/4302/3824
f 3498/4282/3801 3499/4283/3803 3519/4304/3825 3518/4303/3823
f 3499/4283/3803 3542/4367/3804 3543/4368/3826 3519/4304/3825
f 3500/4284/3806 3501/4285/3805 3521/4306/3827 3520/4305/3828
f 3501/4285/3805 3502/4286/3807 3522/4307/3829 3521/4306/3827
f 3502/4286/3807 3503/4287/3808 3523/4308/3830 3522/4307/3829
f 3503/4287/3808 3485/4288/3788 3505/4309/3810 3523/4308/3830
f 3149/3912/3401 3148/3911/3400 3383/4310/3831
f 3150/3913/3404 3149/3912/3401 3383/4311/3831
f 3151/3914/3406 3150/3913/3404 3383/4312/3831
f 3152/3915/3408 3151/3914/3406 3383/4313/3831
f 3153/3916/3410 3152/3915/3408 3383/4314/3831
f 3154/3917/3412 3153/3916/3410 3383/4315/3831
f 3155/3918/3414 3154/3917/3412 3383/4316/3831
f 3156/3919/3416 3155/3918/3414 3383/4317/3831
f 3157/3920/3418 3156/3919/3416 3383/4318/3831
f 3158/3921/3420 3157/3920/3418 3383/4319/3831
f 3159/3922/3422 3158/3921/3420 3383/4320/3831
f 3160/3923/3424 3159/3922/3422 3383/4321/3831
f 3161/3924/3428 3544/4369/3426 3160/3923/3424 3383/4322/3831
f 3162/3925/3429 3161/3924/3428 3383/4323/3831
f 3163/3926/3432 3162/3925/3429 3383/4324/3831
f 3164/3927/3436 3525/4350/3434 3163/3926/3432 3383/4325/3831
f 3165/3928/3437 3164/3927/3436 3383/4326/3831
f 3166/3929/3440 3165/3928/3437 3383/4327/3831
f 3167/3930/3442 3166/3929/3440 3383/4328/3831
f 3148/3931/3400 3167/3930/3442 3383/4329/3831
f 3505/4289/3810 3504/4290/3809 3524/4330/3832
f 3504/4290/3809 3506/4291/3811 3524/4331/3832
f 3506/4291/3811 3507/4292/3812 3524/4332/3832
f 3507/4292/3812 3508/4293/3813 3524/4333/3832
f 3508/4293/3813 3509/4294/3814 3524/4334/3832
f 3509/4294/3814 3510/4295/3815 3524/4335/3832
f 3510/4295/3815 3511/4296/3816 3524/4336/3832
f 3511/4296/3816 3512/4297/3817 3524/4337/3832
f 3512/4297/3817 3513/4298/3818 3524/4338/3832
f 3513/4298/3818 3514/4299/3819 3524/4339/3832
f 3514/4299/3819 3515/4300/3820 3524/4340/3832
f 3515/4300/3820 3516/4301/3821 3524/4341/3832
f 3516/4301/3821 3562/4387/3822 3517/4302/3824 3524/4342/3832
f 3517/4302/3824 3518/4303/3823 3524/4343/3832
f 3518/4303/3823 3519/4304/3825 3524/4344/3832
f 3519/4304/3825 3543/4368/3826 3520/4305/3828 3524/4345/3832
f 3520/4305/3828 3521/4306/3827 3524/4346/3832
f 3521/4306/3827 3522/4307/3829 3524/4347/3832
f 3522/4307/3829 3523/4308/3830 3524/4348/3832
f 3523/4308/3830 3505/4309/3810 3524/4349/3832
f 3525/4350/3434 3164/3927/3436 3184/3948/3439 3526/4351/3435
f 3527/4352/3461 3526/4351/3435 3184/3948/3439 3204/3969/3463
f 3528/4353/3483 3527/4352/3461 3204/3969/3463 3224/3990/3485
f 3529/4354/3505 3528/4353/3483 3224/3990/3485 3244/4011/3507
f 3530/4355/3527 3529/4354/3505 3244/4011/3507 3264/4032/3529
f 3531/4356/3833 3530/4355/3527 3264/4032/3529 3281/4053/3557
f 3532/4357/3601 3531/4356/3833 3281/4053/3557 3300/4074/3580
f 3533/4358/3602 3532/4357/3601 3300/4074/3580 3319/4095/3605
f 3534/4359/3625 3533/4358/3602 3319/4095/3605 3339/4116/3628
f 3535/4360/3650 3534/4359/3625 3339/4116/3628 3359/4137/3652
f 3536/4361/3672 3535/4360/3650 3359/4137/3652 3379/4158/3674
f 3400/4179/3696 3537/4362/3694 3536/4361/3672 3379/4158/3674
f 3538/4363/3716 3537/4362/3694 3400/4179/3696 3420/4200/3718
f 3539/4364/3738 3538/4363/3716 3420/4200/3718 3440/4221/3740
f 3540/4365/3760 3539/4364/3738 3440/4221/3740 3460/4242/3762
f 3541/4366/3782 3540/4365/3760 3460/4242/3762 3480/4263/3784
f 3542/4367/3804 3541/4366/3782 3480/4263/3784 3500/4284/3806
f 3543/4368/3826 3542/4367/3804 3500/4284/3806 3520/4305/3828
f 3544/4369/3426 3161/3924/3428 3181/3945/3431 3545/4370/3427
f 3546/4371/3457 3545/4370/3427 3181/3945/3431 3201/3966/3459
f 3547/4372/3479 3546/4371/3457 3201/3966/3459 3221/3987/3481
f 3548/4373/3501 3547/4372/3479 3221/3987/3481 3241/4008/3503
f 3549/4374/3523 3548/4373/3501 3241/4008/3503 3261/4029/3525
f 3579/4401/3834 3578/4402/3835 3563/4388/3836 3565/4050/3837
f 3580/4403/3838 3579/4401/3834 3565/4050/3837 3570/4396/3839
f 3552/4377/3596 3551/4376/3573 3298/4071/3840 3317/4092/3841
f 3553/4378/3621 3552/4377/3596 3317/4092/3841 3336/4113/3645
f 3554/4379/3644 3553/4378/3621 3336/4113/3645 3356/4134/3648
f 3555/4380/3668 3554/4379/3644 3356/4134/3648 3376/4155/3670
f 3397/4176/3692 3556/4381/3690 3555/4380/3668 3376/4155/3670
f 3557/4382/3712 3556/4381/3690 3397/4176/3692 3417/4197/3714
f 3558/4383/3734 3557/4382/3712 3417/4197/3714 3437/4218/3736
f 3559/4384/3756 3558/4383/3734 3437/4218/3736 3457/4239/3758
f 3560/4385/3778 3559/4384/3756 3457/4239/3758 3477/4260/3780
f 3561/4386/3800 3560/4385/3778 3477/4260/3780 3497/4281/3802
f 3562/4387/3822 3561/4386/3800 3497/4281/3802 3517/4302/3824
f 3261/4029/3525 3262/4030/3524 3629/4450/3842 3630/4451/3843
f 3262/4030/3524 3263/4031/3526 3628/4449/3844 3629/4450/3842
f 3263/4031/3526 3530/4355/3527 3627/4448/3845 3628/4449/3844
f 3658/4480/3846 3659/4481/3847 3660/4447/3848 3661/4482/3849
f 3659/4481/3847 3662/4483/3850 3663/4484/3851 3660/4447/3848
f 3532/4357/3601 3299/4073/3600 3625/4445/3852 3626/4446/3853
f 3317/4092/3841 3298/4071/3840 3633/4455/3854 3620/4440/3855
f 3299/4073/3600 3318/4094/3603 3624/4444/3856 3625/4445/3852
f 3337/4114/3646 3336/4113/3645 3621/4441/3857 3622/4442/3858
f 3336/4113/3645 3317/4092/3841 3620/4440/3855 3621/4441/3857
f 3318/4094/3603 3338/4115/3626 3623/4443/3859 3624/4444/3856
f 3338/4115/3626 3337/4114/3646 3622/4442/3858 3623/4443/3859
f 3668/4485/3860 3667/4486/3861 3669/4487/3862 3670/4453/3863
f 3549/4374/3523 3261/4029/3525 3630/4451/3843 3631/4452/3864
f 3671/4488/3865 3668/4485/3860 3670/4453/3863 3672/4489/3866
f 3298/4071/3840 3551/4376/3573 3632/4454/3867 3633/4455/3854
f 3563/4388/3836 3564/4389/3868 3651/4473/3869 3652/4474/3870
f 3565/4050/3837 3563/4388/3836 3652/4474/3870 3653/4475/3871
f 3564/4389/3868 3566/4390/3552 3650/4472/3872 3651/4473/3869
f 3566/4390/3552 3567/4052/3555 3649/4471/3873 3650/4472/3872
f 3570/4396/3839 3565/4050/3837 3653/4475/3871 3654/4476/3874
f 3567/4052/3555 3571/4394/3578 3648/4470/3875 3649/4471/3873
f 3573/4395/3876 3570/4396/3839 3654/4476/3874 3655/4477/3877
f 3571/4394/3578 3574/4397/3878 3647/4469/3879 3648/4470/3875
f 3575/4398/3880 3576/4399/3881 3656/4478/3882 3657/4479/3883
f 3576/4399/3881 3573/4395/3876 3655/4477/3877 3656/4478/3882
f 3574/4397/3878 3577/4400/3884 3646/4468/3885 3647/4469/3879
f 3577/4400/3884 3575/4398/3880 3657/4479/3883 3646/4468/3885
f 3581/4404/3886 3582/4405/3887 3639/4461/3888 3640/4462/3889
f 3583/4406/3890 3581/4404/3886 3640/4462/3889 3641/4463/3891
f 3582/4405/3887 3584/4407/3892 3638/4460/3893 3639/4461/3888
f 3584/4407/3892 3585/4408/3894 3637/4459/3895 3638/4460/3893
f 3586/4409/3896 3583/4406/3890 3641/4463/3891 3642/4464/3897
f 3585/4408/3894 3587/4410/3898 3636/4458/3899 3637/4459/3895
f 3588/4411/3900 3586/4409/3896 3642/4464/3897 3643/4465/3901
f 3587/4410/3898 3589/4412/3902 3635/4457/3903 3636/4458/3899
f 3590/4413/3904 3591/4414/3905 3644/4466/3906 3645/4467/3907
f 3591/4414/3905 3588/4411/3900 3643/4465/3901 3644/4466/3906
f 3589/4412/3902 3592/4415/3908 3634/4456/3909 3635/4457/3903
f 3592/4415/3908 3590/4413/3904 3645/4467/3907 3634/4456/3909
f 3593/4416/3910 3594/4417/3911 3606/4429/3547 3605/4428/3546
f 3595/4418/3912 3593/4416/3910 3605/4428/3546 3608/4430/3549
f 3594/4417/3911 3596/4419/3913 3609/4431/3550 3606/4429/3547
f 3596/4419/3913 3597/4420/3914 3610/4432/3551 3609/4431/3550
f 3598/4421/3915 3595/4418/3912 3608/4430/3549 3612/4433/3575
f 3597/4420/3914 3599/4422/3916 3613/4434/3576 3610/4432/3551
f 3600/4423/3917 3598/4421/3915 3612/4433/3575 3615/4435/3598
f 3599/4422/3916 3601/4424/3918 3616/4436/3599 3613/4434/3576
f 3602/4425/3919 3603/4426/3920 3618/4438/3623 3617/4437/3622
f 3603/4426/3920 3600/4423/3917 3615/4435/3598 3618/4438/3623
f 3601/4424/3918 3604/4427/3921 3619/4439/3624 3616/4436/3599
f 3604/4427/3921 3602/4425/3919 3617/4437/3622 3619/4439/3624
f 3621/4441/3857 3620/4440/3855 3573/4395/3876 3576/4399/3881
f 3622/4442/3858 3621/4441/3857 3576/4399/3881 3575/4398/3880
f 3623/4443/3859 3622/4442/3858 3575/4398/3880 3577/4400/3884
f 3624/4444/3856 3623/4443/3859 3577/4400/3884 3574/4397/3878
f 3625/4445/3852 3624/4444/3856 3574/4397/3878 3571/4394/3578
f 3626/4446/3853 3625/4445/3852 3571/4394/3578 3572/4393/3577
f 3660/4447/3848 3663/4484/3851 3664/4490/3922 3665/4491/3923
f 3661/4482/3849 3660/4447/3848 3665/4491/3923 3666/4492/3924
f 3628/4449/3844 3627/4448/3845 3568/4391/3553 3566/4390/3552
f 3629/4450/3842 3628/4449/3844 3566/4390/3552 3564/4389/3868
f 3630/4451/3843 3629/4450/3842 3564/4389/3868 3563/4388/3836
f 3631/4452/3864 3630/4451/3843 3563/4388/3836 3578/4402/3835
f 3670/4453/3863 3669/4487/3862 3673/4493/3925 3674/4494/3926
f 3672/4489/3866 3670/4453/3863 3674/4494/3926 3675/4495/3927
f 3633/4455/3854 3632/4454/3867 3580/4403/3838 3570/4396/3839
f 3620/4440/3855 3633/4455/3854 3570/4396/3839 3573/4395/3876
f 3635/4457/3903 3634/4456/3909 3604/4427/3921 3601/4424/3918
f 3636/4458/3899 3635/4457/3903 3601/4424/3918 3599/4422/3916
f 3637/4459/3895 3636/4458/3899 3599/4422/3916 3597/4420/3914
f 3638/4460/3893 3637/4459/3895 3597/4420/3914 3596/4419/3913
f 3639/4461/3888 3638/4460/3893 3596/4419/3913 3594/4417/3911
f 3640/4462/3889 3639/4461/3888 3594/4417/3911 3593/4416/3910
f 3641/4463/3891 3640/4462/3889 3593/4416/3910 3595/4418/3912
f 3642/4464/3897 3641/4463/3891 3595/4418/3912 3598/4421/3915
f 3643/4465/3901 3642/4464/3897 3598/4421/3915 3600/4423/3917
f 3644/4466/3906 3643/4465/3901 3600/4423/3917 3603/4426/3920
f 3645/4467/3907 3644/4466/3906 3603/4426/3920 3602/4425/3919
f 3634/4456/3909 3645/4467/3907 3602/4425/3919 3604/4427/3921
f 3647/4469/3879 3646/4468/3885 3592/4415/3908 3589/4412/3902
f 3648/4470/3875 3647/4469/3879 3589/4412/3902 3587/4410/3898
f 3649/4471/3873 3648/4470/3875 3587/4410/3898 3585/4408/3894
f 3650/4472/3872 3649/4471/3873 3585/4408/3894 3584/4407/3892
f 3651/4473/3869 3650/4472/3872 3584/4407/3892 3582/4405/3887
f 3652/4474/3870 3651/4473/3869 3582/4405/3887 3581/4404/3886
f 3653/4475/3871 3652/4474/3870 3581/4404/3886 3583/4406/3890
f 3654/4476/3874 3653/4475/3871 3583/4406/3890 3586/4409/3896
f 3655/4477/3877 3654/4476/3874 3586/4409/3896 3588/4411/3900
f 3656/4478/3882 3655/4477/3877 3588/4411/3900 3591/4414/3905
f 3657/4479/3883 3656/4478/3882 3591/4414/3905 3590/4413/3904
f 3646/4468/3885 3657/4479/3883 3590/4413/3904 3592/4415/3908
f 3530/4355/3527 3531/4356/3833 3659/4481/3847 3658/4480/3846
f 3627/4448/3845 3530/4355/3527 3658/4480/3846 3661/4482/3849
f 3531/4356/3833 3532/4357/3601 3662/4483/3850 3659/4481/3847
f 3532/4357/3601 3626/4446/3853 3663/4484/3851 3662/4483/3850
f 3626/4375/3853 3572/4374/3577 3664/4486/3922 3663/4485/3851
f 3572/4374/3577 3569/4452/3554 3665/4487/3923 3664/4486/3922
f 3569/4376/3554 3568/4375/3553 3666/4485/3924 3665/4488/3923
f 3568/4454/3553 3627/4376/3845 3661/4488/3849 3666/4489/3924
f 3550/4446/3545 3549/4393/3523 3667/4490/3861 3668/4484/3860
f 3549/4393/3523 3631/4392/3864 3669/4491/3862 3667/4490/3861
f 3551/4392/3573 3550/4391/3545 3668/4492/3860 3671/4491/3865
f 3632/4391/3867 3551/4448/3573 3671/4482/3865 3672/4492/3866
f 3631/4452/3864 3578/4402/3835 3673/4493/3925 3669/4487/3862
f 3578/4402/3835 3579/4401/3834 3674/4494/3926 3673/4493/3925
f 3579/4401/3834 3580/4403/3838 3675/4495/3927 3674/4494/3926
f 3580/4403/3838 3632/4454/3867 3672/4489/3866 3675/4495/3927
f 3231/3998/3491 3211/3977/3469 3212/3978/3471 3232/3999/3493
f 3192/3957/3448 3212/3978/3471 3211/3977/3469 3191/3956/3447
